id,scene,category,name,x,y,z,quest_names,quest_roles,container_id,active_self,active_in_hierarchy,juice_flavour,juice_number,object_name,hierarchy,component_type,component_path_id,source_file,notes
level6:192687,Autumn,Chest,SM_Prop_Chest_Wood_01 (45),-30.315001,0.043,41.841,,,,True,True,,,SM_Prop_Chest_Wood_01 (45),Environment/MISC/Chests/SM_Prop_Chest_Wood_01 (45),ChestOpen,192687,level6,
level6:192703,Autumn,Quest pickup,can-beans-open (1),-799.693542,3.068777,-192.674652,Crockery Collection!,pickup,,True,True,,,can-beans-open (1),Environment/Manmade/Residential/Large Camps/Kids Camp/Table Collection/Holder/can-beans-open (1),CollectableQuestItem,192703,level6,
level6:192722,Autumn,Chest,SM_Prop_Chest_Wood_01 (20),-843.372986,0.01,-339.321991,,,,False,False,,,SM_Prop_Chest_Wood_01 (20),Environment/MISC/Chests/SM_Prop_Chest_Wood_01 (20),ChestOpen,192722,level6,
level6:192752,Autumn,Chest,SM_Prop_Chest_Wood_01 (25),-573.013977,16.872999,240.171005,,,,True,True,,,SM_Prop_Chest_Wood_01 (25),Environment/MISC/Chests/SM_Prop_Chest_Wood_01 (25),ChestOpen,192752,level6,
level6:192809,Autumn,Chest,SM_Prop_Chest_Wood_01 (32),-37.834,63.416,358.175995,,,,True,True,,,SM_Prop_Chest_Wood_01 (32),Environment/MISC/Chests/SM_Prop_Chest_Wood_01 (32),ChestOpen,192809,level6,
level6:192822,Autumn,Quest pickup,plate-enamel (5),-788.262817,3.2148,-186.915207,Crockery Collection!,pickup,,True,True,,,plate-enamel (5),Environment/Manmade/Residential/Large Camps/Kids Camp/Table Collection/Holder/plate-enamel (5),CollectableQuestItem,192822,level6,
level6:192839,Autumn,Quest pickup,plate-enamel (8),-785.619995,3.2148,-185.110001,Crockery Collection!,pickup,,True,True,,,plate-enamel (8),Environment/Manmade/Residential/Large Camps/Kids Camp/Table Collection/Holder/plate-enamel (8),CollectableQuestItem,192839,level6,
level6:192878,Autumn,Chest,SM_Prop_Chest_Wood_01 (19),-826.491028,1.964,-433.186554,,,,True,True,,,SM_Prop_Chest_Wood_01 (19),Environment/MISC/Chests/SM_Prop_Chest_Wood_01 (19),ChestOpen,192878,level6,
level6:192960,Autumn,NPC,ByStander1,-242.728771,2.4094,477.857417,,,,False,False,,,ByStander1,Frog Folder/Misc/Drifting Tractors/ByStander1,NpcBase,192960,level6,
level6:192998,Autumn,Chest,SM_Prop_Chest_Wood_01 (16),-141.552002,40.102001,-296.868988,,,,True,True,,,SM_Prop_Chest_Wood_01 (16),Environment/MISC/Chests/SM_Prop_Chest_Wood_01 (16),ChestOpen,192998,level6,
level6:193016,Autumn,NPC,Sitting Frog,-203.234359,3.320888,45.70254,,,,False,False,,,Sitting Frog,Environment/Nature/Water/Water/Ponds/Sitting Frog,NpcBase,193016,level6,
level6:193035,Autumn,Chest,SM_Prop_Chest_Wood_01 (35),-821.528992,217.856995,-310.494995,,,,True,True,,,SM_Prop_Chest_Wood_01 (35),Environment/MISC/Chests/SM_Prop_Chest_Wood_01 (35),ChestOpen,193035,level6,
level6:193067,Autumn,NPC,ScaredFrog1,-148.387699,60.055363,-255.967643,,,,False,False,,,ScaredFrog1,Frog Folder/Misc/Spooky Area/ScaredFrog1,NpcBase,193067,level6,
level6:193082,Autumn,Polaroid,PolaroidCollectable 1,-833.309967,74.953506,-112.109619,,,,True,True,,,PolaroidCollectable 1,PhotoStuff/Collectables/PolaroidCollectable 1,CollectablePolaroid,193082,level6,
level6:193182,Autumn,Quest pickup,cup-small (5),-786.609985,3.151,-185.949005,Crockery Collection!,pickup,,True,True,,,cup-small (5),Environment/Manmade/Residential/Large Camps/Kids Camp/Table Collection/Holder/cup-small (5),CollectableQuestItem,193182,level6,
level6:193251,Autumn,Chest,SM_Prop_Chest_Wood_01 (11),-263.247009,16.548,413.584991,,,,True,True,,,SM_Prop_Chest_Wood_01 (11),Environment/MISC/Chests/SM_Prop_Chest_Wood_01 (11),ChestOpen,193251,level6,
level6:193348,Autumn,Quest pickup,plate-enamel,-799.950928,3.108486,-189.884186,Crockery Collection!,pickup,,True,True,,,plate-enamel,Environment/Manmade/Residential/Large Camps/Kids Camp/Table Collection/Holder/plate-enamel,CollectableQuestItem,193348,level6,
level6:193369,Autumn,Quest pickup,teapot (1),-793.900024,3.094,-190.505997,Crockery Collection!,pickup,,True,True,,,teapot (1),Environment/Manmade/Residential/Large Camps/Kids Camp/Table Collection/Holder/teapot (1),CollectableQuestItem,193369,level6,
level6:193371,Autumn,Chest,SM_Prop_Chest_Wood_01 (22),-900.02002,0.94,220.389999,,,,True,True,,,SM_Prop_Chest_Wood_01 (22),Environment/MISC/Chests/SM_Prop_Chest_Wood_01 (22),ChestOpen,193371,level6,
level6:193426,Autumn,Quest pickup,water-bottles-pack (2),-787.305054,3.098,-187.770004,Crockery Collection!,pickup,,True,True,,,water-bottles-pack (2),Environment/Manmade/Residential/Large Camps/Kids Camp/Table Collection/Holder/water-bottles-pack (2),CollectableQuestItem,193426,level6,
level6:193434,Autumn,Chest,SM_Prop_Chest_Wood_01 (18),-455.091003,2.883,-402.359009,,,,True,True,,,SM_Prop_Chest_Wood_01 (18),Environment/MISC/Chests/SM_Prop_Chest_Wood_01 (18),ChestOpen,193434,level6,
level6:193463,Autumn,Quest pickup,coffee-cup,-799.299988,3.067,-192.600006,Crockery Collection!,pickup,,True,True,,,coffee-cup,Environment/Manmade/Residential/Large Camps/Kids Camp/Table Collection/Holder/coffee-cup,CollectableQuestItem,193463,level6,
level6:193571,Autumn,Chest,SM_Prop_Chest_Wood_01 (44),-262.600006,4.17,205.679993,,,,True,True,,,SM_Prop_Chest_Wood_01 (44),Environment/MISC/Chests/SM_Prop_Chest_Wood_01 (44),ChestOpen,193571,level6,
level6:193585,Autumn,Quest pickup,can-beans-open,-787.5,3.135,-186.639999,Crockery Collection!,pickup,,True,True,,,can-beans-open,Environment/Manmade/Residential/Large Camps/Kids Camp/Table Collection/Holder/can-beans-open,CollectableQuestItem,193585,level6,
level6:193599,Autumn,Chest,SM_Prop_Chest_Wood_01 (1),-622.945984,177.600998,181.667007,,,,True,True,,,SM_Prop_Chest_Wood_01 (1),Environment/MISC/Chests/SM_Prop_Chest_Wood_01 (1),ChestOpen,193599,level6,
level6:193609,Autumn,Chest,SM_Prop_Chest_Wood_01 (12),-24.729,0.219,517.744995,,,,True,True,,,SM_Prop_Chest_Wood_01 (12),Environment/MISC/Chests/SM_Prop_Chest_Wood_01 (12),ChestOpen,193609,level6,
level6:193636,Autumn,Quest pickup,apple,-799.900024,3.05,-191.080734,Crockery Collection!,pickup,,True,True,,,apple,Environment/Manmade/Residential/Large Camps/Kids Camp/Table Collection/Holder/apple,CollectableQuestItem,193636,level6,
level6:193712,Autumn,Chest,SM_Prop_Chest_Wood_01 (43),-627.821411,59.939999,466.806152,,,,True,True,,,SM_Prop_Chest_Wood_01 (43),Environment/MISC/Chests/SM_Prop_Chest_Wood_01 (43),ChestOpen,193712,level6,
level6:193733,Autumn,Quest pickup,plate-enamel (2),-800.432007,3.108486,-190.727005,Crockery Collection!,pickup,,True,True,,,plate-enamel (2),Environment/Manmade/Residential/Large Camps/Kids Camp/Table Collection/Holder/plate-enamel (2),CollectableQuestItem,193733,level6,
level6:193743,Autumn,Quest pickup,plate-enamel (7),-784.549988,3.2148,-185.990005,Crockery Collection!,pickup,,True,True,,,plate-enamel (7),Environment/Manmade/Residential/Large Camps/Kids Camp/Table Collection/Holder/plate-enamel (7),CollectableQuestItem,193743,level6,
level6:193776,Autumn,Quest pickup,plate-enamel (3),-791.789978,3.2148,-188.539993,Crockery Collection!,pickup,,True,True,,,plate-enamel (3),Environment/Manmade/Residential/Large Camps/Kids Camp/Table Collection/Holder/plate-enamel (3),CollectableQuestItem,193776,level6,
level6:193807,Autumn,NPC,Frog,-317.080505,0.610888,88.748871,,,,False,False,,,Frog,Environment/Manmade/Residential/Misc Manmade Areas/Drifting Tractors/~People~/Frog,NpcBase,193807,level6,
level6:193858,Autumn,Quest pickup,plate-enamel (4),-792.440002,3.2148,-188.979996,Crockery Collection!,pickup,,True,True,,,plate-enamel (4),Environment/Manmade/Residential/Large Camps/Kids Camp/Table Collection/Holder/plate-enamel (4),CollectableQuestItem,193858,level6,
level6:193868,Autumn,Quest pickup,plates-deep-stack-summer-camp (2),-800.312927,3.05,-191.218002,Crockery Collection!,pickup,,True,True,,,plates-deep-stack-summer-camp (2),Environment/Manmade/Residential/Large Camps/Kids Camp/Table Collection/Holder/plates-deep-stack-summer-camp (2),CollectableQuestItem,193868,level6,
level6:193879,Autumn,Chest,SM_Prop_Chest_Wood_01 (5),-699.844971,2.163,-237.522003,,,,True,True,,,SM_Prop_Chest_Wood_01 (5),Environment/MISC/Chests/SM_Prop_Chest_Wood_01 (5),ChestOpen,193879,level6,
level6:193884,Autumn,Chest,SM_Prop_Chest_Wood_01 (24),-687.5,4.49,234.160004,,,,True,True,,,SM_Prop_Chest_Wood_01 (24),Environment/MISC/Chests/SM_Prop_Chest_Wood_01 (24),ChestOpen,193884,level6,
level6:193923,Autumn,Quest pickup,can-beans,-799.914612,3.069001,-193.150101,Crockery Collection!,pickup,,True,True,,,can-beans,Environment/Manmade/Residential/Large Camps/Kids Camp/Table Collection/Holder/can-beans,CollectableQuestItem,193923,level6,
level6:193926,Autumn,Chest,SM_Prop_Chest_Wood_01 (39),-355.412506,147.884537,-146.9944,,,,True,True,,,SM_Prop_Chest_Wood_01 (39),Environment/MISC/Chests/SM_Prop_Chest_Wood_01 (39),ChestOpen,193926,level6,
level6:194004,Autumn,Quest pickup,cup-small (1),-793.649475,3.16,-189.473007,Crockery Collection!,pickup,,True,True,,,cup-small (1),Environment/Manmade/Residential/Large Camps/Kids Camp/Table Collection/Holder/cup-small (1),CollectableQuestItem,194004,level6,
level6:194013,Autumn,Chest,SM_Prop_Chest_Wood_01 (37),-83.699997,3.110926,452.85434,,,level6:202503,False,False,,,SM_Prop_Chest_Wood_01 (37),Environment/MISC/Suitcase/Full/suitcase-big (5)/Container OBJ/SM_Prop_Chest_Wood_01 (37),ChestOpen,194013,level6,
level6:194176,Autumn,Chest,SM_Prop_Chest_Wood_01 (4),-862.070007,64.921997,-182.690002,,,,True,True,,,SM_Prop_Chest_Wood_01 (4),Environment/MISC/Chests/SM_Prop_Chest_Wood_01 (4),ChestOpen,194176,level6,
level6:194216,Autumn,Chest,SM_Prop_Chest_Wood_01 (38),-549.033997,3.947,-306.459991,,,,True,True,,,SM_Prop_Chest_Wood_01 (38),Environment/MISC/Chests/SM_Prop_Chest_Wood_01 (38),ChestOpen,194216,level6,
level6:194292,Autumn,Chest,SM_Prop_Chest_Wood_01 (41),-639.419983,59.933998,478.320007,,,,True,True,,,SM_Prop_Chest_Wood_01 (41),Environment/MISC/Chests/SM_Prop_Chest_Wood_01 (41),ChestOpen,194292,level6,
level6:194298,Autumn,Chest,SM_Prop_Chest_Wood_01 (9),-267.399994,6.948,139.076004,,,,True,True,,,SM_Prop_Chest_Wood_01 (9),Environment/MISC/Chests/SM_Prop_Chest_Wood_01 (9),ChestOpen,194298,level6,
level6:194346,Autumn,Quest pickup,cup-small (6),-786.609985,3.168,-187.244003,Crockery Collection!,pickup,,True,True,,,cup-small (6),Environment/Manmade/Residential/Large Camps/Kids Camp/Table Collection/Holder/cup-small (6),CollectableQuestItem,194346,level6,
level6:194348,Autumn,Chest,SM_Prop_Chest_Wood_01 (14),-34.719002,3.482,79.490997,,,,True,True,,,SM_Prop_Chest_Wood_01 (14),Environment/MISC/Chests/SM_Prop_Chest_Wood_01 (14),ChestOpen,194348,level6,
level6:194384,Autumn,Chest,SM_Prop_Chest_Wood_01 (23),-700.973999,17.899,79.468002,,,,True,True,,,SM_Prop_Chest_Wood_01 (23),Environment/MISC/Chests/SM_Prop_Chest_Wood_01 (23),ChestOpen,194384,level6,
level6:194391,Autumn,Quest pickup,cup-small (4),-789.338013,3.158,-188.977005,Crockery Collection!,pickup,,True,True,,,cup-small (4),Environment/Manmade/Residential/Large Camps/Kids Camp/Table Collection/Holder/cup-small (4),CollectableQuestItem,194391,level6,
level6:194401,Autumn,Chest,SM_Prop_Chest_Wood_01 (7),-648.950012,179.360001,-116.360001,,,,True,True,,,SM_Prop_Chest_Wood_01 (7),Environment/MISC/Chests/SM_Prop_Chest_Wood_01 (7),ChestOpen,194401,level6,
level6:194416,Autumn,NPC,Drifter1,-259.955147,4.079366,479.167029,,,,False,False,,,Drifter1,Environment/Manmade/Residential/Misc Manmade Areas/Drifting Tractors/~LargeStuff~/Spinner/tractor (5)/Drifter1,NpcBase,194416,level6,
level6:194431,Autumn,Chest,SM_Prop_Chest_Wood_01 (28),-534.731995,76.404999,556.547974,,,,True,True,,,SM_Prop_Chest_Wood_01 (28),Environment/MISC/Chests/SM_Prop_Chest_Wood_01 (28),ChestOpen,194431,level6,
level6:194439,Autumn,Chest,SM_Prop_Chest_Wood_01 (36),-589.893005,138.893005,206.585007,,,,True,True,,,SM_Prop_Chest_Wood_01 (36),Environment/MISC/Chests/SM_Prop_Chest_Wood_01 (36),ChestOpen,194439,level6,
level6:194462,Autumn,Chest,SM_Prop_Chest_Wood_01 (37),-442.713989,3.797,-345.300995,,,,True,True,,,SM_Prop_Chest_Wood_01 (37),Environment/MISC/Chests/SM_Prop_Chest_Wood_01 (37),ChestOpen,194462,level6,
level6:194496,Autumn,Chest,SM_Prop_Chest_Wood_01 (2),-450.32901,29.249001,125.684998,,,,True,True,,,SM_Prop_Chest_Wood_01 (2),Environment/MISC/Chests/SM_Prop_Chest_Wood_01 (2),ChestOpen,194496,level6,
level6:194498,Autumn,Chest,SM_Prop_Chest_Wood_01 (34),-526.25,199.460007,-351.720001,,,,True,True,,,SM_Prop_Chest_Wood_01 (34),Environment/MISC/Chests/SM_Prop_Chest_Wood_01 (34),ChestOpen,194498,level6,
level6:194510,Autumn,Chest,SM_Prop_Chest_Wood_01 (2),-342.494965,8.912,69.788406,,,,True,True,,,SM_Prop_Chest_Wood_01 (2),Environment/MISC/Chests/SM_Prop_Chest_Wood_01 (2),ChestOpen,194510,level6,
level6:194611,Autumn,Chest,SM_Prop_Chest_Wood_01 (6),-221.229996,5.067,-290.690002,,,,True,True,,,SM_Prop_Chest_Wood_01 (6),Environment/MISC/Chests/SM_Prop_Chest_Wood_01 (6),ChestOpen,194611,level6,
level6:194617,Autumn,NPC,Drifter1,-247.585023,4.079366,495.18124,,,,False,False,,,Drifter1,Environment/Manmade/Residential/Misc Manmade Areas/Drifting Tractors/~LargeStuff~/Spinner/tractor (6)/Drifter1,NpcBase,194617,level6,
level6:194721,Autumn,Quest pickup,cup-small (3),-791.500977,3.167,-188.977005,Crockery Collection!,pickup,,True,True,,,cup-small (3),Environment/Manmade/Residential/Large Camps/Kids Camp/Table Collection/Holder/cup-small (3),CollectableQuestItem,194721,level6,
level6:194760,Autumn,Quest pickup,plates-deep-stack-summer-camp,-800.312927,3.039,-189.468018,Crockery Collection!,pickup,,True,True,,,plates-deep-stack-summer-camp,Environment/Manmade/Residential/Large Camps/Kids Camp/Table Collection/Holder/plates-deep-stack-summer-camp,CollectableQuestItem,194760,level6,
level6:194798,Autumn,Quest pickup,banana-peel,-799.810669,3.063,-190.677994,Crockery Collection!,pickup,,True,True,,,banana-peel,Environment/Manmade/Residential/Large Camps/Kids Camp/Table Collection/Holder/banana-peel,CollectableQuestItem,194798,level6,
level6:194800,Autumn,Chest,SM_Prop_Chest_Wood_01 (33),-133.660004,106.220001,-100.959999,,,,True,True,,,SM_Prop_Chest_Wood_01 (33),Environment/MISC/Chests/SM_Prop_Chest_Wood_01 (33),ChestOpen,194800,level6,
level6:194857,Autumn,Chest,SM_Prop_Chest_Wood_01 (29),-795.145996,75.441002,525.934998,,,,True,True,,,SM_Prop_Chest_Wood_01 (29),Environment/MISC/Chests/SM_Prop_Chest_Wood_01 (29),ChestOpen,194857,level6,
level6:194874,Autumn,Quest pickup,can-beans-box,-790.219971,3.136,-188.241089,Crockery Collection!,pickup,,True,True,,,can-beans-box,Environment/Manmade/Residential/Large Camps/Kids Camp/Table Collection/Holder/can-beans-box,CollectableQuestItem,194874,level6,
level6:194896,Autumn,NPC,Frog Climbing,-305.973495,0.757887,97.447868,,,,False,False,,,Frog Climbing,Environment/Manmade/Residential/Misc Manmade Areas/Drifting Tractors/~People~/Frog Climbing,NpcBase,194896,level6,
level6:195001,Autumn,Quest pickup,plate-enamel (9),-785.590027,3.2148,-185.960007,Crockery Collection!,pickup,,True,True,,,plate-enamel (9),Environment/Manmade/Residential/Large Camps/Kids Camp/Table Collection/Holder/plate-enamel (9),CollectableQuestItem,195001,level6,
level6:195092,Autumn,Quest pickup,can-beans (1),-800.133789,3.069,-192.75885,Crockery Collection!,pickup,,True,True,,,can-beans (1),Environment/Manmade/Residential/Large Camps/Kids Camp/Table Collection/Holder/can-beans (1),CollectableQuestItem,195092,level6,
level6:195123,Autumn,NPC,Tony,-136.747177,20.152599,72.907822,,,,False,False,,,AssertiveFrog,Frog Folder/AssertiveFrog,NpcBase,195123,level6,
level6:195258,Autumn,Chest,SM_Prop_Chest_Wood_01 (30),-585.547974,122.545998,465.56601,,,,True,True,,,SM_Prop_Chest_Wood_01 (30),Environment/MISC/Chests/SM_Prop_Chest_Wood_01 (30),ChestOpen,195258,level6,
level6:195267,Autumn,Chest,SM_Prop_Chest_Wood_01 (26),-483.752014,11.191,202.751999,,,,True,True,,,SM_Prop_Chest_Wood_01 (26),Environment/MISC/Chests/SM_Prop_Chest_Wood_01 (26),ChestOpen,195267,level6,
level6:195334,Autumn,Chest,SM_Prop_Chest_Wood_01 (42),-628.219971,59.933998,476.880005,,,,True,True,,,SM_Prop_Chest_Wood_01 (42),Environment/MISC/Chests/SM_Prop_Chest_Wood_01 (42),ChestOpen,195334,level6,
level6:195349,Autumn,Chest,SM_Prop_Chest_Wood_01 (8),-298.303894,0.508,68.738075,,,,True,True,,,SM_Prop_Chest_Wood_01 (8),Environment/MISC/Chests/SM_Prop_Chest_Wood_01 (8),ChestOpen,195349,level6,
level6:195372,Autumn,Chest,SM_Prop_Chest_Wood_01 (10),-354.028992,1.774,250.397995,,,,True,True,,,SM_Prop_Chest_Wood_01 (10),Environment/MISC/Chests/SM_Prop_Chest_Wood_01 (10),ChestOpen,195372,level6,
level6:195404,Autumn,Quest pickup,plate-enamel (6),-789.01001,3.2148,-187.960007,Crockery Collection!,pickup,,True,True,,,plate-enamel (6),Environment/Manmade/Residential/Large Camps/Kids Camp/Table Collection/Holder/plate-enamel (6),CollectableQuestItem,195404,level6,
level6:195421,Autumn,NPC,BriefCaseFrog,-334.815186,1.4742,204.728641,,,,False,False,,,BriefCaseFrog,Frog Folder/Misc/Storage Facility/Old Frog/BriefCaseFrog,NpcBase,195421,level6,
level6:195441,Autumn,Chest,SM_Prop_Chest_Wood_01 (40),-453.230011,0.344,-55.130001,,,,True,True,,,SM_Prop_Chest_Wood_01 (40),Environment/MISC/Chests/SM_Prop_Chest_Wood_01 (40),ChestOpen,195441,level6,
level6:195455,Autumn,NPC,StorageFrogLean,-320.152771,1.599,204.873429,,,,False,False,,,StorageFrogLean,Frog Folder/Misc/Storage Facility/Old Frog/StorageFrogLean,NpcBase,195455,level6,
level6:195548,Autumn,Chest,SM_Prop_Chest_Wood_01 (1),-660.26001,-0.051,-35.84,,,,True,True,,,SM_Prop_Chest_Wood_01 (1),Environment/MISC/Chests/SM_Prop_Chest_Wood_01 (1),ChestOpen,195548,level6,
level6:195594,Autumn,Chest,SM_Prop_Chest_Wood_01 (21),-858.463013,13.892,-36.280998,,,,True,True,,,SM_Prop_Chest_Wood_01 (21),Environment/MISC/Chests/SM_Prop_Chest_Wood_01 (21),ChestOpen,195594,level6,
level6:195701,Autumn,Chest,SM_Prop_Chest_Wood_01 (27),-522.97998,75.540001,422.359985,,,,True,True,,,SM_Prop_Chest_Wood_01 (27),Environment/MISC/Chests/SM_Prop_Chest_Wood_01 (27),ChestOpen,195701,level6,
level6:195705,Autumn,Chest,SM_Prop_Chest_Wood_01 (13),2.98,2.1,242.929993,,,,True,True,,,SM_Prop_Chest_Wood_01 (13),Environment/MISC/Chests/SM_Prop_Chest_Wood_01 (13),ChestOpen,195705,level6,
level6:195710,Autumn,Chest,SM_Prop_Chest_Wood_01 (17),-100.699997,1.03,-316.200012,,,,True,True,,,SM_Prop_Chest_Wood_01 (17),Environment/MISC/Chests/SM_Prop_Chest_Wood_01 (17),ChestOpen,195710,level6,
level6:195720,Autumn,NPC,BuffFrog,-333.863121,3.73384,107.018536,,,,True,False,,,BuffFrog,Environment/Manmade/Residential/Misc Manmade Areas/Drifting Tractors/~LargeStuff~/StrongFrog/BuffFrog,NpcBase,195720,level6,
level6:195778,Autumn,Chest,SM_Prop_Chest_Wood_01 (31),-142.970993,136.281006,369.747009,,,,True,True,,,SM_Prop_Chest_Wood_01 (31),Environment/MISC/Chests/SM_Prop_Chest_Wood_01 (31),ChestOpen,195778,level6,
level6:195806,Autumn,Chest,SM_Prop_Chest_Wood_01 (15),-118.670998,10.838,-95.813004,,,,True,True,,,SM_Prop_Chest_Wood_01 (15),Environment/MISC/Chests/SM_Prop_Chest_Wood_01 (15),ChestOpen,195806,level6,
level6:195807,Autumn,Quest pickup,cup-small (2),-791.500977,3.158,-190.171631,Crockery Collection!,pickup,,True,True,,,cup-small (2),Environment/Manmade/Residential/Large Camps/Kids Camp/Table Collection/Holder/cup-small (2),CollectableQuestItem,195807,level6,
level6:195814,Autumn,Quest pickup,plate-enamel (1),-799.950928,3.108486,-190.403,Crockery Collection!,pickup,,True,True,,,plate-enamel (1),Environment/Manmade/Residential/Large Camps/Kids Camp/Table Collection/Holder/plate-enamel (1),CollectableQuestItem,195814,level6,
level6:195946,Autumn,Chest,SM_Prop_Chest_Wood_01 (3),-871.285645,49.963001,-92.514908,,,,True,True,,,SM_Prop_Chest_Wood_01 (3),Environment/MISC/Chests/SM_Prop_Chest_Wood_01 (3),ChestOpen,195946,level6,
level6:196772,Autumn,NPC,SCRAM,-349.140015,23.750999,269.73999,,,,True,True,,,TravellingFrog,UI/Mini Games/TravelingFrogController/TravellingFrog,NpcBase,196772,level6,Travelling NPC variant 1; the game activates variants in sequence.
level6:197104,Autumn,Mushroom,CollectableMushroom_30 (1),-248.62172,8.569453,-145.819104,,,,False,False,,,CollectableMushroom_30 (1),Environment/MISC/Shrines/RewardShrine (2)/Reward/CollectableMushroom_30 (1),CollectableMushroom,197104,level6,
level6:197105,Autumn,Mushroom,CollectableMushroom_30 (1),-92.288794,7.62208,-28.439464,,,,False,False,,,CollectableMushroom_30 (1),Environment/MISC/Shrines/RewardShrine (1)/Reward/CollectableMushroom_30 (1),CollectableMushroom,197105,level6,
level6:197106,Autumn,Mushroom,CollectableMushroom_30 (1),-595.436318,6.796537,-186.675124,,,,False,False,,,CollectableMushroom_30 (1),Environment/MISC/Shrines/RewardShrine (3)/Reward/CollectableMushroom_30 (1),CollectableMushroom,197106,level6,
level6:197107,Autumn,Mushroom,CollectableMushroom_30 (1),-498.973865,67.922218,480.375242,,,,False,False,,,CollectableMushroom_30 (1),Environment/MISC/Shrines/RewardShrine (4)/Reward/CollectableMushroom_30 (1),CollectableMushroom,197107,level6,
level6:197382,Autumn,NPC,Vendor,-231.24336,1.047392,-95.507374,,,,True,True,,,Climbing Club Member,Static Scene Items/Static Game Objects (1)/ManMade Objects/Climbing Stalls/Climbing Building (1)/Climbing Club Member,NpcBase,197382,level6,
level6:197385,Autumn,NPC,Vendor,-767.875672,16.687,45.943738,,,,True,True,,,Climbing Club Member,Static Scene Items/Static Game Objects (1)/ManMade Objects/Climbing Stalls/Climbing Building (9)/Climbing Club Member,NpcBase,197385,level6,
level6:197386,Autumn,NPC,Vendor,-397.659639,0.222999,-208.284228,,,,True,True,,,Climbing Club Member,Static Scene Items/Static Game Objects (1)/ManMade Objects/Climbing Stalls/Climbing Building (6)/Climbing Club Member,NpcBase,197386,level6,
level6:197389,Autumn,NPC,Vendor,-664.60106,0.278999,-211.428285,,,,True,True,,,Climbing Club Member,Static Scene Items/Static Game Objects (1)/ManMade Objects/Climbing Stalls/New Climbing Stalls/Climbing Building 14/Climbing Club Member,NpcBase,197389,level6,
level6:197391,Autumn,NPC,Vendor,-365.717195,1.654999,-74.840586,,,,True,True,,,Climbing Club Member,Static Scene Items/Static Game Objects (1)/ManMade Objects/Climbing Stalls/New Climbing Stalls/Climbing Building 12/Climbing Club Member,NpcBase,197391,level6,
level6:197392,Autumn,NPC,Vendor,-564.409849,0.325026,179.880401,,,,True,True,,,Climbing Club Member,Static Scene Items/Static Game Objects (1)/ManMade Objects/Climbing Stalls/Climbing Building (5)/Climbing Club Member,NpcBase,197392,level6,
level6:197394,Autumn,NPC,Vendor,-229.049172,1.982999,162.363162,,,,True,True,,,Climbing Club Member,Static Scene Items/Static Game Objects (1)/ManMade Objects/Climbing Stalls/Climbing Building (2)/Climbing Club Member,NpcBase,197394,level6,
level6:197397,Autumn,NPC,Vendor,-837.074805,59.983001,415.208497,,,,True,True,,,Climbing Club Member,Static Scene Items/Static Game Objects (1)/ManMade Objects/Climbing Stalls/Climbing Building (10)/Climbing Club Member,NpcBase,197397,level6,
level6:197399,Autumn,NPC,Vendor,-809.431828,0.886999,181.380539,,,,True,True,,,Climbing Club Member,Static Scene Items/Static Game Objects (1)/ManMade Objects/Climbing Stalls/New Climbing Stalls/Climbing Building 16/Climbing Club Member,NpcBase,197399,level6,
level6:197400,Autumn,NPC,Vendor,-282.026816,18.566199,348.024358,,,,True,True,,,Climbing Club Member,Static Scene Items/Static Game Objects (1)/ManMade Objects/Climbing Stalls/Climbing Building (7)/Climbing Club Member,NpcBase,197400,level6,
level6:197402,Autumn,NPC,Vendor,-290.212878,0.262999,83.886052,,,,True,True,,,Climbing Club Member,Static Scene Items/Static Game Objects (1)/ManMade Objects/Climbing Stalls/Climbing Building (3)/Climbing Club Member,NpcBase,197402,level6,
level6:197405,Autumn,NPC,Vendor,-602.776927,0.142999,271.732316,,,,True,True,,,Climbing Club Member,Static Scene Items/Static Game Objects (1)/ManMade Objects/Climbing Stalls/New Climbing Stalls/Climbing Building 17/Climbing Club Member,NpcBase,197405,level6,
level6:197407,Autumn,NPC,Vendor,-363.623451,1.214999,210.003989,,,,True,True,,,Climbing Club Member,Static Scene Items/Static Game Objects (1)/ManMade Objects/Climbing Stalls/New Climbing Stalls/Climbing Building 18/Climbing Club Member,NpcBase,197407,level6,
level6:197409,Autumn,NPC,Vendor,-771.345399,0.294999,-275.290098,,,,True,True,,,Climbing Club Member,Static Scene Items/Static Game Objects (1)/ManMade Objects/Climbing Stalls/Climbing Building (8)/Climbing Club Member,NpcBase,197409,level6,
level6:197410,Autumn,NPC,Vendor,-497.752846,2.275799,-380.374936,,,,True,True,,,Climbing Club Member,Static Scene Items/Static Game Objects (1)/ManMade Objects/Climbing Stalls/New Climbing Stalls/Climbing Building 13/Climbing Club Member,NpcBase,197410,level6,
level6:197412,Autumn,NPC,Vendor,-736.690406,0.206999,-56.346621,,,,True,True,,,Climbing Club Member,Static Scene Items/Static Game Objects (1)/ManMade Objects/Climbing Stalls/New Climbing Stalls/Climbing Building 15/Climbing Club Member,NpcBase,197412,level6,
level6:197414,Autumn,NPC,Vendor,-130.262906,5.636999,327.638732,,,,True,True,,,Climbing Club Member,Static Scene Items/Static Game Objects (1)/ManMade Objects/Climbing Stalls/Climbing Building (4)/Climbing Club Member,NpcBase,197414,level6,
level6:197416,Autumn,NPC,Vendor,-163.555817,0.47,95.146729,,,,True,True,,,Climbing Club Member,Frog Folder/Climbing Building/Climbing Club Member,NpcBase,197416,level6,
level6:197762,Autumn,Mushroom,CollectableMushroom_13 (1),-676.010787,18.241679,85.131377,,,,True,True,,,CollectableMushroom_13 (1),Environment/MISC/Eggs/Egg Reward/Egg Holder/Cracked/CollectableMushroom_13 (1),CollectableMushroom,197762,level6,
level6:199042,Autumn,NPC,Thomas,-236.840237,1.942453,104.976247,,,,True,True,,,CycleFrog1,Frog Folder/Moving NPCs/Bicycle/Bike Patrol Holder_Muscle/BikeMesh/CycleFrog1,NpcBase,199042,level6,
level6:199312,Autumn,Shrine,Shrine (2),-563.460022,1.35,294.438629,,,,True,True,,,Shrine (2),Environment/MISC/Shrines/RewardShrine/Shrine (2),InteractableShrine,199312,level6,
level6:199534,Autumn,Egg,Egg,-676.190002,18.061001,85.231003,,,,True,True,,,Egg,Environment/MISC/Eggs/Egg Reward/Egg Holder/Egg,EggCrackingScript,199534,level6,
level6:199988,Autumn,Shrine,GFX,-474.484985,13.484,-33.465,,,,True,True,,,GFX,Environment/MISC/Bird Boxes/birdhouse-a (3)/GFX,InteractableShrine,199988,level6,
level6:199989,Autumn,Shrine,GFX,-617.530029,19.944695,194.039993,,,,True,True,,,GFX,Environment/MISC/Bird Boxes/birdhouse-a (6)/GFX,InteractableShrine,199989,level6,
level6:199990,Autumn,Shrine,GFX,-158.820999,13.694,137.936996,,,,True,True,,,GFX,Environment/MISC/Bird Boxes/birdhouse-a/GFX,InteractableShrine,199990,level6,
level6:199991,Autumn,Shrine,GFX,-178.647003,18.406,328.268005,,,,True,True,,,GFX,Environment/MISC/Bird Boxes/birdhouse-a (1)/GFX,InteractableShrine,199991,level6,
level6:199992,Autumn,Shrine,GFX,-791.780029,10.51,-58.049999,,,,True,True,,,GFX,Environment/MISC/Bird Boxes/birdhouse-a (5)/GFX,InteractableShrine,199992,level6,
level6:199993,Autumn,Shrine,GFX,-798.320007,23.959999,-287.399994,,,,True,True,,,GFX,Environment/MISC/Bird Boxes/birdhouse-a (4)/GFX,InteractableShrine,199993,level6,
level6:199994,Autumn,Shrine,GFX,-382.040009,19.147305,393.539124,,,,True,True,,,GFX,Environment/MISC/Bird Boxes/birdhouse-a (2)/GFX,InteractableShrine,199994,level6,
level6:200249,Autumn,Mushroom,CollectableMushroom_30 (1),-275.423895,20.049358,337.719589,,,,False,False,,,CollectableMushroom_30 (1),Environment/Manmade/Reactive Jars/Jar Holder/Reward/CollectableMushroom_30 (1),CollectableMushroom,200249,level6,
level6:200652,Autumn,Bolt,CollectableBolt (76),-561.911987,217.466995,-351.641998,,,,True,True,,,CollectableBolt (76),Environment/Collectables/Bolts/CollectableBolt (76),CollectableBolt,200652,level6,
level6:200653,Autumn,Bolt,CollectableBolt (11),-70.120003,9.22,225.679993,,,,False,False,,,CollectableBolt (11),Environment/Collectables/Bolts/CollectableBolt (11),CollectableBolt,200653,level6,
level6:200654,Autumn,Bolt,CollectableBolt (136),21.139999,13.879,270.692993,,,,True,True,,,CollectableBolt (136),Environment/Collectables/Bolts/CollectableBolt (136),CollectableBolt,200654,level6,
level6:200655,Autumn,Bolt,CollectableBolt (150),-24.995118,0.901461,517.597579,,,level6:193609,True,False,,,CollectableBolt (150),Environment/MISC/Chests/SM_Prop_Chest_Wood_01 (12)/Bolt Holder/CollectableBolt (150),CollectableBolt,200655,level6,
level6:200656,Autumn,Bolt,CollectableBolt (16),-279.31601,31.608,371.175995,,,,True,True,,,CollectableBolt (16),Environment/Collectables/Bolts/CollectableBolt (16),CollectableBolt,200656,level6,
level6:200657,Autumn,Bolt,CollectableBolt (150),-262.506116,4.822225,205.327728,,,level6:193571,True,False,,,CollectableBolt (150),Environment/MISC/Chests/SM_Prop_Chest_Wood_01 (44)/Bolt Holder/CollectableBolt (150),CollectableBolt,200657,level6,
level6:200658,Autumn,Bolt,CollectableBolt (144),-320.790009,1.61,-362.829987,,,,True,True,,,CollectableBolt (144),Environment/Collectables/Bolts/CollectableBolt (144),CollectableBolt,200658,level6,
level6:200659,Autumn,Bolt,CollectableBolt (142),-167.639999,14.53,-355.100006,,,,True,True,,,CollectableBolt (142),Environment/Collectables/Bolts/CollectableBolt (142),CollectableBolt,200659,level6,
level6:200660,Autumn,Bolt,CollectableBolt (150),-622.694918,178.113868,181.563766,,,level6:193599,True,False,,,CollectableBolt (150),Environment/MISC/Chests/SM_Prop_Chest_Wood_01 (1)/Bolt Holder/CollectableBolt (150),CollectableBolt,200660,level6,
level6:200661,Autumn,Bolt,CollectableBolt (150),-454.764205,3.550728,-402.283882,,,level6:193434,True,False,,,CollectableBolt (150),Environment/MISC/Chests/SM_Prop_Chest_Wood_01 (18)/Bolt Holder/CollectableBolt (150),CollectableBolt,200661,level6,
level6:200662,Autumn,Bolt,CollectableBolt (7),-340.829987,1.19,411.140015,,,,True,True,,,CollectableBolt (7),Environment/Collectables/Bolts/CollectableBolt (7),CollectableBolt,200662,level6,
level6:200663,Autumn,Bolt,CollectableBolt (10),-56.881786,4.990115,112.795471,,,,True,True,,,CollectableBolt (10),Environment/Collectables/Bolts/CollectableBolt (10),CollectableBolt,200663,level6,
level6:200664,Autumn,Bolt,CollectableBolt (47),-718.393005,28.309999,95.299004,,,,True,True,,,CollectableBolt (47),Environment/Collectables/Bolts/CollectableBolt (47),CollectableBolt,200664,level6,
level6:200665,Autumn,Bolt,CollectableBolt (149),-627.572056,60.604276,467.135003,,,level6:193712,True,False,,,CollectableBolt (149),Environment/MISC/Chests/SM_Prop_Chest_Wood_01 (43)/Bolt Holder/CollectableBolt (149),CollectableBolt,200665,level6,
level6:200666,Autumn,Bolt,CollectableBolt (26),-47.112316,8.951437,-107.832314,,,,True,True,,,CollectableBolt (26),Environment/Collectables/Bolts/CollectableBolt (26),CollectableBolt,200666,level6,
level6:200667,Autumn,Bolt,CollectableBolt (42),-884.218018,4.548,4.846,,,,True,True,,,CollectableBolt (42),Environment/Collectables/Bolts/CollectableBolt (42),CollectableBolt,200667,level6,
level6:200668,Autumn,Bolt,CollectableBolt (29),-210.982681,5.798161,-322.184814,,,,True,True,,,CollectableBolt (29),Environment/Collectables/Bolts/CollectableBolt (29),CollectableBolt,200668,level6,
level6:200669,Autumn,Bolt,CollectableBolt (140),-140.580002,2.29,-345.070007,,,,True,True,,,CollectableBolt (140),Environment/Collectables/Bolts/CollectableBolt (140),CollectableBolt,200669,level6,
level6:200670,Autumn,Bolt,CollectableBolt (121),-526.25531,65.714127,486.592072,,,,True,True,,,CollectableBolt (121),Environment/Collectables/Bolts/CollectableBolt (121),CollectableBolt,200670,level6,
level6:200671,Autumn,Bolt,CollectableBolt (101),-262.299011,8.32,-325.970001,,,,True,True,,,CollectableBolt (101),Environment/Collectables/Bolts/CollectableBolt (101),CollectableBolt,200671,level6,
level6:200672,Autumn,Bolt,CollectableBolt (149),-262.913637,4.828124,205.963001,,,level6:193571,True,False,,,CollectableBolt (149),Environment/MISC/Chests/SM_Prop_Chest_Wood_01 (44)/Bolt Holder/CollectableBolt (149),CollectableBolt,200672,level6,
level6:200673,Autumn,Bolt,CollectableBolt (149),-623.271282,178.113866,181.670515,,,level6:193599,True,False,,,CollectableBolt (149),Environment/MISC/Chests/SM_Prop_Chest_Wood_01 (1)/Bolt Holder/CollectableBolt (149),CollectableBolt,200673,level6,
level6:200674,Autumn,Bolt,CollectableBolt (68),-371.730011,1.67,186.740004,,,,True,False,,,CollectableBolt (68),Environment/Manmade/Residential/Farms/Gardening Club/FlowerTrigger/Flower Holder/CollectableBolt (68),CollectableBolt,200674,level6,
level6:200675,Autumn,Bolt,CollectableBolt (149),-24.326257,0.858921,517.944704,,,level6:193609,True,False,,,CollectableBolt (149),Environment/MISC/Chests/SM_Prop_Chest_Wood_01 (12)/Bolt Holder/CollectableBolt (149),CollectableBolt,200675,level6,
level6:200676,Autumn,Bolt,CollectableBolt (35),-712.474121,0.887181,-321.031494,,,,True,True,,,CollectableBolt (35),Environment/Collectables/Bolts/CollectableBolt (35),CollectableBolt,200676,level6,
level6:200677,Autumn,Bolt,CollectableBolt (149),-455.515553,3.539754,-402.354849,,,level6:193434,True,False,,,CollectableBolt (149),Environment/MISC/Chests/SM_Prop_Chest_Wood_01 (18)/Bolt Holder/CollectableBolt (149),CollectableBolt,200677,level6,
level6:200678,Autumn,Bolt,CollectableBolt (57),-760.089783,60.645485,528.278503,,,,True,True,,,CollectableBolt (57),Environment/Collectables/Bolts/CollectableBolt (57),CollectableBolt,200678,level6,
level6:200679,Autumn,Bolt,CollectableBolt (150),-628.033357,60.604277,466.537608,,,level6:193712,True,False,,,CollectableBolt (150),Environment/MISC/Chests/SM_Prop_Chest_Wood_01 (43)/Bolt Holder/CollectableBolt (150),CollectableBolt,200679,level6,
level6:200680,Autumn,Bolt,CollectableBolt (1),-92.98468,5.781473,-29.582796,,,,False,False,,,CollectableBolt (1),Environment/Collectables/Bolts/CollectableBolt (1),CollectableBolt,200680,level6,
level6:200681,Autumn,Bolt,CollectableBolt (88),-668.673706,184.073502,490.117004,,,,True,True,,,CollectableBolt (88),Environment/Collectables/Bolts/CollectableBolt (88),CollectableBolt,200681,level6,
level6:200682,Autumn,Bolt,CollectableBolt (32),-619.630981,15.428,-321.826996,,,,True,True,,,CollectableBolt (32),Environment/Collectables/Bolts/CollectableBolt (32),CollectableBolt,200682,level6,
level6:200683,Autumn,Bolt,CollectableBolt (150),-700.067759,2.827278,-237.781623,,,level6:193879,True,False,,,CollectableBolt (150),Environment/MISC/Chests/SM_Prop_Chest_Wood_01 (5)/Bolt Holder/CollectableBolt (150),CollectableBolt,200683,level6,
level6:200684,Autumn,Bolt,CollectableBolt (43),-941.929993,12.526,201.335007,,,,True,True,,,CollectableBolt (43),Environment/Collectables/Bolts/CollectableBolt (43),CollectableBolt,200684,level6,
level6:200685,Autumn,Bolt,CollectableBolt (150),-687.322945,5.060957,234.608292,,,level6:193884,True,False,,,CollectableBolt (150),Environment/MISC/Chests/SM_Prop_Chest_Wood_01 (24)/Bolt Holder/CollectableBolt (150),CollectableBolt,200685,level6,
level6:200686,Autumn,Bolt,CollectableBolt (149),-861.794615,65.586274,-182.997379,,,level6:194176,True,False,,,CollectableBolt (149),Environment/MISC/Chests/SM_Prop_Chest_Wood_01 (4)/Bolt Holder/CollectableBolt (149),CollectableBolt,200686,level6,
level6:200687,Autumn,Bolt,CollectableBolt (92),-435.982819,62.92318,519.50531,,,,True,True,,,CollectableBolt (92),Environment/Collectables/Bolts/CollectableBolt (92),CollectableBolt,200687,level6,
level6:200688,Autumn,Bolt,CollectableBolt (146),-533.35498,27.914,260.438995,,,,True,True,,,CollectableBolt (146),Environment/Collectables/Bolts/CollectableBolt (146),CollectableBolt,200688,level6,
level6:200689,Autumn,Bolt,CollectableBolt (150),-355.456618,148.572397,-147.282852,,,level6:193926,True,False,,,CollectableBolt (150),Environment/MISC/Chests/SM_Prop_Chest_Wood_01 (39)/Bolt Holder/CollectableBolt (150),CollectableBolt,200689,level6,
level6:200690,Autumn,Bolt,CollectableBolt (40),-528.369019,34.924999,-197.139008,,,,True,True,,,CollectableBolt (40),Environment/Collectables/Bolts/CollectableBolt (40),CollectableBolt,200690,level6,
level6:200691,Autumn,Bolt,CollectableBolt (104),-576.58606,6.54,-369.549866,,,,True,True,,,CollectableBolt (104),Environment/Collectables/Bolts/CollectableBolt (104),CollectableBolt,200691,level6,
level6:200692,Autumn,Bolt,CollectableBolt (129),-652.390015,119.239998,435.709991,,,,True,True,,,CollectableBolt (129),Environment/Collectables/Bolts/CollectableBolt (129),CollectableBolt,200692,level6,
level6:200693,Autumn,Bolt,CollectableBolt (120),-165.351223,8.824392,191.10841,,,,False,False,,,CollectableBolt (120),Environment/Manmade/Residential/Shacks and Huts/Shack 2/Clothes Line/egypt-crate/CollectableBolt (120),CollectableBolt,200693,level6,
level6:200694,Autumn,Bolt,CollectableBolt (149),-83.699997,3.110926,452.85434,,,level6:194013,True,False,,,CollectableBolt (149),Environment/MISC/Suitcase/Full/suitcase-big (5)/Container OBJ/SM_Prop_Chest_Wood_01 (37)/Bolt Holder/CollectableBolt (149),CollectableBolt,200694,level6,
level6:200695,Autumn,Bolt,CollectableBolt (128),-603.224976,191.740997,464.471008,,,,True,True,,,CollectableBolt (128),Environment/Collectables/Bolts/CollectableBolt (128),CollectableBolt,200695,level6,
level6:200696,Autumn,Bolt,CollectableBolt (138),-212.285004,7.455,497.889008,,,,True,True,,,CollectableBolt (138),Environment/Collectables/Bolts/CollectableBolt (138),CollectableBolt,200696,level6,
level6:200697,Autumn,Bolt,CollectableBolt (38),-810.724548,2.310122,-193.651184,,,,True,True,,,CollectableBolt (38),Environment/Collectables/Bolts/CollectableBolt (38),CollectableBolt,200697,level6,
level6:200698,Autumn,Bolt,CollectableBolt (149),-699.582329,2.827277,-237.203663,,,level6:193879,True,False,,,CollectableBolt (149),Environment/MISC/Chests/SM_Prop_Chest_Wood_01 (5)/Bolt Holder/CollectableBolt (149),CollectableBolt,200698,level6,
level6:200699,Autumn,Bolt,CollectableBolt (149),-687.543113,5.228392,233.90603,,,level6:193884,True,False,,,CollectableBolt (149),Environment/MISC/Chests/SM_Prop_Chest_Wood_01 (24)/Bolt Holder/CollectableBolt (149),CollectableBolt,200699,level6,
level6:200700,Autumn,Bolt,CollectableBolt (69),-269.701019,111.123032,188.506912,,,,True,True,,,CollectableBolt (69),Environment/Collectables/Bolts/CollectableBolt (69),CollectableBolt,200700,level6,
level6:200701,Autumn,Bolt,CollectableBolt (149),-355.485765,148.510366,-146.531198,,,level6:193926,True,False,,,CollectableBolt (149),Environment/MISC/Chests/SM_Prop_Chest_Wood_01 (39)/Bolt Holder/CollectableBolt (149),CollectableBolt,200701,level6,
level6:200702,Autumn,Bolt,CollectableBolt (66),-366.018005,1.646,187.458998,,,,True,False,,,CollectableBolt (66),Environment/Manmade/Residential/Farms/Gardening Club/FlowerTrigger/Flower Holder/CollectableBolt (66),CollectableBolt,200702,level6,
level6:200703,Autumn,Bolt,CollectableBolt (150),-862.293314,65.586275,-182.430828,,,level6:194176,True,False,,,CollectableBolt (150),Environment/MISC/Chests/SM_Prop_Chest_Wood_01 (4)/Bolt Holder/CollectableBolt (150),CollectableBolt,200703,level6,
level6:200704,Autumn,Bolt,CollectableBolt (54),-466.74939,63.66843,436.824646,,,,True,True,,,CollectableBolt (54),Environment/Collectables/Bolts/CollectableBolt (54),CollectableBolt,200704,level6,
level6:200705,Autumn,Bolt,CollectableBolt (95),-100.643379,3.99,14.59,,,,True,True,,,CollectableBolt (95),Environment/Collectables/Bolts/CollectableBolt (95),CollectableBolt,200705,level6,
level6:200706,Autumn,Bolt,CollectableBolt (132),-745.697021,19.455,124.001999,,,,True,True,,,CollectableBolt (132),Environment/Collectables/Bolts/CollectableBolt (132),CollectableBolt,200706,level6,
level6:200707,Autumn,Bolt,CollectableBolt (97),-86.61969,9.44,-115.886101,,,,True,True,,,CollectableBolt (97),Environment/Collectables/Bolts/CollectableBolt (97),CollectableBolt,200707,level6,
level6:200708,Autumn,Bolt,CollectableBolt (77),-536.968018,201.057007,-333.247986,,,,True,True,,,CollectableBolt (77),Environment/Collectables/Bolts/CollectableBolt (77),CollectableBolt,200708,level6,
level6:200709,Autumn,Bolt,CollectableBolt (71),-177.054001,110.541,-65.549004,,,,False,False,,,CollectableBolt (71),Environment/Collectables/Bolts/CollectableBolt (71),CollectableBolt,200709,level6,
level6:200710,Autumn,Bolt,CollectableBolt (150),-83.699997,3.110926,452.85434,,,level6:194013,True,False,,,CollectableBolt (150),Environment/MISC/Suitcase/Full/suitcase-big (5)/Container OBJ/SM_Prop_Chest_Wood_01 (37)/Bolt Holder/CollectableBolt (150),CollectableBolt,200710,level6,
level6:200711,Autumn,Bolt,CollectableBolt (123),-281.440002,2.54,509.040009,,,,True,True,,,CollectableBolt (123),Environment/Collectables/Bolts/CollectableBolt (123),CollectableBolt,200711,level6,
level6:200712,Autumn,Bolt,CollectableBolt (139),-82.586487,6.262116,-344.770782,,,,True,True,,,CollectableBolt (139),Environment/Collectables/Bolts/CollectableBolt (139),CollectableBolt,200712,level6,
level6:200713,Autumn,Bolt,CollectableBolt (150),-37.617103,64.119384,358.304485,,,level6:192809,True,False,,,CollectableBolt (150),Environment/MISC/Chests/SM_Prop_Chest_Wood_01 (32)/Bolt Holder/CollectableBolt (150),CollectableBolt,200713,level6,
level6:200714,Autumn,Bolt,CollectableBolt (89),-636.640015,206.869995,475.640015,,,,True,True,,,CollectableBolt (89),Environment/Collectables/Bolts/CollectableBolt (89),CollectableBolt,200714,level6,
level6:200715,Autumn,Bolt,CollectableBolt (18),-169.454437,2.845743,258.037537,,,,True,True,,,CollectableBolt (18),Environment/Collectables/Bolts/CollectableBolt (18),CollectableBolt,200715,level6,
level6:200716,Autumn,Bolt,CollectableBolt (110),-873.539978,84.919998,-145.910004,,,,True,True,,,CollectableBolt (110),Environment/Collectables/Bolts/CollectableBolt (110),CollectableBolt,200716,level6,
level6:200717,Autumn,Bolt,CollectableBolt (74),-402.920013,52.040001,-64.449997,,,,True,True,,,CollectableBolt (74),Environment/Collectables/Bolts/CollectableBolt (74),CollectableBolt,200717,level6,
level6:200718,Autumn,Bolt,CollectableBolt (150),-30.658296,0.706195,41.86596,,,level6:192687,True,False,,,CollectableBolt (150),Environment/MISC/Chests/SM_Prop_Chest_Wood_01 (45)/Bolt Holder/CollectableBolt (150),CollectableBolt,200718,level6,
level6:200719,Autumn,Bolt,CollectableBolt (82),-316.978709,0.90051,484.923547,,,level6:202508,True,False,,,CollectableBolt (82),Environment/MISC/Suitcase/Full/suitcase-big (14)/Container OBJ/CollectableBolt (82),CollectableBolt,200719,level6,
level6:200720,Autumn,Bolt,CollectableBolt (141),-190.210007,2.1,-342.700012,,,,True,True,,,CollectableBolt (141),Environment/Collectables/Bolts/CollectableBolt (141),CollectableBolt,200720,level6,
level6:200721,Autumn,Bolt,CollectableBolt (149),-826.078344,2.628277,-433.182921,,,level6:192878,True,False,,,CollectableBolt (149),Environment/MISC/Chests/SM_Prop_Chest_Wood_01 (19)/Bolt Holder/CollectableBolt (149),CollectableBolt,200721,level6,
level6:200722,Autumn,Bolt,CollectableBolt (5),-315.503998,0.727,152.164001,,,,True,True,,,CollectableBolt (5),Environment/Collectables/Bolts/CollectableBolt (5),CollectableBolt,200722,level6,
level6:200723,Autumn,Bolt,CollectableBolt (150),-572.769527,17.537277,240.41034,,,level6:192752,True,False,,,CollectableBolt (150),Environment/MISC/Chests/SM_Prop_Chest_Wood_01 (25)/Bolt Holder/CollectableBolt (150),CollectableBolt,200723,level6,
level6:200724,Autumn,Bolt,CollectableBolt (117),-642.22876,4.787627,281.999634,,,,True,True,,,CollectableBolt (117),Environment/Collectables/Bolts/CollectableBolt (117),CollectableBolt,200724,level6,
level6:200725,Autumn,Bolt,CollectableBolt (150),-843.087881,0.674278,-339.511075,,,level6:192722,True,False,,,CollectableBolt (150),Environment/MISC/Chests/SM_Prop_Chest_Wood_01 (20)/Bolt Holder/CollectableBolt (150),CollectableBolt,200725,level6,
level6:200726,Autumn,Bolt,CollectableBolt (84),-854.47998,80.150002,175.630005,,,,True,True,,,CollectableBolt (84),Environment/Collectables/Bolts/CollectableBolt (84),CollectableBolt,200726,level6,
level6:200727,Autumn,Bolt,CollectableBolt (148),-138.408997,76.925003,-255.371002,,,,True,True,,,CollectableBolt (148),Environment/Collectables/Bolts/CollectableBolt (148),CollectableBolt,200727,level6,
level6:200728,Autumn,Bolt,CollectableBolt (61),-815.86499,61.201,346.203003,,,,True,True,,,CollectableBolt (61),Environment/Collectables/Bolts/CollectableBolt (61),CollectableBolt,200728,level6,
level6:200729,Autumn,Bolt,CollectableBolt (70),-130.024994,23.750999,165.447006,,,,True,True,,,CollectableBolt (70),Environment/Collectables/Bolts/CollectableBolt (70),CollectableBolt,200729,level6,
level6:200730,Autumn,Bolt,CollectableBolt (118),-694.610657,69.596008,353.484344,,,,True,True,,,CollectableBolt (118),Environment/Collectables/Bolts/CollectableBolt (118),CollectableBolt,200730,level6,
level6:200731,Autumn,Bolt,CollectableBolt (149),-38.259854,64.020487,357.921378,,,level6:192809,True,False,,,CollectableBolt (149),Environment/MISC/Chests/SM_Prop_Chest_Wood_01 (32)/Bolt Holder/CollectableBolt (149),CollectableBolt,200731,level6,
level6:200732,Autumn,Bolt,CollectableBolt (2),-538.616028,16.85,-260.964996,,,,True,True,,,CollectableBolt (2),Environment/Collectables/Bolts/CollectableBolt (2),CollectableBolt,200732,level6,
level6:200733,Autumn,Bolt,CollectableBolt (19),-355.201996,1.458,161.869003,,,,True,True,,,CollectableBolt (19),Environment/Collectables/Bolts/CollectableBolt (19),CollectableBolt,200733,level6,
level6:200734,Autumn,Bolt,CollectableBolt (114),-793.300537,23.877668,24.696806,,,,True,True,,,CollectableBolt (114),Environment/Collectables/Bolts/CollectableBolt (114),CollectableBolt,200734,level6,
level6:200735,Autumn,Bolt,CollectableBolt (87),-870.24823,204.962265,151.885818,,,,True,True,,,CollectableBolt (87),Environment/Collectables/Bolts/CollectableBolt (87),CollectableBolt,200735,level6,
level6:200736,Autumn,Bolt,CollectableBolt (113),-773.590027,32.02919,55.967255,,,,True,True,,,CollectableBolt (113),Environment/Collectables/Bolts/CollectableBolt (113),CollectableBolt,200736,level6,
level6:200737,Autumn,Bolt,CollectableBolt (149),-29.90353,0.707662,41.863405,,,level6:192687,True,False,,,CollectableBolt (149),Environment/MISC/Chests/SM_Prop_Chest_Wood_01 (45)/Bolt Holder/CollectableBolt (149),CollectableBolt,200737,level6,
level6:200738,Autumn,Bolt,CollectableBolt (8),-204.679993,8.449,265.583008,,,,True,True,,,CollectableBolt (8),Environment/Collectables/Bolts/CollectableBolt (8),CollectableBolt,200738,level6,
level6:200739,Autumn,Bolt,CollectableBolt (150),-826.833116,2.628278,-433.182937,,,level6:192878,True,False,,,CollectableBolt (150),Environment/MISC/Chests/SM_Prop_Chest_Wood_01 (19)/Bolt Holder/CollectableBolt (150),CollectableBolt,200739,level6,
level6:200740,Autumn,Bolt,CollectableBolt (50),-401.75,3.44,320.01001,,,,True,True,,,CollectableBolt (50),Environment/Collectables/Bolts/CollectableBolt (50),CollectableBolt,200740,level6,
level6:200741,Autumn,Bolt,CollectableBolt (67),-369.302185,2.007785,195.903884,,,,True,False,,,CollectableBolt (67),Environment/Manmade/Residential/Farms/Gardening Club/FlowerTrigger/Flower Holder/CollectableBolt (67),CollectableBolt,200741,level6,
level6:200742,Autumn,Bolt,CollectableBolt (149),-843.721276,0.674277,-339.100597,,,level6:192722,True,False,,,CollectableBolt (149),Environment/MISC/Chests/SM_Prop_Chest_Wood_01 (20)/Bolt Holder/CollectableBolt (149),CollectableBolt,200742,level6,
level6:200743,Autumn,Bolt,CollectableBolt (39),-816.688782,20.938128,-67.365067,,,,True,True,,,CollectableBolt (39),Environment/Collectables/Bolts/CollectableBolt (39),CollectableBolt,200743,level6,
level6:200744,Autumn,Bolt,CollectableBolt (149),-573.303219,17.537276,239.876625,,,level6:192752,True,False,,,CollectableBolt (149),Environment/MISC/Chests/SM_Prop_Chest_Wood_01 (25)/Bolt Holder/CollectableBolt (149),CollectableBolt,200744,level6,
level6:200745,Autumn,Bolt,CollectableBolt (147),-682.223999,70.359001,129.272995,,,,True,True,,,CollectableBolt (147),Environment/Collectables/Bolts/CollectableBolt (147),CollectableBolt,200745,level6,
level6:200746,Autumn,Bolt,CollectableBolt (119),-681.249451,89.320168,364.913269,,,,True,True,,,CollectableBolt (119),Environment/Collectables/Bolts/CollectableBolt (119),CollectableBolt,200746,level6,
level6:200747,Autumn,Bolt,CollectableBolt (149),-899.658374,1.631504,220.441178,,,level6:193371,True,False,,,CollectableBolt (149),Environment/MISC/Chests/SM_Prop_Chest_Wood_01 (22)/Bolt Holder/CollectableBolt (149),CollectableBolt,200747,level6,
level6:200748,Autumn,Bolt,CollectableBolt (126),5.26329,11.98,420.946198,,,,True,True,,,CollectableBolt (126),Environment/Collectables/Bolts/CollectableBolt (126),CollectableBolt,200748,level6,
level6:200749,Autumn,Bolt,CollectableBolt (105),-693.401428,13.737846,-296.196655,,,,True,True,,,CollectableBolt (105),Environment/Collectables/Bolts/CollectableBolt (105),CollectableBolt,200749,level6,
level6:200750,Autumn,Bolt,CollectableBolt (62),-827.036987,78.401001,427.523987,,,,True,True,,,CollectableBolt (62),Environment/Collectables/Bolts/CollectableBolt (62),CollectableBolt,200750,level6,
level6:200751,Autumn,Bolt,CollectableBolt (122),-309.044006,0.673,495.312988,,,,True,True,,,CollectableBolt (122),Environment/Collectables/Bolts/CollectableBolt (122),CollectableBolt,200751,level6,
level6:200752,Autumn,Bolt,CollectableBolt (108),-185.25,108.510002,-88.220001,,,,True,True,,,CollectableBolt (108),Environment/Collectables/Bolts/CollectableBolt (108),CollectableBolt,200752,level6,
level6:200753,Autumn,Bolt,CollectableBolt (150),-141.231592,40.776107,-296.834031,,,level6:192998,True,False,,,CollectableBolt (150),Environment/MISC/Chests/SM_Prop_Chest_Wood_01 (16)/Bolt Holder/CollectableBolt (150),CollectableBolt,200753,level6,
level6:200754,Autumn,Bolt,CollectableBolt (100),-84.753761,31.283175,-267.466614,,,,True,True,,,CollectableBolt (100),Environment/Collectables/Bolts/CollectableBolt (100),CollectableBolt,200754,level6,
level6:200755,Autumn,Bolt,CollectableBolt (56),-526.319031,74.611198,479.442657,,,,True,True,,,CollectableBolt (56),Environment/Collectables/Bolts/CollectableBolt (56),CollectableBolt,200755,level6,
level6:200756,Autumn,Bolt,CollectableBolt (149),-263.009248,17.22158,413.903339,,,level6:193251,True,False,,,CollectableBolt (149),Environment/MISC/Chests/SM_Prop_Chest_Wood_01 (11)/Bolt Holder/CollectableBolt (149),CollectableBolt,200756,level6,
level6:200757,Autumn,Bolt,CollectableBolt (80),-612.673157,202.855667,161.494431,,,,True,True,,,CollectableBolt (80),Environment/Collectables/Bolts/CollectableBolt (80),CollectableBolt,200757,level6,
level6:200758,Autumn,Bolt,CollectableBolt (150),-821.707291,218.522785,-310.7835,,,level6:193035,True,False,,,CollectableBolt (150),Environment/MISC/Chests/SM_Prop_Chest_Wood_01 (35)/Bolt Holder/CollectableBolt (150),CollectableBolt,200758,level6,
level6:200759,Autumn,Bolt,CollectableBolt (81),-636.539978,178.820007,242.529999,,,,True,True,,,CollectableBolt (81),Environment/Collectables/Bolts/CollectableBolt (81),CollectableBolt,200759,level6,
level6:200760,Autumn,Bolt,CollectableBolt (30),-269.657501,4.421793,-308.434326,,,,True,True,,,CollectableBolt (30),Environment/Collectables/Bolts/CollectableBolt (30),CollectableBolt,200760,level6,
level6:200761,Autumn,Bolt,CollectableBolt (103),-470.621429,3.732675,-387.53891,,,,True,True,,,CollectableBolt (103),Environment/Collectables/Bolts/CollectableBolt (103),CollectableBolt,200761,level6,
level6:200762,Autumn,Bolt,CollectableBolt (46),-711.117554,4.452145,267.733948,,,,True,True,,,CollectableBolt (46),Environment/Collectables/Bolts/CollectableBolt (46),CollectableBolt,200762,level6,
level6:200763,Autumn,Bolt,CollectableBolt (70),-362.109984,1.48,185.240004,,,,True,False,,,CollectableBolt (70),Environment/Manmade/Residential/Farms/Gardening Club/FlowerTrigger/Flower Holder/CollectableBolt (70),CollectableBolt,200763,level6,
level6:200764,Autumn,Bolt,CollectableBolt (73),-166.179993,154.990005,-97.93,,,,True,True,,,CollectableBolt (73),Environment/Collectables/Bolts/CollectableBolt (73),CollectableBolt,200764,level6,
level6:200765,Autumn,Bolt,CollectableBolt (150),-900.410904,1.573997,220.449665,,,level6:193371,True,False,,,CollectableBolt (150),Environment/MISC/Chests/SM_Prop_Chest_Wood_01 (22)/Bolt Holder/CollectableBolt (150),CollectableBolt,200765,level6,
level6:200766,Autumn,Bolt,CollectableBolt (82),-537.372375,45.198597,-34.026001,,,,True,True,,,CollectableBolt (82),Environment/Collectables/Bolts/CollectableBolt (82),CollectableBolt,200766,level6,
level6:200767,Autumn,Bolt,CollectableBolt (51),-272.51001,28.610001,353.23999,,,,True,True,,,CollectableBolt (51),Environment/Collectables/Bolts/CollectableBolt (51),CollectableBolt,200767,level6,
level6:200768,Autumn,Bolt,CollectableBolt (115),-825.570007,13.27,189.740005,,,,True,True,,,CollectableBolt (115),Environment/Collectables/Bolts/CollectableBolt (115),CollectableBolt,200768,level6,
level6:200769,Autumn,Bolt,CollectableBolt (149),-141.980638,40.753782,-296.924102,,,level6:192998,True,False,,,CollectableBolt (149),Environment/MISC/Chests/SM_Prop_Chest_Wood_01 (16)/Bolt Holder/CollectableBolt (149),CollectableBolt,200769,level6,
level6:200770,Autumn,Bolt,CollectableBolt (60),-887.840027,62.576,391.100006,,,,True,True,,,CollectableBolt (60),Environment/Collectables/Bolts/CollectableBolt (60),CollectableBolt,200770,level6,
level6:200771,Autumn,Bolt,CollectableBolt (78),-794.554016,55.805,-278.102997,,,,True,True,,,CollectableBolt (78),Environment/Collectables/Bolts/CollectableBolt (78),CollectableBolt,200771,level6,
level6:200772,Autumn,Bolt,CollectableBolt (149),-821.427743,218.513617,-310.082466,,,level6:193035,True,False,,,CollectableBolt (149),Environment/MISC/Chests/SM_Prop_Chest_Wood_01 (35)/Bolt Holder/CollectableBolt (149),CollectableBolt,200772,level6,
level6:200773,Autumn,Bolt,CollectableBolt (150),-263.574225,17.194778,413.403576,,,level6:193251,True,False,,,CollectableBolt (150),Environment/MISC/Chests/SM_Prop_Chest_Wood_01 (11)/Bolt Holder/CollectableBolt (150),CollectableBolt,200773,level6,
level6:200774,Autumn,Bolt,CollectableBolt (6),-290.059998,2.511,276.626007,,,,True,True,,,CollectableBolt (6),Environment/Collectables/Bolts/CollectableBolt (6),CollectableBolt,200774,level6,
level6:200775,Autumn,Bolt,CollectableBolt (59),-873.286133,63.03363,524.575562,,,,True,True,,,CollectableBolt (59),Environment/Collectables/Bolts/CollectableBolt (59),CollectableBolt,200775,level6,
level6:200776,Autumn,Bolt,CollectableBolt (150),-585.757565,123.155884,465.188634,,,level6:195258,True,False,,,CollectableBolt (150),Environment/MISC/Chests/SM_Prop_Chest_Wood_01 (30)/Bolt Holder/CollectableBolt (150),CollectableBolt,200776,level6,
level6:200777,Autumn,Bolt,CollectableBolt (150),-483.673647,11.853987,202.416426,,,level6:195267,True,False,,,CollectableBolt (150),Environment/MISC/Chests/SM_Prop_Chest_Wood_01 (26)/Bolt Holder/CollectableBolt (150),CollectableBolt,200777,level6,
level6:200778,Autumn,Bolt,CollectableBolt (13),-146.589996,11.76,468.359985,,,,True,True,,,CollectableBolt (13),Environment/Collectables/Bolts/CollectableBolt (13),CollectableBolt,200778,level6,
level6:200779,Autumn,Bolt,CollectableBolt (149),-659.901329,0.549558,-35.737232,,,level6:195548,True,False,,,CollectableBolt (149),Environment/MISC/Chests/SM_Prop_Chest_Wood_01 (1)/Bolt Holder/CollectableBolt (149),CollectableBolt,200779,level6,
level6:200780,Autumn,Bolt,CollectableBolt (58),-801.000122,61.641949,555.476624,,,,True,True,,,CollectableBolt (58),Environment/Collectables/Bolts/CollectableBolt (58),CollectableBolt,200780,level6,
level6:200781,Autumn,Bolt,CollectableBolt (149),-628.389025,60.598275,477.256491,,,level6:195334,True,False,,,CollectableBolt (149),Environment/MISC/Chests/SM_Prop_Chest_Wood_01 (42)/Bolt Holder/CollectableBolt (149),CollectableBolt,200781,level6,
level6:200782,Autumn,Bolt,CollectableBolt (45),-761.174988,22.940001,243.623993,,,,True,True,,,CollectableBolt (45),Environment/Collectables/Bolts/CollectableBolt (45),CollectableBolt,200782,level6,
level6:200783,Autumn,Bolt,CollectableBolt (149),-297.968543,1.172277,68.497532,,,level6:195349,True,False,,,CollectableBolt (149),Environment/MISC/Chests/SM_Prop_Chest_Wood_01 (8)/Bolt Holder/CollectableBolt (149),CollectableBolt,200783,level6,
level6:200784,Autumn,Bolt,CollectableBolt (15),-306.09201,1.583,446.532013,,,,True,True,,,CollectableBolt (15),Environment/Collectables/Bolts/CollectableBolt (15),CollectableBolt,200784,level6,
level6:200785,Autumn,Bolt,CollectableBolt (149),-353.675392,2.398831,250.708058,,,level6:195372,True,False,,,CollectableBolt (149),Environment/MISC/Chests/SM_Prop_Chest_Wood_01 (10)/Bolt Holder/CollectableBolt (149),CollectableBolt,200785,level6,
level6:200786,Autumn,Bolt,CollectableBolt (72),-133.807007,115.269997,-106.127998,,,,True,True,,,CollectableBolt (72),Environment/Collectables/Bolts/CollectableBolt (72),CollectableBolt,200786,level6,
level6:200787,Autumn,Bolt,CollectableBolt (96),-71.099052,12.03,-65.762314,,,,True,True,,,CollectableBolt (96),Environment/Collectables/Bolts/CollectableBolt (96),CollectableBolt,200787,level6,
level6:200788,Autumn,Bolt,CollectableBolt (149),-453.640936,1.008277,-55.091774,,,level6:195441,True,False,,,CollectableBolt (149),Environment/MISC/Chests/SM_Prop_Chest_Wood_01 (40)/Bolt Holder/CollectableBolt (149),CollectableBolt,200788,level6,
level6:200789,Autumn,Bolt,CollectableBolt (127),-853.640015,84.814003,126.408997,,,,True,True,,,CollectableBolt (127),Environment/Collectables/Bolts/CollectableBolt (127),CollectableBolt,200789,level6,
level6:200790,Autumn,Bolt,CollectableBolt (48),-580.166992,1.57,296.21701,,,,True,True,,,CollectableBolt (48),Environment/Collectables/Bolts/CollectableBolt (48),CollectableBolt,200790,level6,
level6:200791,Autumn,Bolt,CollectableBolt (82),-831.487326,0.620478,-325.329782,,,level6:202498,True,False,,,CollectableBolt (82),Environment/MISC/Suitcase/Full/suitcase-big (8)/Container OBJ/CollectableBolt (82),CollectableBolt,200791,level6,
level6:200792,Autumn,Bolt,CollectableBolt (149),-484.159059,11.813751,202.992999,,,level6:195267,True,False,,,CollectableBolt (149),Environment/MISC/Chests/SM_Prop_Chest_Wood_01 (26)/Bolt Holder/CollectableBolt (149),CollectableBolt,200792,level6,
level6:200793,Autumn,Bolt,CollectableBolt (149),-585.138911,123.210525,465.617542,,,level6:195258,True,False,,,CollectableBolt (149),Environment/MISC/Chests/SM_Prop_Chest_Wood_01 (30)/Bolt Holder/CollectableBolt (149),CollectableBolt,200793,level6,
level6:200794,Autumn,Bolt,CollectableBolt (55),-470.911011,65.374001,492.279999,,,,True,True,,,CollectableBolt (55),Environment/Collectables/Bolts/CollectableBolt (55),CollectableBolt,200794,level6,
level6:200795,Autumn,Bolt,CollectableBolt (63),-811.997314,88.052879,525.830444,,,,True,True,,,CollectableBolt (63),Environment/Collectables/Bolts/CollectableBolt (63),CollectableBolt,200795,level6,
level6:200796,Autumn,Bolt,CollectableBolt (150),-660.558933,0.549559,-35.919413,,,level6:195548,True,False,,,CollectableBolt (150),Environment/MISC/Chests/SM_Prop_Chest_Wood_01 (1)/Bolt Holder/CollectableBolt (150),CollectableBolt,200796,level6,
level6:200797,Autumn,Bolt,CollectableBolt (25),-37.785999,3.202,-17.225,,,,True,True,,,CollectableBolt (25),Environment/Collectables/Bolts/CollectableBolt (25),CollectableBolt,200797,level6,
level6:200798,Autumn,Bolt,CollectableBolt (150),-298.577967,1.172278,68.942822,,,level6:195349,True,False,,,CollectableBolt (150),Environment/MISC/Chests/SM_Prop_Chest_Wood_01 (8)/Bolt Holder/CollectableBolt (150),CollectableBolt,200798,level6,
level6:200799,Autumn,Bolt,CollectableBolt (150),-354.353995,2.4466,250.381108,,,level6:195372,True,False,,,CollectableBolt (150),Environment/MISC/Chests/SM_Prop_Chest_Wood_01 (10)/Bolt Holder/CollectableBolt (150),CollectableBolt,200799,level6,
level6:200800,Autumn,Bolt,CollectableBolt (150),-628.085907,60.598276,476.56526,,,level6:195334,True,False,,,CollectableBolt (150),Environment/MISC/Chests/SM_Prop_Chest_Wood_01 (42)/Bolt Holder/CollectableBolt (150),CollectableBolt,200800,level6,
level6:200801,Autumn,Bolt,CollectableBolt (27),-70.72065,1.7363,-174.92662,,,,True,True,,,CollectableBolt (27),Environment/Collectables/Bolts/CollectableBolt (27),CollectableBolt,200801,level6,
level6:200802,Autumn,Bolt,CollectableBolt (23),-170.810669,11.512545,2.428354,,,,True,True,,,CollectableBolt (23),Environment/Collectables/Bolts/CollectableBolt (23),CollectableBolt,200802,level6,
level6:200803,Autumn,Bolt,CollectableBolt (106),-682.97998,21.799999,-143.169998,,,,True,True,,,CollectableBolt (106),Environment/Collectables/Bolts/CollectableBolt (106),CollectableBolt,200803,level6,
level6:200804,Autumn,Bolt,CollectableBolt (150),-452.890052,1.008278,-55.168284,,,level6:195441,True,False,,,CollectableBolt (150),Environment/MISC/Chests/SM_Prop_Chest_Wood_01 (40)/Bolt Holder/CollectableBolt (150),CollectableBolt,200804,level6,
level6:200805,Autumn,Bolt,CollectableBolt (131),-613.442017,156.087006,445.330994,,,,True,True,,,CollectableBolt (131),Environment/Collectables/Bolts/CollectableBolt (131),CollectableBolt,200805,level6,
level6:200806,Autumn,Bolt,CollectableBolt (64),-871.192932,76.22863,452.062439,,,,True,True,,,CollectableBolt (64),Environment/Collectables/Bolts/CollectableBolt (64),CollectableBolt,200806,level6,
level6:200807,Autumn,Bolt,CollectableBolt (82),-506.476013,42.011976,-34.056,,,level6:202499,False,False,,,CollectableBolt (82),Environment/MISC/Suitcase/Full/suitcase-big (7)/Container OBJ/CollectableBolt (82),CollectableBolt,200807,level6,
level6:200808,Autumn,Bolt,CollectableBolt (137),-86.141998,2.927,518.890015,,,,True,True,,,CollectableBolt (137),Environment/Collectables/Bolts/CollectableBolt (137),CollectableBolt,200808,level6,
level6:200809,Autumn,Bolt,CollectableBolt (3),-216.800003,6.5369,1.0734,,,,True,True,,,CollectableBolt (3),Environment/Collectables/Bolts/CollectableBolt (3),CollectableBolt,200809,level6,
level6:200810,Autumn,Bolt,CollectableBolt (150),3.051613,2.764633,242.596171,,,level6:195705,True,False,,,CollectableBolt (150),Environment/MISC/Chests/SM_Prop_Chest_Wood_01 (13)/Bolt Holder/CollectableBolt (150),CollectableBolt,200810,level6,
level6:200811,Autumn,Bolt,CollectableBolt (150),-523.348856,76.187645,422.412805,,,level6:195701,True,False,,,CollectableBolt (150),Environment/MISC/Chests/SM_Prop_Chest_Wood_01 (27)/Bolt Holder/CollectableBolt (150),CollectableBolt,200811,level6,
level6:200812,Autumn,Bolt,CollectableBolt (150),-100.714186,1.668507,-315.812186,,,level6:195710,True,False,,,CollectableBolt (150),Environment/MISC/Chests/SM_Prop_Chest_Wood_01 (17)/Bolt Holder/CollectableBolt (150),CollectableBolt,200812,level6,
level6:200813,Autumn,Bolt,CollectableBolt (149),-871.632021,50.575906,-92.580127,,,level6:195946,True,False,,,CollectableBolt (149),Environment/MISC/Chests/SM_Prop_Chest_Wood_01 (3)/Bolt Holder/CollectableBolt (149),CollectableBolt,200813,level6,
level6:200814,Autumn,Bolt,CollectableBolt (33),-592.849976,6.259,-186.886993,,,,False,False,,,CollectableBolt (33),Environment/Collectables/Bolts/CollectableBolt (33),CollectableBolt,200814,level6,
level6:200815,Autumn,Bolt,CollectableBolt (150),-858.202258,14.476788,-36.666139,,,level6:195594,True,False,,,CollectableBolt (150),Environment/MISC/Chests/SM_Prop_Chest_Wood_01 (21)/Bolt Holder/CollectableBolt (150),CollectableBolt,200815,level6,
level6:200816,Autumn,Bolt,CollectableBolt (149),-143.184752,136.910167,370.159378,,,level6:195778,True,False,,,CollectableBolt (149),Environment/MISC/Chests/SM_Prop_Chest_Wood_01 (31)/Bolt Holder/CollectableBolt (149),CollectableBolt,200816,level6,
level6:200817,Autumn,Bolt,CollectableBolt (37),-829.304993,3.318038,-412.738617,,,,True,True,,,CollectableBolt (37),Environment/Collectables/Bolts/CollectableBolt (37),CollectableBolt,200817,level6,
level6:200818,Autumn,Bolt,CollectableBolt (112),-957.971619,10.976659,94.530014,,,,True,True,,,CollectableBolt (112),Environment/Collectables/Bolts/CollectableBolt (112),CollectableBolt,200818,level6,
level6:200819,Autumn,Bolt,CollectableBolt (149),-118.509354,11.551124,-96.090332,,,level6:195806,True,False,,,CollectableBolt (149),Environment/MISC/Chests/SM_Prop_Chest_Wood_01 (15)/Bolt Holder/CollectableBolt (149),CollectableBolt,200819,level6,
level6:200820,Autumn,Bolt,CollectableBolt (22),-232.384995,13.511,7.243,,,,True,True,,,CollectableBolt (22),Environment/Collectables/Bolts/CollectableBolt (22),CollectableBolt,200820,level6,
level6:200821,Autumn,Bolt,CollectableBolt (79),-648.900024,180.339996,-118.610001,,,,False,False,,,CollectableBolt (79),Environment/Collectables/Bolts/CollectableBolt (79),CollectableBolt,200821,level6,
level6:200822,Autumn,Bolt,CollectableBolt (111),-876.794678,22.806,22.926392,,,,True,True,,,CollectableBolt (111),Environment/Collectables/Bolts/CollectableBolt (111),CollectableBolt,200822,level6,
level6:200823,Autumn,Bolt,CollectableBolt (9),-433.076996,5.598,0.789,,,,True,True,,,CollectableBolt (9),Environment/Collectables/Bolts/CollectableBolt (9),CollectableBolt,200823,level6,
level6:200824,Autumn,Bolt,CollectableBolt (31),-432.612579,2.705453,-359.092529,,,,True,True,,,CollectableBolt (31),Environment/Collectables/Bolts/CollectableBolt (31),CollectableBolt,200824,level6,
level6:200825,Autumn,Bolt,CollectableBolt (65),-904.041992,1.038,183.156006,,,,True,True,,,CollectableBolt (65),Environment/Collectables/Bolts/CollectableBolt (65),CollectableBolt,200825,level6,
level6:200826,Autumn,Bolt,CollectableBolt (149),-100.705938,1.721594,-316.565043,,,level6:195710,True,False,,,CollectableBolt (149),Environment/MISC/Chests/SM_Prop_Chest_Wood_01 (17)/Bolt Holder/CollectableBolt (149),CollectableBolt,200826,level6,
level6:200827,Autumn,Bolt,CollectableBolt (149),2.971055,2.761757,243.346626,,,level6:195705,True,False,,,CollectableBolt (149),Environment/MISC/Chests/SM_Prop_Chest_Wood_01 (13)/Bolt Holder/CollectableBolt (149),CollectableBolt,200827,level6,
level6:200828,Autumn,Bolt,CollectableBolt (149),-522.664197,76.204801,422.095585,,,level6:195701,True,False,,,CollectableBolt (149),Environment/MISC/Chests/SM_Prop_Chest_Wood_01 (27)/Bolt Holder/CollectableBolt (149),CollectableBolt,200828,level6,
level6:200829,Autumn,Bolt,CollectableBolt (150),-870.960676,50.552689,-92.460172,,,level6:195946,True,False,,,CollectableBolt (150),Environment/MISC/Chests/SM_Prop_Chest_Wood_01 (3)/Bolt Holder/CollectableBolt (150),CollectableBolt,200829,level6,
level6:200830,Autumn,Bolt,CollectableBolt (24),-131.783005,1.774,-43.080002,,,,True,True,,,CollectableBolt (24),Environment/Collectables/Bolts/CollectableBolt (24),CollectableBolt,200830,level6,
level6:200831,Autumn,Bolt,CollectableBolt (134),-130.009995,10.04,216.270004,,,,True,True,,,CollectableBolt (134),Environment/Collectables/Bolts/CollectableBolt (134),CollectableBolt,200831,level6,
level6:200832,Autumn,Bolt,CollectableBolt (150),-142.788634,136.968999,369.519605,,,level6:195778,True,False,,,CollectableBolt (150),Environment/MISC/Chests/SM_Prop_Chest_Wood_01 (31)/Bolt Holder/CollectableBolt (150),CollectableBolt,200832,level6,
level6:200833,Autumn,Bolt,CollectableBolt (4),-208.556,1.786,-89.047997,,,,True,True,,,CollectableBolt (4),Environment/Collectables/Bolts/CollectableBolt (4),CollectableBolt,200833,level6,
level6:200834,Autumn,Bolt,CollectableBolt (149),-858.852353,14.570104,-36.294186,,,level6:195594,True,False,,,CollectableBolt (149),Environment/MISC/Chests/SM_Prop_Chest_Wood_01 (21)/Bolt Holder/CollectableBolt (149),CollectableBolt,200834,level6,
level6:200835,Autumn,Bolt,CollectableBolt (85),-895.044006,121.199997,154.093994,,,,True,True,,,CollectableBolt (85),Environment/Collectables/Bolts/CollectableBolt (85),CollectableBolt,200835,level6,
level6:200836,Autumn,Bolt,CollectableBolt (69),-370.273986,1.77,191.568999,,,,True,False,,,CollectableBolt (69),Environment/Manmade/Residential/Farms/Gardening Club/FlowerTrigger/Flower Holder/CollectableBolt (69),CollectableBolt,200836,level6,
level6:200837,Autumn,Bolt,CollectableBolt (150),-118.839322,11.450188,-95.419055,,,level6:195806,True,False,,,CollectableBolt (150),Environment/MISC/Chests/SM_Prop_Chest_Wood_01 (15)/Bolt Holder/CollectableBolt (150),CollectableBolt,200837,level6,
level6:200838,Autumn,Bolt,CollectableBolt (150),-648.794699,180.014941,-116.035603,,,level6:194401,True,False,,,CollectableBolt (150),Environment/MISC/Chests/SM_Prop_Chest_Wood_01 (7)/Bolt Holder/CollectableBolt (150),CollectableBolt,200838,level6,
level6:200839,Autumn,Bolt,CollectableBolt (102),-379.509644,7.970176,-374.933258,,,,True,True,,,CollectableBolt (102),Environment/Collectables/Bolts/CollectableBolt (102),CollectableBolt,200839,level6,
level6:200840,Autumn,Bolt,CollectableBolt (150),-701.052116,18.56989,79.14846,,,level6:194384,True,False,,,CollectableBolt (150),Environment/MISC/Chests/SM_Prop_Chest_Wood_01 (23)/Bolt Holder/CollectableBolt (150),CollectableBolt,200840,level6,
level6:200841,Autumn,Bolt,CollectableBolt (53),-394.244751,60.644104,447.713074,,,,True,True,,,CollectableBolt (53),Environment/Collectables/Bolts/CollectableBolt (53),CollectableBolt,200841,level6,
level6:200842,Autumn,Bolt,CollectableBolt (149),-221.319472,5.731277,-290.287119,,,level6:194611,True,False,,,CollectableBolt (149),Environment/MISC/Chests/SM_Prop_Chest_Wood_01 (6)/Bolt Holder/CollectableBolt (149),CollectableBolt,200842,level6,
level6:200843,Autumn,Bolt,CollectableBolt (150),-534.346508,77.007611,556.332193,,,level6:194431,True,False,,,CollectableBolt (150),Environment/MISC/Chests/SM_Prop_Chest_Wood_01 (28)/Bolt Holder/CollectableBolt (150),CollectableBolt,200843,level6,
level6:200844,Autumn,Bolt,CollectableBolt (150),-589.547853,139.555472,206.602646,,,level6:194439,True,False,,,CollectableBolt (150),Environment/MISC/Chests/SM_Prop_Chest_Wood_01 (36)/Bolt Holder/CollectableBolt (150),CollectableBolt,200844,level6,
level6:200845,Autumn,Bolt,CollectableBolt (149),-156.40579,1.866098,113.237955,,,,True,False,,,CollectableBolt (149),Environment/Manmade/Score Board/Crol/Score Board Crol Blue/SM_Prop_Chest_Wood_01 (39)/Bolt Holder/CollectableBolt (149),CollectableBolt,200845,level6,
level6:200846,Autumn,Bolt,CollectableBolt (149),-442.334527,4.480559,-345.282527,,,level6:194462,True,False,,,CollectableBolt (149),Environment/MISC/Chests/SM_Prop_Chest_Wood_01 (37)/Bolt Holder/CollectableBolt (149),CollectableBolt,200846,level6,
level6:200847,Autumn,Bolt,CollectableBolt (91),-430.549988,34.880001,331.279999,,,,True,True,,,CollectableBolt (91),Environment/Collectables/Bolts/CollectableBolt (91),CollectableBolt,200847,level6,
level6:200848,Autumn,Bolt,CollectableBolt (149),-450.379975,29.857774,126.04092,,,level6:194496,True,False,,,CollectableBolt (149),Environment/MISC/Chests/SM_Prop_Chest_Wood_01 (2)/Bolt Holder/CollectableBolt (149),CollectableBolt,200848,level6,
level6:200849,Autumn,Bolt,CollectableBolt (149),-525.8989,200.138815,-351.55407,,,level6:194498,True,False,,,CollectableBolt (149),Environment/MISC/Chests/SM_Prop_Chest_Wood_01 (34)/Bolt Holder/CollectableBolt (149),CollectableBolt,200849,level6,
level6:200850,Autumn,Bolt,CollectableBolt (150),-548.765557,4.57885,-306.754962,,,level6:194216,True,False,,,CollectableBolt (150),Environment/MISC/Chests/SM_Prop_Chest_Wood_01 (38)/Bolt Holder/CollectableBolt (150),CollectableBolt,200850,level6,
level6:200851,Autumn,Bolt,CollectableBolt (150),-639.121917,60.598276,478.487919,,,level6:194292,True,False,,,CollectableBolt (150),Environment/MISC/Chests/SM_Prop_Chest_Wood_01 (41)/Bolt Holder/CollectableBolt (150),CollectableBolt,200851,level6,
level6:200852,Autumn,Bolt,CollectableBolt (49),-502.521912,10.97,315.745667,,,,True,True,,,CollectableBolt (49),Environment/Collectables/Bolts/CollectableBolt (49),CollectableBolt,200852,level6,
level6:200853,Autumn,Bolt,CollectableBolt (149),-342.650261,9.343885,70.007218,,,level6:194510,True,False,,,CollectableBolt (149),Environment/MISC/Chests/SM_Prop_Chest_Wood_01 (2)/Bolt Holder/CollectableBolt (149),CollectableBolt,200853,level6,
level6:200854,Autumn,Bolt,CollectableBolt (150),-267.322235,7.593323,139.444534,,,level6:194298,True,False,,,CollectableBolt (150),Environment/MISC/Chests/SM_Prop_Chest_Wood_01 (9)/Bolt Holder/CollectableBolt (150),CollectableBolt,200854,level6,
level6:200855,Autumn,Bolt,CollectableBolt (12),23.597,7.324,379.989014,,,,True,True,,,CollectableBolt (12),Environment/Collectables/Bolts/CollectableBolt (12),CollectableBolt,200855,level6,
level6:200856,Autumn,Bolt,CollectableBolt (52),-424.799988,62.431,365.651001,,,,True,True,,,CollectableBolt (52),Environment/Collectables/Bolts/CollectableBolt (52),CollectableBolt,200856,level6,
level6:200857,Autumn,Bolt,CollectableBolt (150),-34.704273,4.149512,79.155566,,,level6:194348,True,False,,,CollectableBolt (150),Environment/MISC/Chests/SM_Prop_Chest_Wood_01 (14)/Bolt Holder/CollectableBolt (150),CollectableBolt,200857,level6,
level6:200858,Autumn,Bolt,CollectableBolt (90),-601.080017,311.48999,505.320007,,,,True,True,,,CollectableBolt (90),Environment/Collectables/Bolts/CollectableBolt (90),CollectableBolt,200858,level6,
level6:200859,Autumn,Bolt,CollectableBolt (44),-790.828735,13.024217,236.774673,,,,True,True,,,CollectableBolt (44),Environment/Collectables/Bolts/CollectableBolt (44),CollectableBolt,200859,level6,
level6:200860,Autumn,Bolt,CollectableBolt (14),-219.824005,5.403,440.334991,,,,True,True,,,CollectableBolt (14),Environment/Collectables/Bolts/CollectableBolt (14),CollectableBolt,200860,level6,
level6:200861,Autumn,Bolt,CollectableBolt (36),-747.26001,13.09,-415.470001,,,,True,True,,,CollectableBolt (36),Environment/Collectables/Bolts/CollectableBolt (36),CollectableBolt,200861,level6,
level6:200862,Autumn,Bolt,CollectableBolt (99),-183.285492,41.124287,-285.457001,,,,True,True,,,CollectableBolt (99),Environment/Collectables/Bolts/CollectableBolt (99),CollectableBolt,200862,level6,
level6:200863,Autumn,Bolt,CollectableBolt (149),-700.935972,18.553682,79.894066,,,level6:194384,True,False,,,CollectableBolt (149),Environment/MISC/Chests/SM_Prop_Chest_Wood_01 (23)/Bolt Holder/CollectableBolt (149),CollectableBolt,200863,level6,
level6:200864,Autumn,Bolt,CollectableBolt (150),-221.162309,5.731278,-291.025347,,,level6:194611,True,False,,,CollectableBolt (150),Environment/MISC/Chests/SM_Prop_Chest_Wood_01 (6)/Bolt Holder/CollectableBolt (150),CollectableBolt,200864,level6,
level6:200865,Autumn,Bolt,CollectableBolt (66),-737.370972,16.885,129.951996,,,,True,True,,,CollectableBolt (66),Environment/Collectables/Bolts/CollectableBolt (66),CollectableBolt,200865,level6,
level6:200866,Autumn,Bolt,CollectableBolt (34),-665.932007,2.443,-186.934006,,,,True,True,,,CollectableBolt (34),Environment/Collectables/Bolts/CollectableBolt (34),CollectableBolt,200866,level6,
level6:200867,Autumn,Bolt,CollectableBolt (149),-649.106307,180.034956,-116.722757,,,level6:194401,True,False,,,CollectableBolt (149),Environment/MISC/Chests/SM_Prop_Chest_Wood_01 (7)/Bolt Holder/CollectableBolt (149),CollectableBolt,200867,level6,
level6:200868,Autumn,Bolt,CollectableBolt (149),-535.042314,77.120808,556.601859,,,level6:194431,True,False,,,CollectableBolt (149),Environment/MISC/Chests/SM_Prop_Chest_Wood_01 (28)/Bolt Holder/CollectableBolt (149),CollectableBolt,200868,level6,
level6:200869,Autumn,Bolt,CollectableBolt (116),-616.289612,1.161726,204.8629,,,,True,True,,,CollectableBolt (116),Environment/Collectables/Bolts/CollectableBolt (116),CollectableBolt,200869,level6,
level6:200870,Autumn,Bolt,CollectableBolt (149),-590.292878,139.557102,206.48175,,,level6:194439,True,False,,,CollectableBolt (149),Environment/MISC/Chests/SM_Prop_Chest_Wood_01 (36)/Bolt Holder/CollectableBolt (149),CollectableBolt,200870,level6,
level6:200871,Autumn,Bolt,CollectableBolt (124),-203.030838,1.00296,530.183228,,,,True,True,,,CollectableBolt (124),Environment/Collectables/Bolts/CollectableBolt (124),CollectableBolt,200871,level6,
level6:200872,Autumn,Bolt,CollectableBolt (94),-204.085632,5.82,72.485001,,,,True,True,,,CollectableBolt (94),Environment/Collectables/Bolts/CollectableBolt (94),CollectableBolt,200872,level6,
level6:200873,Autumn,Bolt,CollectableBolt (149),-549.308232,4.643775,-306.234415,,,level6:194216,True,False,,,CollectableBolt (149),Environment/MISC/Chests/SM_Prop_Chest_Wood_01 (38)/Bolt Holder/CollectableBolt (149),CollectableBolt,200873,level6,
level6:200874,Autumn,Bolt,CollectableBolt (82),-739.742981,16.832977,124.945999,,,level6:202497,True,False,,,CollectableBolt (82),Environment/MISC/Suitcase/Full/suitcase-big (11)/Container OBJ/CollectableBolt (82),CollectableBolt,200874,level6,
level6:200875,Autumn,Bolt,CollectableBolt (150),-450.407783,29.835653,125.359474,,,level6:194496,True,False,,,CollectableBolt (150),Environment/MISC/Chests/SM_Prop_Chest_Wood_01 (2)/Bolt Holder/CollectableBolt (150),CollectableBolt,200875,level6,
level6:200876,Autumn,Bolt,CollectableBolt (150),-526.58383,200.11144,-351.869983,,,level6:194498,True,False,,,CollectableBolt (150),Environment/MISC/Chests/SM_Prop_Chest_Wood_01 (34)/Bolt Holder/CollectableBolt (150),CollectableBolt,200876,level6,
level6:200877,Autumn,Bolt,CollectableBolt (130),-649.346008,141.345993,437.670013,,,,True,True,,,CollectableBolt (130),Environment/Collectables/Bolts/CollectableBolt (130),CollectableBolt,200877,level6,
level6:200878,Autumn,Bolt,CollectableBolt (149),-267.561127,7.630328,138.729523,,,level6:194298,True,False,,,CollectableBolt (149),Environment/MISC/Chests/SM_Prop_Chest_Wood_01 (9)/Bolt Holder/CollectableBolt (149),CollectableBolt,200878,level6,
level6:200879,Autumn,Bolt,CollectableBolt (67),-431.73999,41.580002,336.630005,,,,True,True,,,CollectableBolt (67),Environment/Collectables/Bolts/CollectableBolt (67),CollectableBolt,200879,level6,
level6:200880,Autumn,Bolt,CollectableBolt (149),-639.775561,60.598275,478.110519,,,level6:194292,True,False,,,CollectableBolt (149),Environment/MISC/Chests/SM_Prop_Chest_Wood_01 (41)/Bolt Holder/CollectableBolt (149),CollectableBolt,200880,level6,
level6:200881,Autumn,Bolt,CollectableBolt (150),-342.369771,9.343885,69.604562,,,level6:194510,True,False,,,CollectableBolt (150),Environment/MISC/Chests/SM_Prop_Chest_Wood_01 (2)/Bolt Holder/CollectableBolt (150),CollectableBolt,200881,level6,
level6:200882,Autumn,Bolt,CollectableBolt (150),-155.939251,1.89312,113.830654,,,,True,False,,,CollectableBolt (150),Environment/Manmade/Score Board/Crol/Score Board Crol Blue/SM_Prop_Chest_Wood_01 (39)/Bolt Holder/CollectableBolt (150),CollectableBolt,200882,level6,
level6:200883,Autumn,Bolt,CollectableBolt (75),-541.874329,41.439751,-37.343559,,,,True,True,,,CollectableBolt (75),Environment/Collectables/Bolts/CollectableBolt (75),CollectableBolt,200883,level6,
level6:200884,Autumn,Bolt,CollectableBolt (150),-443.08783,4.443857,-345.311988,,,level6:194462,True,False,,,CollectableBolt (150),Environment/MISC/Chests/SM_Prop_Chest_Wood_01 (37)/Bolt Holder/CollectableBolt (150),CollectableBolt,200884,level6,
level6:200885,Autumn,Bolt,CollectableBolt (149),-34.765549,4.142065,79.90781,,,level6:194348,True,False,,,CollectableBolt (149),Environment/MISC/Chests/SM_Prop_Chest_Wood_01 (14)/Bolt Holder/CollectableBolt (149),CollectableBolt,200885,level6,
level6:200886,Autumn,Bolt,CollectableBolt (21),-280.600006,2.591,15.906,,,,True,True,,,CollectableBolt (21),Environment/Collectables/Bolts/CollectableBolt (21),CollectableBolt,200886,level6,
level6:200887,Autumn,Bolt,CollectableBolt (149),-682.223999,70.359001,123.970001,,,,True,True,,,CollectableBolt (149),Environment/Collectables/Bolts/CollectableBolt (149),CollectableBolt,200887,level6,
level6:200888,Autumn,Bolt,CollectableBolt (68),-247.320007,32.893002,184.880005,,,,False,False,,,CollectableBolt (68),Environment/Collectables/Bolts/CollectableBolt (68),CollectableBolt,200888,level6,
level6:200889,Autumn,Bolt,CollectableBolt (150),-133.201611,106.791461,-100.812989,,,level6:194800,True,False,,,CollectableBolt (150),Environment/MISC/Chests/SM_Prop_Chest_Wood_01 (33)/Bolt Holder/CollectableBolt (150),CollectableBolt,200889,level6,
level6:200890,Autumn,Bolt,CollectableBolt (83),-618.549438,253.253876,182.730209,,,,True,True,,,CollectableBolt (83),Environment/Collectables/Bolts/CollectableBolt (83),CollectableBolt,200890,level6,
level6:200891,Autumn,Bolt,CollectableBolt (135),-105.93,14.19,298.720001,,,,True,True,,,CollectableBolt (135),Environment/Collectables/Bolts/CollectableBolt (135),CollectableBolt,200891,level6,
level6:200892,Autumn,Bolt,CollectableBolt (125),-127.863998,8.059,490.252014,,,,True,True,,,CollectableBolt (125),Environment/Collectables/Bolts/CollectableBolt (125),CollectableBolt,200892,level6,
level6:200893,Autumn,Bolt,CollectableBolt (150),-795.554679,76.049885,526.078324,,,level6:194857,True,False,,,CollectableBolt (150),Environment/MISC/Chests/SM_Prop_Chest_Wood_01 (29)/Bolt Holder/CollectableBolt (150),CollectableBolt,200893,level6,
level6:200894,Autumn,Bolt,CollectableBolt (41),-886.697571,7.035282,-37.659172,,,,True,True,,,CollectableBolt (41),Environment/Collectables/Bolts/CollectableBolt (41),CollectableBolt,200894,level6,
level6:200895,Autumn,Bolt,CollectableBolt (28),-162.980331,20.80047,-174.517456,,,,True,True,,,CollectableBolt (28),Environment/Collectables/Bolts/CollectableBolt (28),CollectableBolt,200895,level6,
level6:200896,Autumn,Bolt,CollectableBolt (145),-570.539978,21.200001,265.709991,,,,True,True,,,CollectableBolt (145),Environment/Collectables/Bolts/CollectableBolt (145),CollectableBolt,200896,level6,
level6:200897,Autumn,Bolt,CollectableBolt (86),-890.338013,157.406998,161.701996,,,,True,True,,,CollectableBolt (86),Environment/Collectables/Bolts/CollectableBolt (86),CollectableBolt,200897,level6,
level6:200898,Autumn,Bolt,CollectableBolt (17),-210.026703,4.362955,310.785553,,,,True,True,,,CollectableBolt (17),Environment/Collectables/Bolts/CollectableBolt (17),CollectableBolt,200898,level6,
level6:200899,Autumn,Bolt,CollectableBolt (149),-133.635578,106.845985,-101.428115,,,level6:194800,True,False,,,CollectableBolt (149),Environment/MISC/Chests/SM_Prop_Chest_Wood_01 (33)/Bolt Holder/CollectableBolt (149),CollectableBolt,200899,level6,
level6:200900,Autumn,Bolt,CollectableBolt (20),-327.957001,3.228,111.723,,,,True,True,,,CollectableBolt (20),Environment/Collectables/Bolts/CollectableBolt (20),CollectableBolt,200900,level6,
level6:200901,Autumn,Bolt,CollectableBolt (149),-794.964267,76.131134,525.61519,,,level6:194857,True,False,,,CollectableBolt (149),Environment/MISC/Chests/SM_Prop_Chest_Wood_01 (29)/Bolt Holder/CollectableBolt (149),CollectableBolt,200901,level6,
level6:200902,Autumn,Bolt,CollectableBolt (107),-805.054993,34.139999,-67.218002,,,,False,False,,,CollectableBolt (107),Environment/Collectables/Bolts/CollectableBolt (107),CollectableBolt,200902,level6,
level6:200903,Autumn,Bolt,CollectableBolt (98),-116.869965,21.08,-181.639847,,,,True,True,,,CollectableBolt (98),Environment/Collectables/Bolts/CollectableBolt (98),CollectableBolt,200903,level6,
level6:200904,Autumn,Bolt,CollectableBolt (93),-191.713089,3.31,142.872314,,,,True,True,,,CollectableBolt (93),Environment/Collectables/Bolts/CollectableBolt (93),CollectableBolt,200904,level6,
level6:200905,Autumn,Bolt,CollectableBolt (143),-271.799988,1.44,-362.970001,,,,True,True,,,CollectableBolt (143),Environment/Collectables/Bolts/CollectableBolt (143),CollectableBolt,200905,level6,
level6:200911,Autumn,NPC,Jim,-747.962509,17.189617,80.2052,,,,True,True,,,CycleFrog1,Frog Folder/Moving NPCs/Bicycle/Bike Patrol Holder_Skinny/BikeMesh/CycleFrog1,NpcBase,200911,level6,
level6:200913,Autumn,NPC,Layla,-768.066662,1.738925,-368.294002,,,,True,True,,,CycleFrog4,Frog Folder/Moving NPCs/Bicycle/Bike Patrol Holder_Skinny (1)/BikeMesh/CycleFrog4,NpcBase,200913,level6,
level6:200923,Autumn,Juice,Apple Juice #1,-194.874832,5.51,69.666473,,,,True,True,Apple,1,Apple Juiice Variant,Environment/Collectables/Juice Boxes/Apple Juice 5/Apple Juiice Variant,JuiceCollectable,200923,level6,
level6:200924,Autumn,Juice,Apple Juice #5,-210.645615,5.67,185.488327,,,,True,True,Apple,5,Apple Juiice Variant (4),Environment/Collectables/Juice Boxes/Apple Juice 5/Apple Juiice Variant (4),JuiceCollectable,200924,level6,
level6:200925,Autumn,Juice,Blueberry Juice #2,-671.574463,299.320007,450.25,,,,True,True,Blueberry,2,Blueberry Juice Variant (1),Environment/Collectables/Juice Boxes/Blueberry 5/Blueberry Juice Variant (1),JuiceCollectable,200925,level6,
level6:200926,Autumn,Juice,Grapefruit Juice #1,-263.390015,37.372002,315.359985,,,,True,True,Grapefruit,1,GrapeFruit Juice Variant,Environment/Collectables/Juice Boxes/GrapeFruit 5/GrapeFruit Juice Variant,JuiceCollectable,200926,level6,
level6:200927,Autumn,Juice,Grapefruit Juice #2,-116.770226,141.780197,415.685394,,,,True,True,Grapefruit,2,GrapeFruit Juice Variant,Environment/Collectables/Juice Boxes/GrapeFruit 5/GrapeFruit Juice Variant,JuiceCollectable,200927,level6,
level6:200928,Autumn,Juice,Grapefruit Juice #3,-525.088196,103.610001,412.899353,,,,True,True,Grapefruit,3,GrapeFruit Juice Variant,Environment/Collectables/Juice Boxes/GrapeFruit 5/GrapeFruit Juice Variant,JuiceCollectable,200928,level6,
level6:200929,Autumn,Juice,Apple Juice #4,-290.684021,4.76,-110.540001,,,,True,True,Apple,4,Apple Juiice Variant (3),Environment/Collectables/Juice Boxes/Apple Juice 5/Apple Juiice Variant (3),JuiceCollectable,200929,level6,
level6:200930,Autumn,Juice,Blueberry Juice #3,-848.109009,194.505997,147.869003,,,,True,True,Blueberry,3,Blueberry Juice Variant (2),Environment/Collectables/Juice Boxes/Blueberry 5/Blueberry Juice Variant (2),JuiceCollectable,200930,level6,
level6:200931,Autumn,Juice,Lime Juice #2,-872.539978,73.042358,247.934006,,,,False,False,Lime,2,Lime Juice Variant (1),Environment/Collectables/Juice Boxes/Lime 3/Lime Juice Variant (1),JuiceCollectable,200931,level6,
level6:200932,Autumn,Juice,Apple Juice #2,-341.116516,0.85,-214.525833,,,,True,True,Apple,2,Apple Juiice Variant (1),Environment/Collectables/Juice Boxes/Apple Juice 5/Apple Juiice Variant (1),JuiceCollectable,200932,level6,
level6:200933,Autumn,Juice,Lime Juice #3,-521.520813,40.48,-38.560001,,,,False,False,Lime,3,Lime Juice Variant (2),Environment/Collectables/Juice Boxes/Lime 3/Lime Juice Variant (2),JuiceCollectable,200933,level6,
level6:200934,Autumn,Juice,Blueberry Juice #5,-450.079987,90.190002,63.580002,,,,True,True,Blueberry,5,Blueberry Juice Variant (4),Environment/Collectables/Juice Boxes/Blueberry 5/Blueberry Juice Variant (4),JuiceCollectable,200934,level6,
level6:200935,Autumn,Juice,Grapefruit Juice #4,-533.338013,18.248083,114.82428,,,,True,True,Grapefruit,4,GrapeFruit Juice Variant,Environment/Collectables/Juice Boxes/GrapeFruit 5/GrapeFruit Juice Variant,JuiceCollectable,200935,level6,
level6:200936,Autumn,Juice,Blueberry Juice #4,-884.677002,69.761002,-148.708603,,,,True,True,Blueberry,4,Blueberry Juice Variant (3),Environment/Collectables/Juice Boxes/Blueberry 5/Blueberry Juice Variant (3),JuiceCollectable,200936,level6,
level6:200937,Autumn,Juice,Lime Juice #1,-680.178467,61.080002,132.100006,,,,False,False,Lime,1,Lime Juice Variant,Environment/Collectables/Juice Boxes/Lime 3/Lime Juice Variant,JuiceCollectable,200937,level6,
level6:200938,Autumn,Juice,Grapefruit Juice #5,-625.299988,140.320007,-111.699997,,,,True,True,Grapefruit,5,GrapeFruit Juice Variant,Environment/Collectables/Juice Boxes/GrapeFruit 5/GrapeFruit Juice Variant,JuiceCollectable,200938,level6,
level6:200939,Autumn,Juice,Blueberry Juice #1,-797.840027,103.709999,517.116699,,,,True,True,Blueberry,1,Blueberry Juice Variant,Environment/Collectables/Juice Boxes/Blueberry 5/Blueberry Juice Variant,JuiceCollectable,200939,level6,
level6:200940,Autumn,Juice,Apple Juice #3,-91.169998,14.51,-111.160004,,,,True,True,Apple,3,Apple Juiice Variant (2),Environment/Collectables/Juice Boxes/Apple Juice 5/Apple Juiice Variant (2),JuiceCollectable,200940,level6,
level6:201231,Autumn,Egg,Egg,-743.708984,16.326,123.767998,,,,True,True,,,Egg,Environment/MISC/Eggs/Empty Egg/Egg Holder Empty (3)/Egg,EggCrackingScript,201231,level6,
level6:201232,Autumn,Egg,Egg,-706.276978,1.447,-216.597,,,,True,False,,,Egg,Environment/MISC/Eggs/Empty Egg/Egg Holder Empty (12)/Egg,EggCrackingScript,201232,level6,
level6:201233,Autumn,Egg,Egg,-545.107727,17.982397,-171.826202,,,,True,True,,,Egg,Environment/MISC/Eggs/Egg Reward/Egg Holder (8)/Egg,EggCrackingScript,201233,level6,
level6:201234,Autumn,Egg,Egg,-814.119995,59.898998,421.367004,,,,True,True,,,Egg,Environment/MISC/Eggs/Empty Egg/Egg Holder Empty (23)/Egg,EggCrackingScript,201234,level6,
level6:201235,Autumn,Egg,Egg,-246.561005,2.297,-60.313,,,,True,True,,,Egg,Environment/MISC/Eggs/Empty Egg/Egg Holder Empty (19)/Egg,EggCrackingScript,201235,level6,
level6:201236,Autumn,Egg,Egg,-794.679993,16.67,64.160004,,,,True,True,,,Egg,Environment/MISC/Eggs/Egg Reward/Egg Holder (4)/Egg,EggCrackingScript,201236,level6,
level6:201237,Autumn,Egg,Egg,-362.194,2.634,320.765991,,,,True,True,,,Egg,Environment/MISC/Eggs/Empty Egg/Egg Holder Empty (4)/Egg,EggCrackingScript,201237,level6,
level6:201238,Autumn,Egg,Egg,-696.759888,17.937,79.888458,,,,True,True,,,Egg,Environment/MISC/Eggs/Empty Egg/Egg Holder Empty (10)/Egg,EggCrackingScript,201238,level6,
level6:201239,Autumn,Egg,Egg,-72.797997,4.784,124.739998,,,,True,True,,,Egg,Environment/MISC/Eggs/Egg Reward/Egg Holder (11)/Egg,EggCrackingScript,201239,level6,
level6:201240,Autumn,Egg,Egg,-546.812012,17.908001,-171.472,,,,True,False,,,Egg,Environment/MISC/Eggs/Empty Egg/Egg Holder Empty (16)/Egg,EggCrackingScript,201240,level6,
level6:201241,Autumn,Egg,Egg,-502.632599,60.147999,531.397766,,,,True,False,,,Egg,Environment/MISC/Eggs/Empty Egg/Egg Holder Empty (15)/Egg,EggCrackingScript,201241,level6,
level6:201242,Autumn,Egg,Egg,-684.782349,17.948,69.608452,,,,True,True,,,Egg,Environment/MISC/Eggs/Empty Egg/Egg Holder Empty (9)/Egg,EggCrackingScript,201242,level6,
level6:201243,Autumn,Egg,Egg,-694.422424,17.950001,53.893509,,,,True,True,,,Egg,Environment/MISC/Eggs/Egg Reward/Egg Holder (1)/Egg,EggCrackingScript,201243,level6,
level6:201244,Autumn,Egg,Egg,-706.91803,1.745,-219.380005,,,,True,True,,,Egg,Environment/MISC/Eggs/Egg Reward/Egg Holder (6)/Egg,EggCrackingScript,201244,level6,
level6:201245,Autumn,Egg,Egg,-246.647003,4.981,-274.787994,,,,True,True,,,Egg,Environment/MISC/Eggs/Empty Egg/Egg Holder Empty (17)/Egg,EggCrackingScript,201245,level6,
level6:201246,Autumn,Egg,Egg,-653.349976,-0.04,-35.810001,,,,True,True,,,Egg,Environment/MISC/Eggs/Egg Reward/Egg Holder (5)/Egg,EggCrackingScript,201246,level6,
level6:201247,Autumn,Egg,Egg,-377.618988,2.914,297.015991,,,,True,True,,,Egg,Environment/MISC/Eggs/Empty Egg/Egg Holder Empty (5)/Egg,EggCrackingScript,201247,level6,
level6:201248,Autumn,Egg,Egg,-607.112854,177.440002,229.192535,,,,True,True,,,Egg,Environment/MISC/Eggs/Empty Egg/Egg Holder Empty (21)/Egg,EggCrackingScript,201248,level6,
level6:201249,Autumn,Egg,Egg,-608.000977,177.567001,229.270996,,,,True,True,,,Egg,Environment/MISC/Eggs/Empty Egg/Egg Holder Empty (22)/Egg,EggCrackingScript,201249,level6,
level6:201250,Autumn,Egg,Egg,-678.299011,17.860001,85.214996,,,,True,True,,,Egg,Environment/MISC/Eggs/Empty Egg/Egg Holder Empty (7)/Egg,EggCrackingScript,201250,level6,
level6:201251,Autumn,Egg,Egg,-895.085022,0.768,123.565002,,,,True,True,,,Egg,Environment/MISC/Eggs/Empty Egg/Egg Holder Empty (14)/Egg,EggCrackingScript,201251,level6,
level6:201252,Autumn,Egg,Egg,-698.208923,2.177,-240.707993,,,,True,True,,,Egg,Environment/MISC/Eggs/Empty Egg/Egg Holder Empty (13)/Egg,EggCrackingScript,201252,level6,
level6:201253,Autumn,Egg,Egg,-752.179016,16.348,133.623993,,,,True,True,,,Egg,Environment/MISC/Eggs/Egg Reward/Egg Holder (3)/Egg,EggCrackingScript,201253,level6,
level6:201254,Autumn,Egg,Egg,-224.087006,3.681,-313.516998,,,,True,True,,,Egg,Environment/MISC/Eggs/Egg Reward/Egg Holder (10)/Egg,EggCrackingScript,201254,level6,
level6:201255,Autumn,Egg,Egg,-696.174011,17.933001,53.806999,,,,True,True,,,Egg,Environment/MISC/Eggs/Empty Egg/Egg Holder Empty (8)/Egg,EggCrackingScript,201255,level6,
level6:201256,Autumn,Egg,Egg,-376.752014,2.897,298.024994,,,,True,True,,,Egg,Environment/MISC/Eggs/Empty Egg/Egg Holder Empty (6)/Egg,EggCrackingScript,201256,level6,
level6:201257,Autumn,Egg,Egg,-225.651001,3.8,-313.414001,,,,True,True,,,Egg,Environment/MISC/Eggs/Empty Egg/Egg Holder Empty (18)/Egg,EggCrackingScript,201257,level6,
level6:201258,Autumn,Egg,Egg,-246.227997,5.054,-273.290009,,,,True,True,,,Egg,Environment/MISC/Eggs/Egg Reward/Egg Holder (9)/Egg,EggCrackingScript,201258,level6,
level6:201259,Autumn,Egg,Egg,-745.570679,16.324654,126.874588,,,,True,True,,,Egg,Environment/MISC/Eggs/Egg Reward/Egg Holder (2)/Egg,EggCrackingScript,201259,level6,
level6:201260,Autumn,Egg,Egg,-221.966003,3.957,-302.248993,,,,True,True,,,Egg,Environment/MISC/Eggs/Empty Egg/Egg Holder Empty (20)/Egg,EggCrackingScript,201260,level6,
level6:201261,Autumn,Egg,Egg,-892.130005,0.72,118.910004,,,,True,True,,,Egg,Environment/MISC/Eggs/Egg Reward/Egg Holder (7)/Egg,EggCrackingScript,201261,level6,
level6:201262,Autumn,Egg,Egg,-501.443573,60.099449,530.787109,,,,True,False,,,Egg,Environment/MISC/Eggs/Egg Reward/Egg Holder (8)/Egg,EggCrackingScript,201262,level6,
level6:201263,Autumn,Egg,Egg,-246.289001,2.339,-59.166,,,,True,True,,,Egg,Environment/MISC/Eggs/Egg Reward/Egg Holder (12)/Egg,EggCrackingScript,201263,level6,
level6:201743,Autumn,NPC,Astrid,-445.207001,14.57,236.251007,,,,True,True,,,LakeFrog2,Frog Folder/Water/Lake/LakeFrog2,NpcBase,201743,level6,
level6:201747,Autumn,NPC,Casey,-818.030029,2.236,-227.580002,,,,False,False,,,Kid3,Frog Folder/Kid Camp/Kid3,NpcBase,201747,level6,
level6:201748,Autumn,NPC,Jack,-839.119344,125.561897,155.291986,,,level6:202493,True,False,,,ChestFrog,Environment/MISC/Suitcase/Full/suitcase-big (1)/Container OBJ/ChestFrog,NpcBase,201748,level6,
level6:201753,Autumn,Quest giver,Thea,-457.803009,6.05,201.093002,Find Thea's Earrings!,giver,,True,True,,,LakeFrog1,Frog Folder/Quest Frogs/Done/Bolt Reward/LakeFrog1,NpcBase,201753,level6,
level6:201759,Autumn,NPC,Indie,-809.69397,11.366,-201.498001,,,,True,True,,,Kid5,Frog Folder/Kid Camp/Kid5,NpcBase,201759,level6,
level6:201762,Autumn,Quest giver,Carl,-335.592773,3.663,101.953423,Carl's Missing Bracelet!,giver,,True,True,,,SearchingFrog,Frog Folder/Quest Frogs/Done/Mush Reward/SearchingFrog,NpcBase,201762,level6,The quest description names Mt. Croob; this marker follows the game's stored quest-item location near town.
level6:201766,Autumn,NPC,Craig,-801.094971,2.961,-221.160004,,,,True,True,,,Kid2,Frog Folder/Kid Camp/Kid2,NpcBase,201766,level6,
level6:201768,Autumn,NPC,Paige,-794.322021,2.839,-219.766006,,,,True,True,,,Kid1(DialogueHolder),Frog Folder/Kid Camp/Kid1(DialogueHolder),NpcBase,201768,level6,
level6:201771,Autumn,NPC,Larry,-60.440774,0.079,-64.254578,,,,True,True,,,GolemFrog,Frog Folder/Mountains/Mt.Tree/GolemFrog,NpcBase,201771,level6,
level6:201775,Autumn,Quest giver,Leanard,-695.159973,2.12,-226.020004,Find Leanard's Bones!,giver,,True,True,,,Arceheologist,Frog Folder/Quest Frogs/Done/Gacha Reward/Arceheologist,NpcBase,201775,level6,
level6:201778,Autumn,NPC,Jamie,-265.800781,20.255002,319.393474,,,,True,True,,,ChildStrugglingOnFloor2,Frog Folder/Climbing Center/ChildStrugglingOnFloor2,NpcBase,201778,level6,
level6:201789,Autumn,NPC,Sisyphus,-373.683533,100.538002,-108.364067,,,,True,True,,,Mt.Steg4,Frog Folder/Mountains/Mt. Steg/Mt.Steg4,NpcBase,201789,level6,
level6:201792,Autumn,NPC,Ruby,-295.072774,3.119,-100.062587,,,,True,True,,,PierFrog,Frog Folder/Water/Beach Bay/PierFrog,NpcBase,201792,level6,
level6:201793,Autumn,Quest giver,Ed,-556.051025,0.318,121.637001,Repair Andrew's Balloon!,giver,,True,True,,,Airport2,Frog Folder/Quest Frogs/Done/No Reward/Airport2,NpcBase,201793,level6,
level6:201798,Autumn,NPC,Benny,-674.52002,139.75,470.429993,,,,True,True,,,Mt.ShroomFrog5,Frog Folder/Mountains/Mt. Shroom/Mt.ShroomFrog5,NpcBase,201798,level6,
level6:201799,Autumn,NPC,Lisa,-32.500722,1.791,249.62703,,,,True,True,,,BoneFrog1,Frog Folder/Huts/Demo Area/BoneFrog1,NpcBase,201799,level6,
level6:201801,Autumn,NPC,Liam,-636.960022,167.300003,444.549988,,,,True,True,,,Mt.ShroomFrog3,Frog Folder/Mountains/Mt. Shroom/Mt.ShroomFrog3,NpcBase,201801,level6,
level6:201804,Autumn,NPC,Emma,-793.853699,85.601997,500.579987,,,,True,True,,,Boulder5,Frog Folder/Plateaua/Boulderers/Boulder5,NpcBase,201804,level6,
level6:201807,Autumn,NPC,Benny,-584.277405,312.15799,484.393738,,,,True,True,,,Mt.ShroomFrog2,Frog Folder/Mountains/Mt. Shroom/Mt.ShroomFrog2,NpcBase,201807,level6,
level6:201810,Autumn,NPC,Ghost,-84.263968,30.021406,-247.030582,,,,True,True,,,Ghost,Frog Folder/Misc/Spooky Area/Ghost,NpcBase,201810,level6,
level6:201813,Autumn,NPC,Carl,-307.380005,0.22,102.809998,,,,True,True,,,TownFrog4,Frog Folder/Hollow Town/TownFrog4,NpcBase,201813,level6,
level6:201816,Autumn,NPC,Jira,-567.370972,5.058,4.24,,,,True,True,,,LeafForest2,Frog Folder/Misc/Leaf Zone/LeafForest2,NpcBase,201816,level6,
level6:201817,Autumn,Quest giver,Benson,-145.264771,44.991001,-94.358589,Deliver Bob's Beans!,giver,,True,True,,,SittingIdleFrog2,Frog Folder/Quest Frogs/Done/No Reward/SittingIdleFrog2,NpcBase,201817,level6,
level6:201821,Autumn,NPC,Jamie,-151.520768,60.055003,-247.710587,,,,True,True,,,ScaredFrog1,Frog Folder/Misc/Spooky Area/ScaredFrog1,NpcBase,201821,level6,
level6:201824,Autumn,NPC,Alex,-197.952776,111.310997,-66.110584,,,,True,True,,,SittingIdleFrog1,Frog Folder/Mountains/Mt.Tree/SittingIdleFrog1,NpcBase,201824,level6,
level6:201826,Autumn,NPC,Beany,-314.256775,2.111,-105.590578,,,,True,True,,,BeachGoer2,Frog Folder/Water/Beach Bay/BeachGoer2,NpcBase,201826,level6,
level6:201829,Autumn,NPC,Linda,-277.976776,18.471,340.129436,,,,True,True,,,ClimbingCenterFrog1(DialogueHolder),Frog Folder/Climbing Center/ClimbingCenterFrog1(DialogueHolder),NpcBase,201829,level6,
level6:201831,Autumn,Quest giver,Lucy,-340.970001,8.956173,64.163002,Lucy's Lost Bracelet!,giver,,True,True,,,KneelingFrogTown,Frog Folder/Quest Frogs/Done/Gacha Reward/KneelingFrogTown,NpcBase,201831,level6,
level6:201833,Autumn,Quest giver,Gerard,-848.909973,-0.141,-299.26001,Gerad's Lost Moustache!,giver,,True,True,,,Stache5,Frog Folder/Quest Frogs/Done/Gacha Reward/Stache5,NpcBase,201833,level6,
level6:201839,Autumn,Quest giver,Caroline,-616.565491,251.179199,202.368866,One Armed Ascent!,giver,,True,True,,,Mt.TownFrog9,Frog Folder/Quest Frogs/Done/Gacha Reward/Mt.TownFrog9,NpcBase,201839,level6,
level6:201841,Autumn,NPC,Beemer,-241.320763,1.791,-60.806583,,,,True,True,,,SittingIdleFrog3,Frog Folder/Huts/Demo Area/SittingIdleFrog3,NpcBase,201841,level6,
level6:201842,Autumn,NPC,Leaper,-778.219604,54.999176,-312.899841,,,,True,True,,,Mt.AnatolFrog1,Frog Folder/Mountains/Mt. Anatol/Mt.AnatolFrog1,NpcBase,201842,level6,
level6:201845,Autumn,NPC,Fern,-525.710022,8.69,-281.660004,,,,True,True,,,MushroomHouse1,Frog Folder/Misc/Mushroom Forest/MushroomHouse1,NpcBase,201845,level6,
level6:201848,Autumn,NPC,Cane,-850.45166,232.746994,152.715866,,,,True,True,,,Mt.TownFrog7,Frog Folder/Mountains/Mt.Town/Mt.TownFrog7,NpcBase,201848,level6,
level6:201850,Autumn,NPC,Hof,-695.01001,68.848999,345.614716,,,,True,True,,,Plateau4,Frog Folder/Plateaua/Huts/Plateau4,NpcBase,201850,level6,
level6:201856,Autumn,Quest giver,Mikey,-410.53299,5.068,-243.164993,Mickey's Missing Flashlight!,giver,,True,True,,,Pottery3,Frog Folder/Quest Frogs/Done/Bolt Reward/Pottery3,NpcBase,201856,level6,
level6:201859,Autumn,NPC,Edward,-533.159482,177.668603,166.975497,,,,True,True,,,Mt.ThunderFrog8,Frog Folder/Mountains/Mt.Thunder/Mt.ThunderFrog8,NpcBase,201859,level6,
level6:201861,Autumn,NPC,Jeanne,-170.502372,8.7446,194.888626,,,,True,True,,,HappyHutFrog(DialogueHolder),Frog Folder/Huts/HappyHutFrog(DialogueHolder),NpcBase,201861,level6,
level6:201862,Autumn,Quest giver,Pike,-561.109985,2.42,60.560001,Bike Repair!,giver,,True,True,,,LeafForest3,Frog Folder/Quest Frogs/Done/Mush Reward/LeafForest3,NpcBase,201862,level6,
level6:201866,Autumn,NPC,Jack,-69.948233,0.609786,-205.344717,,,,True,True,,,StrugglingOnFloor,Frog Folder/Huts/Demo Area/StrugglingOnFloor,NpcBase,201866,level6,
level6:201867,Autumn,Quest target,Leanard,-321.678345,1.96,-283.98999,Find the Wandering Clowns!,target,,True,True,,,Clown4,Frog Folder/Quest Frogs/Deliver Targets/Clown4,NpcBase,201867,level6,This NPC has a later quest position; coordinates shown are the initial scene placement.
level6:201870,Autumn,NPC,Cooper,-1084.041125,-20.465472,-446.524774,,,,True,False,,,TractorRace,UI/Mini Games/Tractor Racer/TractorRace,NpcBase,201870,level6,
level6:201872,Autumn,NPC,Cooper,-681.40802,27.431,123.410004,,,,True,True,,,ClimbLookOut3,Frog Folder/Misc/Lookout Tower/ClimbLookOut3,NpcBase,201872,level6,
level6:201873,Autumn,Quest giver,Alexander,-799.219971,1.975,-187.029999,Crockery Collection!,giver,,True,True,,,Kid6,Frog Folder/Quest Frogs/Done/Gacha Reward/Kid6,NpcBase,201873,level6,
level6:201876,Autumn,NPC,Jack,-880.075997,186.384903,168.547111,,,level6:202509,True,False,,,ChestFrog,Environment/MISC/Suitcase/Full/suitcase-big (15)/Container OBJ/ChestFrog,NpcBase,201876,level6,
level6:201877,Autumn,NPC,Holly,-66.928762,4.983,119.001448,,,,True,True,,,NaturisticFrog,Frog Folder/Huts/Demo Area/NaturisticFrog,NpcBase,201877,level6,
level6:201883,Autumn,NPC,Lennox,-835.867004,0.395,-218.242004,,,,True,True,,,Kid4,Frog Folder/Kid Camp/Kid4,NpcBase,201883,level6,
level6:201888,Autumn,NPC,Billy,-282.079986,31.003004,368.453436,,,,True,True,,,FrogKid1,Frog Folder/Climbing Center/FrogKid1,NpcBase,201888,level6,
level6:201890,Autumn,NPC,Lu,-686.174011,61.436001,132.033997,,,,True,True,,,ClimbLookOut2,Frog Folder/Misc/Lookout Tower/ClimbLookOut2,NpcBase,201890,level6,
level6:201941,Autumn,NPC,Vendor,-651.996277,177.223999,186.3983,,,,True,True,,,CouponSeller7,Frog Folder/CouponVendors/CouponSeller7,NpcBase,201941,level6,
level6:201944,Autumn,NPC,Vendor,-544.098022,8.991,238.423996,,,,True,True,,,CouponSeller2,Frog Folder/CouponVendors/CouponSeller2,NpcBase,201944,level6,
level6:201946,Autumn,NPC,Tony,-136.669998,20.73,72.93,,,,True,True,,,AssertiveFrog,Frog Folder/AssertiveFrog,NpcBase,201946,level6,
level6:201948,Autumn,NPC,Vendor,-305.529999,0.808,78.160004,,,,True,True,,,CouponSeller1,Frog Folder/CouponVendors/CouponSeller1,NpcBase,201948,level6,
level6:201949,Autumn,NPC,Vendor,-420.59201,4.957,-231.904007,,,,True,True,,,CouponSeller4,Frog Folder/CouponVendors/CouponSeller4,NpcBase,201949,level6,
level6:201952,Autumn,NPC,Rodger,-275.476226,18.124736,370.090228,,,,True,True,,,ClimbingMember4,Frog Folder/Climbing Center/ClimbingMember4,NpcBase,201952,level6,
level6:201953,Autumn,NPC,Vendor,-256.910004,19.389999,341.480011,,,,True,True,,,CouponSeller3,Frog Folder/CouponVendors/CouponSeller3,NpcBase,201953,level6,
level6:201956,Autumn,NPC,Dodger,-280.040771,18.590999,351.801434,,,,True,True,,,Climbing Member3,Frog Folder/Climbing Center/Climbing Member3,NpcBase,201956,level6,
level6:201958,Autumn,NPC,Lodger,-269.115173,23.3894,344.303826,,,,True,True,,,Climbing Member2,Frog Folder/Climbing Center/Climbing Member2,NpcBase,201958,level6,
level6:201959,Autumn,NPC,Vendor,-198.490005,2.8,164.600006,,,,True,True,,,CouponSeller8,Frog Folder/CouponVendors/CouponSeller8,NpcBase,201959,level6,
level6:201962,Autumn,NPC,Lorraine,-801.909973,2.026,-199.580002,,,,True,True,,,ClimbingMemberSupervisor,Frog Folder/Kid Camp/ClimbingMemberSupervisor,NpcBase,201962,level6,
level6:201964,Autumn,NPC,Vendor,-856.325989,-0.017,-329.002014,,,,True,True,,,CouponSeller5,Frog Folder/CouponVendors/CouponSeller5,NpcBase,201964,level6,
level6:201966,Autumn,NPC,Vendor,-779.109009,16.676001,41.187,,,,True,True,,,CouponSeller6,Frog Folder/CouponVendors/CouponSeller6,NpcBase,201966,level6,
level6:202159,Autumn,NPC,AssertiveFrog,-136.822674,20.115173,71.410166,,,,False,False,,,AssertiveFrog,Environment/Nature/Intro Scene/AssertiveFrog,NpcBase,202159,level6,
level6:202190,Autumn,Juice,Kiwi Juice #1,-575.278809,1.99,34.509998,,,,False,False,Kiwi,1,Kiwi Juice Variant,Environment/Collectables/Juice Boxes/Kiwi 2/Kiwi Juice Variant,JuiceCollectable,202190,level6,
level6:202191,Autumn,Juice,Kiwi Juice #2,-545.506775,1.344,295.444397,,,,False,False,Kiwi,2,Kiwi Juice Variant (1),Environment/Collectables/Juice Boxes/Kiwi 2/Kiwi Juice Variant (1),JuiceCollectable,202191,level6,
level6:202218,Autumn,NPC,SCRAM,-230.994003,23.99,-155.968994,,,,True,True,,,TravellingFrog2,UI/Mini Games/TravelingFrogController/TravellingFrog2,NpcBase,202218,level6,Travelling NPC variant 2; the game activates variants in sequence.
level6:202475,Autumn,Mushroom,CollectableMushroom_35 (1),-245.771188,8.555672,127.329817,,,,True,False,,,CollectableMushroom_35 (1),Environment/Buildings/RepairableTractor/RepairedConstructParent/CollectableMushroom_35 (1),CollectableMushroom,202475,level6,
level6:202476,Autumn,Mushroom,CollectableMushroom_35 (1),-822.119812,17.026159,25.513638,,,,True,False,,,CollectableMushroom_35 (1),Environment/Buildings/RepairableTractor (1)/RepairedConstructParent/CollectableMushroom_35 (1),CollectableMushroom,202476,level6,
level6:202477,Autumn,Mushroom,CollectableMushroom_35 (1),-822.119812,17.026158,25.513638,,,,True,False,,,CollectableMushroom_35 (1),Environment/Repairable Buildings(Scene Specific)/RepairableTractor (1)/RepairedConstructParent/CollectableMushroom_35 (1),CollectableMushroom,202477,level6,
level6:202489,Autumn,Suitcase,suitcase-big (3),-74.502998,4.994,114.758003,,,,True,True,,,suitcase-big (3),Environment/MISC/Suitcase/Full/suitcase-big (3),SuitcaseOpenScript,202489,level6,
level6:202490,Autumn,Suitcase,suitcase-big (2),-620.747986,178.270004,238.143997,,,,True,True,,,suitcase-big (2),Environment/MISC/Suitcase/Full/suitcase-big (2),SuitcaseOpenScript,202490,level6,
level6:202491,Autumn,Suitcase,suitcase-big (13),-422.419006,60.007,447.013,,,,True,True,,,suitcase-big (13),Environment/MISC/Suitcase/Full/suitcase-big (13),SuitcaseOpenScript,202491,level6,
level6:202492,Autumn,Suitcase,suitcase-big (6),-233.832993,3.914,-299.138,,,,True,True,,,suitcase-big (6),Environment/MISC/Suitcase/Full/suitcase-big (6),SuitcaseOpenScript,202492,level6,
level6:202493,Autumn,Suitcase,suitcase-big (1),-839.179993,125.489998,155.449997,,,,True,True,,,suitcase-big (1),Environment/MISC/Suitcase/Full/suitcase-big (1),SuitcaseOpenScript,202493,level6,
level6:202494,Autumn,Suitcase,suitcase-big (12),-859.442993,0.113,248.350006,,,,True,True,,,suitcase-big (12),Environment/MISC/Suitcase/Full/suitcase-big (12),SuitcaseOpenScript,202494,level6,
level6:202495,Autumn,Suitcase,suitcase-big (1),-869.726013,200.026001,146.388,,,,True,True,,,suitcase-big (1),Environment/MISC/Suitcase/Full/suitcase-big (1),SuitcaseOpenScript,202495,level6,
level6:202496,Autumn,Suitcase,suitcase-big (1),-675.869324,290.144104,490.532684,,,,True,True,,,suitcase-big (1),Environment/MISC/Suitcase/Full/suitcase-big (1),SuitcaseOpenScript,202496,level6,
level6:202497,Autumn,Suitcase,suitcase-big (11),-739.742981,16.393,124.945999,,,,True,True,,,suitcase-big (11),Environment/MISC/Suitcase/Full/suitcase-big (11),SuitcaseOpenScript,202497,level6,
level6:202498,Autumn,Suitcase,suitcase-big (8),-831.482666,0.13,-325.335236,,,,True,True,,,suitcase-big (8),Environment/MISC/Suitcase/Full/suitcase-big (8),SuitcaseOpenScript,202498,level6,
level6:202499,Autumn,Suitcase,suitcase-big (7),-506.476013,41.571999,-34.056,,,,True,True,,,suitcase-big (7),Environment/MISC/Suitcase/Full/suitcase-big (7),SuitcaseOpenScript,202499,level6,
level6:202500,Autumn,Suitcase,suitcase-big (2),-630.482239,179.359879,234.930176,,,level6:202507,True,False,,,suitcase-big (2),Environment/MISC/Suitcase/Full/suitcase-big/Container OBJ/suitcase-big (1)/Container OBJ/suitcase-big (2),SuitcaseOpenScript,202500,level6,
level6:202501,Autumn,Suitcase,suitcase-big (10),-829.356018,60.005001,-108.875999,,,,True,True,,,suitcase-big (10),Environment/MISC/Suitcase/Full/suitcase-big (10),SuitcaseOpenScript,202501,level6,
level6:202502,Autumn,Suitcase,suitcase-big,-630.554504,179.359879,234.862534,,,,False,False,,,suitcase-big,Environment/MISC/Suitcase/Full/suitcase-big,SuitcaseOpenScript,202502,level6,
level6:202503,Autumn,Suitcase,suitcase-big (5),-83.699997,1.99,452.85434,,,,False,False,,,suitcase-big (5),Environment/MISC/Suitcase/Full/suitcase-big (5),SuitcaseOpenScript,202503,level6,
level6:202504,Autumn,Suitcase,suitcase-big (2),-880.84198,190.084,178.707993,,,,True,True,,,suitcase-big (2),Environment/MISC/Suitcase/Full/suitcase-big (2),SuitcaseOpenScript,202504,level6,
level6:202505,Autumn,Suitcase,suitcase-big (9),-826.330994,1.391,-225.709,,,,True,True,,,suitcase-big (9),Environment/MISC/Suitcase/Full/suitcase-big (9),SuitcaseOpenScript,202505,level6,
level6:202506,Autumn,Suitcase,suitcase-big (4),-128.007996,2.79,275.967987,,,,True,True,,,suitcase-big (4),Environment/MISC/Suitcase/Full/suitcase-big (4),SuitcaseOpenScript,202506,level6,
level6:202507,Autumn,Suitcase,suitcase-big (1),-630.482214,179.359879,234.930173,,,level6:202502,True,False,,,suitcase-big (1),Environment/MISC/Suitcase/Full/suitcase-big/Container OBJ/suitcase-big (1),SuitcaseOpenScript,202507,level6,
level6:202508,Autumn,Suitcase,suitcase-big (14),-317.082001,0.186,484.829987,,,,True,True,,,suitcase-big (14),Environment/MISC/Suitcase/Full/suitcase-big (14),SuitcaseOpenScript,202508,level6,
level6:202509,Autumn,Suitcase,suitcase-big (15),-879.909973,186.313004,168.580002,,,,False,False,,,suitcase-big (15),Environment/MISC/Suitcase/Full/suitcase-big (15),SuitcaseOpenScript,202509,level6,
level6:202542,Autumn,Quest pickup,QI-Bone (3),-665.317444,2.67,233.227051,Find Leanard's Bones!,pickup,,False,False,,,QI-Bone (3),Environment/Nature/Misc/Quest Items/Bones/QI-Bone (3),CollectableQuestItem,202542,level6,
level6:202543,Autumn,Quest pickup,QI-Bone,-693.700012,3.117496,-240.847992,Find Leanard's Bones!,pickup,,False,False,,,QI-Bone,Environment/Nature/Misc/Quest Items/Bones/QI-Bone,CollectableQuestItem,202543,level6,
level6:202544,Autumn,Quest pickup,QI-Bone (2),-686.934998,3.974,248.616226,Find Leanard's Bones!,pickup,,False,False,,,QI-Bone (2),Environment/Nature/Misc/Quest Items/Bones/QI-Bone (2),CollectableQuestItem,202544,level6,
level6:202545,Autumn,Quest pickup,QI-Bone (9),-167.101562,43.25,-237.927887,Find Leanard's Bones!,pickup,,False,False,,,QI-Bone (9),Environment/Nature/Misc/Quest Items/Bones/QI-Bone (9),CollectableQuestItem,202545,level6,
level6:202546,Autumn,Quest pickup,QI-Bone (8),-196.494019,1.25,527.472656,Find Leanard's Bones!,pickup,,False,False,,,QI-Bone (8),Environment/Nature/Misc/Quest Items/Bones/QI-Bone (8),CollectableQuestItem,202546,level6,
level6:202547,Autumn,Quest pickup,QI-Bone (4),-689.061646,7.226,226.013306,Find Leanard's Bones!,pickup,,False,False,,,QI-Bone (4),Environment/Nature/Misc/Quest Items/Bones/QI-Bone (4),CollectableQuestItem,202547,level6,
level6:202548,Autumn,Quest pickup,QI-Bone (5),-23.731812,3.558734,243.413727,Find Leanard's Bones!,pickup,,False,False,,,QI-Bone (5),Environment/Nature/Misc/Quest Items/Bones/QI-Bone (5),CollectableQuestItem,202548,level6,
level6:202549,Autumn,Quest pickup,QI-Bone (7),-821.513855,51.070999,-159.429596,Find Leanard's Bones!,pickup,,False,False,,,QI-Bone (7),Environment/Nature/Misc/Quest Items/Bones/QI-Bone (7),CollectableQuestItem,202549,level6,
level6:202550,Autumn,Quest pickup,QI-Bone (1),-694.070007,2.524269,-208.680618,Find Leanard's Bones!,pickup,,False,False,,,QI-Bone (1),Environment/Nature/Misc/Quest Items/Bones/QI-Bone (1),CollectableQuestItem,202550,level6,
level6:202551,Autumn,Quest pickup,QI-Bone (6),-42.355621,2.804978,244.290405,Find Leanard's Bones!,pickup,,False,False,,,QI-Bone (6),Environment/Nature/Misc/Quest Items/Bones/QI-Bone (6),CollectableQuestItem,202551,level6,
level6:202651,Autumn,Juice,Cherry Juice #2,-545.497009,1.266,295.412262,,,,True,True,Cherry,2,Cherry Juice Variant (1),Environment/Collectables/Juice Boxes/Cherry 5/Cherry Juice Variant (1),JuiceCollectable,202651,level6,
level6:202652,Autumn,Juice,Cherry Juice #4,-872.663025,73.036003,247.940994,,,,True,True,Cherry,4,Cherry Juice Variant (3),Environment/Collectables/Juice Boxes/Cherry 5/Cherry Juice Variant (3),JuiceCollectable,202652,level6,
level6:202653,Autumn,Juice,Cherry Juice #1,-575.320007,2.06,34.493,,,,True,True,Cherry,1,Cherry Juice Variant,Environment/Collectables/Juice Boxes/Cherry 5/Cherry Juice Variant,JuiceCollectable,202653,level6,
level6:202654,Autumn,Juice,Cherry Juice #3,-367.529999,131.179993,-147.332825,,,,True,True,Cherry,3,Cherry Juice Variant (2),Environment/Collectables/Juice Boxes/Cherry 5/Cherry Juice Variant (2),JuiceCollectable,202654,level6,
level6:202655,Autumn,Juice,Cherry Juice #5,-634.354248,98.227646,473.783752,,,,True,True,Cherry,5,Cherry Juice Variant (4),Environment/Collectables/Juice Boxes/Cherry 5/Cherry Juice Variant (4),JuiceCollectable,202655,level6,
level6:202660,Autumn,NPC,Toothless,-148.410995,60.058998,-259.509003,,,,True,True,,,EggHuntFrog,UI/Mini Games/EggHunt/EggHuntFrog,NpcBase,202660,level6,
level6:202794,Autumn,Mushroom,CollectableMushroom,-287.922516,29.622799,198.447769,,,,False,False,,,CollectableMushroom,Environment/MISC/Bird Boxes/birdhouse-b (1)/CollectableMushroom,CollectableMushroom,202794,level6,
level6:202795,Autumn,Mushroom,CollectableMushroom,-406.970373,14.063592,-46.790914,,,,False,False,,,CollectableMushroom,Environment/MISC/Bird Boxes/birdhouse-b (2)/CollectableMushroom,CollectableMushroom,202795,level6,
level6:202796,Autumn,Mushroom,CollectableMushroom,-250.260989,9.473,63.981963,,,,False,False,,,CollectableMushroom,Environment/MISC/Bird Boxes/birdhouse-b/CollectableMushroom,CollectableMushroom,202796,level6,
level6:202817,Autumn,Quest pickup,QI - BlueMushroom (1),-510.718201,4.124,-268.947998,Gather Mushrooms!,pickup,,False,False,,,QI - BlueMushroom (1),Environment/Nature/Misc/Quest Items/BlueMushrooms/QI - BlueMushroom (1),CollectableQuestItem,202817,level6,
level6:202818,Autumn,Quest pickup,QI - BlueMushroom,-537.044006,5.876275,-252.899567,Gather Mushrooms!,pickup,,False,False,,,QI - BlueMushroom,Environment/Nature/Misc/Quest Items/BlueMushrooms/QI - BlueMushroom,CollectableQuestItem,202818,level6,
level6:202819,Autumn,Quest pickup,QI - BlueMushroom (4),-552.538025,3.926,-221.671997,Gather Mushrooms!,pickup,,False,False,,,QI - BlueMushroom (4),Environment/Nature/Misc/Quest Items/BlueMushrooms/QI - BlueMushroom (4),CollectableQuestItem,202819,level6,
level6:202820,Autumn,Quest pickup,QI - BlueMushroom (2),-532.434021,18.459,-194.546997,Gather Mushrooms!,pickup,,False,False,,,QI - BlueMushroom (2),Environment/Nature/Misc/Quest Items/BlueMushrooms/QI - BlueMushroom (2),CollectableQuestItem,202820,level6,
level6:202821,Autumn,Quest pickup,QI - BlueMushroom (3),-471.829987,4.331,-190.875,Gather Mushrooms!,pickup,,False,False,,,QI - BlueMushroom (3),Environment/Nature/Misc/Quest Items/BlueMushrooms/QI - BlueMushroom (3),CollectableQuestItem,202821,level6,
level6:202857,Autumn,Mushroom,CollectableMushroom_30 (1),-315.400149,3.533746,89.449818,,,,False,False,,,CollectableMushroom_30 (1),Environment/Manmade/Reactive Jars/Jar Holder (28)/Reward/CollectableMushroom_30 (1),CollectableMushroom,202857,level6,
level6:202858,Autumn,Mushroom,CollectableMushroom_30 (1),-421.66145,6.498817,-238.04707,,,,False,False,,,CollectableMushroom_30 (1),Environment/Manmade/Reactive Jars/Jar Holder (9)/Reward/CollectableMushroom_30 (1),CollectableMushroom,202858,level6,
level6:202859,Autumn,Mushroom,CollectableMushroom_30 (1),-479.746622,3.698828,-381.136554,,,,False,False,,,CollectableMushroom_30 (1),Environment/Manmade/Reactive Jars/Jar Holder (10)/Reward/CollectableMushroom_30 (1),CollectableMushroom,202859,level6,
level6:202860,Autumn,Mushroom,CollectableMushroom_30 (1),-572.443797,250.928608,177.33128,,,,False,False,,,CollectableMushroom_30 (1),Environment/Manmade/Reactive Jars/Jar Holder (48)/Reward/CollectableMushroom_30 (1),CollectableMushroom,202860,level6,
level6:202861,Autumn,Mushroom,CollectableMushroom_30 (1),-145.673698,30.995072,131.638523,,,,False,False,,,CollectableMushroom_30 (1),Environment/Manmade/Reactive Jars/Jar Holder (2)/Reward/CollectableMushroom_30 (1),CollectableMushroom,202861,level6,
level6:202862,Autumn,Mushroom,CollectableMushroom_30 (1),-68.075596,6.287746,124.262962,,,,False,False,,,CollectableMushroom_30 (1),Environment/Manmade/Reactive Jars/Jar Holder (27)/Reward/CollectableMushroom_30 (1),CollectableMushroom,202862,level6,
level6:202863,Autumn,Mushroom,CollectableMushroom_30 (1),-858.567415,125.932833,147.962596,,,,False,False,,,CollectableMushroom_30 (1),Environment/Manmade/Reactive Jars/Jar Holder (44)/Reward/CollectableMushroom_30 (1),CollectableMushroom,202863,level6,
level6:202864,Autumn,Mushroom,CollectableMushroom_30 (1),-414.633768,61.455695,447.509217,,,,False,False,,,CollectableMushroom_30 (1),Environment/Manmade/Reactive Jars/Jar Holder (56)/Reward/CollectableMushroom_30 (1),CollectableMushroom,202864,level6,
level6:202865,Autumn,Mushroom,CollectableMushroom_30 (1),-665.286259,291.259914,486.501853,,,,False,False,,,CollectableMushroom_30 (1),Environment/Manmade/Reactive Jars/Jar Holder (54)/Reward/CollectableMushroom_30 (1),CollectableMushroom,202865,level6,
level6:202866,Autumn,Mushroom,CollectableMushroom_30 (1),-689.310149,62.886088,124.995408,,,,False,False,,,CollectableMushroom_30 (1),Environment/Manmade/Reactive Jars/Jar Holder (20)/Reward/CollectableMushroom_30 (1),CollectableMushroom,202866,level6,
level6:202867,Autumn,Mushroom,CollectableMushroom_30 (1),-860.020232,71.544613,-156.655334,,,,False,False,,,CollectableMushroom_30 (1),Environment/Manmade/Reactive Jars/Jar Holder (17)/Reward/CollectableMushroom_30 (1),CollectableMushroom,202867,level6,
level6:202868,Autumn,Mushroom,CollectableMushroom_30 (1),-862.517413,86.049252,458.336652,,,,False,False,,,CollectableMushroom_30 (1),Environment/Manmade/Reactive Jars/Jar Holder (60)/Reward/CollectableMushroom_30 (1),CollectableMushroom,202868,level6,
level6:202869,Autumn,Mushroom,CollectableMushroom_30 (1),-789.021534,62.797502,467.687512,,,,False,False,,,CollectableMushroom_30 (1),Environment/Manmade/Reactive Jars/Jar Holder (59)/Reward/CollectableMushroom_30 (1),CollectableMushroom,202869,level6,
level6:202870,Autumn,Mushroom,CollectableMushroom_30 (1),-642.012212,168.224738,444.765383,,,,False,False,,,CollectableMushroom_30 (1),Environment/Manmade/Reactive Jars/Jar Holder (53)/Reward/CollectableMushroom_30 (1),CollectableMushroom,202870,level6,
level6:202871,Autumn,Mushroom,CollectableMushroom_30 (1),-890.114143,1.914789,98.730436,,,,False,False,,,CollectableMushroom_30 (1),Environment/Manmade/Reactive Jars/Jar Holder (42)/Reward/CollectableMushroom_30 (1),CollectableMushroom,202871,level6,
level6:202872,Autumn,Mushroom,CollectableMushroom_30 (1),-618.026602,179.408604,141.909839,,,,False,False,,,CollectableMushroom_30 (1),Environment/Manmade/Reactive Jars/Jar Holder (50)/Reward/CollectableMushroom_30 (1),CollectableMushroom,202872,level6,
level6:202873,Autumn,Mushroom,CollectableMushroom_30 (1),-371.335175,9.793465,-239.463277,,,,False,False,,,CollectableMushroom_30 (1),Environment/Manmade/Reactive Jars/Jar Holder (7)/Reward/CollectableMushroom_30 (1),CollectableMushroom,202873,level6,
level6:202874,Autumn,Mushroom,CollectableMushroom_30 (1),-90.027109,149.010764,399.938326,,,,False,False,,,CollectableMushroom_30 (1),Environment/Manmade/Reactive Jars/Jar Holder (33)/Reward/CollectableMushroom_30 (1),CollectableMushroom,202874,level6,
level6:202875,Autumn,Mushroom,CollectableMushroom_30 (1),-867.886739,75.219859,146.998295,,,,False,False,,,CollectableMushroom_30 (1),Environment/Manmade/Reactive Jars/Jar Holder (43)/Reward/CollectableMushroom_30 (1),CollectableMushroom,202875,level6,
level6:202876,Autumn,Mushroom,CollectableMushroom_30 (1),-895.957848,152.72902,159.089351,,,,False,False,,,CollectableMushroom_30 (1),Environment/Manmade/Reactive Jars/Jar Holder (45)/Reward/CollectableMushroom_30 (1),CollectableMushroom,202876,level6,
level6:202877,Autumn,Mushroom,CollectableMushroom_30 (1),-462.767713,81.569008,411.851817,,,,False,False,,,CollectableMushroom_30 (1),Environment/Manmade/Reactive Jars/Jar Holder (57)/Reward/CollectableMushroom_30 (1),CollectableMushroom,202877,level6,
level6:202878,Autumn,Mushroom,CollectableMushroom_30 (1),-270.85102,64.824081,209.027452,,,,False,False,,,CollectableMushroom_30 (1),Environment/Manmade/Reactive Jars/Jar Holder (30)/Reward/CollectableMushroom_30 (1),CollectableMushroom,202878,level6,
level6:202879,Autumn,Mushroom,CollectableMushroom_30 (1),-148.814905,46.540224,-92.934639,,,,False,False,,,CollectableMushroom_30 (1),Environment/Manmade/Reactive Jars/Jar Holder (35)/Reward/CollectableMushroom_30 (1),CollectableMushroom,202879,level6,
level6:202880,Autumn,Mushroom,CollectableMushroom_30 (1),-578.889993,8.926088,247.392839,,,,False,False,,,CollectableMushroom_30 (1),Environment/Manmade/Reactive Jars/Jar Holder (22)/Reward/CollectableMushroom_30 (1),CollectableMushroom,202880,level6,
level6:202881,Autumn,Mushroom,CollectableMushroom_30 (1),-535.256158,10.410131,-279.855725,,,,False,False,,,CollectableMushroom_30 (1),Environment/Manmade/Reactive Jars/Jar Holder (11)/Reward/CollectableMushroom_30 (1),CollectableMushroom,202881,level6,
level6:202882,Autumn,Mushroom,CollectableMushroom_30 (1),-221.864731,6.213628,-295.497748,,,,False,False,,,CollectableMushroom_30 (1),Environment/Manmade/Reactive Jars/Jar Holder (6)/Reward/CollectableMushroom_30 (1),CollectableMushroom,202882,level6,
level6:202883,Autumn,Mushroom,CollectableMushroom_30 (1),-614.666953,254.178608,181.320115,,,,False,False,,,CollectableMushroom_30 (1),Environment/Manmade/Reactive Jars/Jar Holder (47)/Reward/CollectableMushroom_30 (1),CollectableMushroom,202883,level6,
level6:202884,Autumn,Mushroom,CollectableMushroom_30 (1),-55.333941,2.222948,-199.259003,,,,False,False,,,CollectableMushroom_30 (1),Environment/Manmade/Reactive Jars/Jar Holder (4)/Reward/CollectableMushroom_30 (1),CollectableMushroom,202884,level6,
level6:202885,Autumn,Mushroom,CollectableMushroom_30 (1),-364.754207,147.691272,-140.363275,,,,False,False,,,CollectableMushroom_30 (1),Environment/Manmade/Reactive Jars/Jar Holder (38)/Reward/CollectableMushroom_30 (1),CollectableMushroom,202885,level6,
level6:202886,Autumn,Mushroom,CollectableMushroom_30 (1),-144.261756,71.912277,139.744727,,,,False,False,,,CollectableMushroom_30 (1),Environment/Manmade/Reactive Jars/Jar Holder (31)/Reward/CollectableMushroom_30 (1),CollectableMushroom,202886,level6,
level6:202887,Autumn,Mushroom,CollectableMushroom_30 (1),-606.321202,179.128605,232.980641,,,,False,False,,,CollectableMushroom_30 (1),Environment/Manmade/Reactive Jars/Jar Holder (51)/Reward/CollectableMushroom_30 (1),CollectableMushroom,202887,level6,
level6:202888,Autumn,Mushroom,CollectableMushroom_30 (1),-656.934015,180.641942,-119.125887,,,,False,False,,,CollectableMushroom_30 (1),Environment/Manmade/Reactive Jars/Jar Holder (41)/Reward/CollectableMushroom_30 (1),CollectableMushroom,202888,level6,
level6:202889,Autumn,Mushroom,CollectableMushroom_30 (1),-67.865199,9.843181,223.780342,,,,False,False,,,CollectableMushroom_30 (1),Environment/Manmade/Reactive Jars/Jar Holder (26)/Reward/CollectableMushroom_30 (1),CollectableMushroom,202889,level6,
level6:202890,Autumn,Mushroom,CollectableMushroom_30 (1),-153.315434,12.163236,215.696868,,,,False,False,,,CollectableMushroom_30 (1),Environment/Manmade/Reactive Jars/Jar Holder (1)/Reward/CollectableMushroom_30 (1),CollectableMushroom,202890,level6,
level6:202891,Autumn,Mushroom,CollectableMushroom_30 (1),-487.421329,66.682692,474.257186,,,,False,False,,,CollectableMushroom_30 (1),Environment/Manmade/Reactive Jars/Jar Holder (55)/Reward/CollectableMushroom_30 (1),CollectableMushroom,202891,level6,
level6:202892,Autumn,Mushroom,CollectableMushroom_30 (1),-70.476912,94.729345,369.895337,,,,False,False,,,CollectableMushroom_30 (1),Environment/Manmade/Reactive Jars/Jar Holder (34)/Reward/CollectableMushroom_30 (1),CollectableMushroom,202892,level6,
level6:202893,Autumn,Mushroom,CollectableMushroom_30 (1),-691.241099,3.39325,-234.171088,,,,False,False,,,CollectableMushroom_30 (1),Environment/Manmade/Reactive Jars/Jar Holder (12)/Reward/CollectableMushroom_30 (1),CollectableMushroom,202893,level6,
level6:202894,Autumn,Mushroom,CollectableMushroom_30 (1),-697.985002,17.960391,-130.506594,,,,False,False,,,CollectableMushroom_30 (1),Environment/Manmade/Reactive Jars/Jar Holder (15)/Reward/CollectableMushroom_30 (1),CollectableMushroom,202894,level6,
level6:202895,Autumn,Mushroom,CollectableMushroom_30 (1),-531.134339,12.286252,246.552994,,,,False,False,,,CollectableMushroom_30 (1),Environment/Manmade/Reactive Jars/Jar Holder (23)/Reward/CollectableMushroom_30 (1),CollectableMushroom,202895,level6,
level6:202896,Autumn,Mushroom,CollectableMushroom_30 (1),-162.080672,121.33222,-105.426267,,,,False,False,,,CollectableMushroom_30 (1),Environment/Manmade/Reactive Jars/Jar Holder (36)/Reward/CollectableMushroom_30 (1),CollectableMushroom,202896,level6,
level6:202897,Autumn,Mushroom,CollectableMushroom_30 (1),-161.526563,21.615532,-178.165015,,,,False,False,,,CollectableMushroom_30 (1),Environment/Manmade/Reactive Jars/Jar Holder (5)/Reward/CollectableMushroom_30 (1),CollectableMushroom,202897,level6,
level6:202898,Autumn,Mushroom,CollectableMushroom_30 (1),-324.252598,2.429464,-275.002664,,,,False,False,,,CollectableMushroom_30 (1),Environment/Manmade/Reactive Jars/Jar Holder (61)/Reward/CollectableMushroom_30 (1),CollectableMushroom,202898,level6,
level6:202899,Autumn,Mushroom,CollectableMushroom_30 (1),-812.258486,1.09939,-305.892044,,,,False,False,,,CollectableMushroom_30 (1),Environment/Manmade/Reactive Jars/Jar Holder (14)/Reward/CollectableMushroom_30 (1),CollectableMushroom,202899,level6,
level6:202900,Autumn,Mushroom,CollectableMushroom_30 (1),-819.363139,215.742507,-309.923201,,,,False,False,,,CollectableMushroom_30 (1),Environment/Manmade/Reactive Jars/Jar Holder (40)/Reward/CollectableMushroom_30 (1),CollectableMushroom,202900,level6,
level6:202901,Autumn,Mushroom,CollectableMushroom_30 (1),-672.884808,140.802671,473.383224,,,,False,False,,,CollectableMushroom_30 (1),Environment/Manmade/Reactive Jars/Jar Holder (52)/Reward/CollectableMushroom_30 (1),CollectableMushroom,202901,level6,
level6:202902,Autumn,Mushroom,CollectableMushroom_30 (1),-400.90184,77.288379,-98.509497,,,,False,False,,,CollectableMushroom_30 (1),Environment/Manmade/Reactive Jars/Jar Holder (37)/Reward/CollectableMushroom_30 (1),CollectableMushroom,202902,level6,
level6:202903,Autumn,Mushroom,CollectableMushroom_30 (1),-142.524585,2.678848,-3.767999,,,,False,False,,,CollectableMushroom_30 (1),Environment/Manmade/Reactive Jars/Jar Holder (3)/Reward/CollectableMushroom_30 (1),CollectableMushroom,202903,level6,
level6:202904,Autumn,Mushroom,CollectableMushroom_30 (1),-442.920811,35.253181,93.325708,,,,False,False,,,CollectableMushroom_30 (1),Environment/Manmade/Reactive Jars/Jar Holder (24)/Reward/CollectableMushroom_30 (1),CollectableMushroom,202904,level6,
level6:202905,Autumn,Mushroom,CollectableMushroom_30 (1),-669.4708,1.3992,-37.157421,,,,False,False,,,CollectableMushroom_30 (1),Environment/Manmade/Reactive Jars/Jar Holder (16)/Reward/CollectableMushroom_30 (1),CollectableMushroom,202905,level6,
level6:202906,Autumn,Mushroom,CollectableMushroom_30 (1),-897.861884,1.702088,178.986919,,,,False,False,,,CollectableMushroom_30 (1),Environment/Manmade/Reactive Jars/Jar Holder (19)/Reward/CollectableMushroom_30 (1),CollectableMushroom,202906,level6,
level6:202907,Autumn,Mushroom,CollectableMushroom_30 (1),-765.031336,17.975087,66.692092,,,,False,False,,,CollectableMushroom_30 (1),Environment/Manmade/Reactive Jars/Jar Holder (18)/Reward/CollectableMushroom_30 (1),CollectableMushroom,202907,level6,
level6:202908,Autumn,Mushroom,CollectableMushroom_30 (1),-678.340921,3.324088,252.04365,,,,False,False,,,CollectableMushroom_30 (1),Environment/Manmade/Reactive Jars/Jar Holder (21)/Reward/CollectableMushroom_30 (1),CollectableMushroom,202908,level6,
level6:202909,Autumn,Mushroom,CollectableMushroom_30 (1),-596.651237,140.151382,203.994583,,,,False,False,,,CollectableMushroom_30 (1),Environment/Manmade/Reactive Jars/Jar Holder (46)/Reward/CollectableMushroom_30 (1),CollectableMushroom,202909,level6,
level6:202910,Autumn,Mushroom,CollectableMushroom_30 (1),-401.586129,6.898905,-262.101808,,,,False,False,,,CollectableMushroom_30 (1),Environment/Manmade/Reactive Jars/Jar Holder (8)/Reward/CollectableMushroom_30 (1),CollectableMushroom,202910,level6,
level6:202911,Autumn,Mushroom,CollectableMushroom_30 (1),-563.357747,201.940737,-355.708733,,,,False,False,,,CollectableMushroom_30 (1),Environment/Manmade/Reactive Jars/Jar Holder (39)/Reward/CollectableMushroom_30 (1),CollectableMushroom,202911,level6,
level6:202912,Autumn,Mushroom,CollectableMushroom_30 (1),-717.178969,22.14139,-400.921009,,,,False,False,,,CollectableMushroom_30 (1),Environment/Manmade/Reactive Jars/Jar Holder (13)/Reward/CollectableMushroom_30 (1),CollectableMushroom,202912,level6,
level6:202913,Autumn,Mushroom,CollectableMushroom_30 (1),-305.84435,1.540399,100.145684,,,,False,False,,,CollectableMushroom_30 (1),Environment/Manmade/Reactive Jars/Jar Holder (29)/Reward/CollectableMushroom_30 (1),CollectableMushroom,202913,level6,
level6:202914,Autumn,Mushroom,CollectableMushroom_30 (1),-535.058267,61.699694,360.392695,,,,False,False,,,CollectableMushroom_30 (1),Environment/Manmade/Reactive Jars/Jar Holder (58)/Reward/CollectableMushroom_30 (1),CollectableMushroom,202914,level6,
level6:202915,Autumn,Mushroom,CollectableMushroom_30 (1),-172.290541,68.506785,348.682727,,,,False,False,,,CollectableMushroom_30 (1),Environment/Manmade/Reactive Jars/Jar Holder (32)/Reward/CollectableMushroom_30 (1),CollectableMushroom,202915,level6,
level6:202916,Autumn,Mushroom,CollectableMushroom_30 (1),-331.327205,2.601181,218.191337,,,,False,False,,,CollectableMushroom_30 (1),Environment/Manmade/Reactive Jars/Jar Holder (25)/Reward/CollectableMushroom_30 (1),CollectableMushroom,202916,level6,
level6:202917,Autumn,Mushroom,CollectableMushroom_30 (1),-590.3007,179.167607,233.784572,,,,False,False,,,CollectableMushroom_30 (1),Environment/Manmade/Reactive Jars/Jar Holder (49)/Reward/CollectableMushroom_30 (1),CollectableMushroom,202917,level6,
level6:203250,Autumn,Mushroom,CollectableMushroom_30 (2),-92.994248,6.959685,-26.787481,,,,False,False,,,CollectableMushroom_30 (2),Environment/MISC/Shrines/RewardShrine (1)/Reward/CollectableMushroom_30 (2),CollectableMushroom,203250,level6,
level6:203251,Autumn,Mushroom,CollectableMushroom_30 (2),-249.392818,7.789263,-147.388241,,,,False,False,,,CollectableMushroom_30 (2),Environment/MISC/Shrines/RewardShrine (2)/Reward/CollectableMushroom_30 (2),CollectableMushroom,203251,level6,
level6:203252,Autumn,Mushroom,CollectableMushroom_30 (2),-594.447604,6.122662,-188.169721,,,,False,False,,,CollectableMushroom_30 (2),Environment/MISC/Shrines/RewardShrine (3)/Reward/CollectableMushroom_30 (2),CollectableMushroom,203252,level6,
level6:203253,Autumn,Mushroom,CollectableMushroom_30 (2),-498.98038,67.169009,478.615096,,,,False,False,,,CollectableMushroom_30 (2),Environment/MISC/Shrines/RewardShrine (4)/Reward/CollectableMushroom_30 (2),CollectableMushroom,203253,level6,
level6:203640,Autumn,Mushroom,CollectableMushroom_35 (1),-245.771188,8.555672,127.329817,,,,True,False,,,CollectableMushroom_35 (1),Environment/Repairable Buildings(Scene Specific)/RepairableTractor/RepairedConstructParent/CollectableMushroom_35 (1),CollectableMushroom,203640,level6,
level6:203849,Autumn,Mushroom,CollectableMushroom,-797.447325,24.184655,-287.982557,,,,False,False,,,CollectableMushroom,Environment/MISC/Bird Boxes/birdhouse-a (4)/CollectableMushroom,CollectableMushroom,203849,level6,
level6:203850,Autumn,Mushroom,CollectableMushroom,-791.489348,10.68411,-57.031856,,,,False,False,,,CollectableMushroom,Environment/MISC/Bird Boxes/birdhouse-a (5)/CollectableMushroom,CollectableMushroom,203850,level6,
level6:203851,Autumn,Mushroom,CollectableMushroom,-179.309889,18.854734,327.553411,,,,False,False,,,CollectableMushroom,Environment/MISC/Bird Boxes/birdhouse-a (1)/CollectableMushroom,CollectableMushroom,203851,level6,
level6:203852,Autumn,Mushroom,CollectableMushroom,-381.046935,19.337305,393.179777,,,,False,False,,,CollectableMushroom,Environment/MISC/Bird Boxes/birdhouse-a (2)/CollectableMushroom,CollectableMushroom,203852,level6,
level6:203853,Autumn,Mushroom,CollectableMushroom,-618.563591,20.134695,193.823026,,,,False,False,,,CollectableMushroom,Environment/MISC/Bird Boxes/birdhouse-a (6)/CollectableMushroom,CollectableMushroom,203853,level6,
level6:203854,Autumn,Mushroom,CollectableMushroom,-473.508872,13.688987,-33.069262,,,,False,False,,,CollectableMushroom,Environment/MISC/Bird Boxes/birdhouse-a (3)/CollectableMushroom,CollectableMushroom,203854,level6,
level6:203855,Autumn,Mushroom,CollectableMushroom,-159.801719,13.952816,138.287178,,,,False,False,,,CollectableMushroom,Environment/MISC/Bird Boxes/birdhouse-a/CollectableMushroom,CollectableMushroom,203855,level6,
level6:204055,Autumn,NPC,EN,-147.548997,59.966999,-260.251003,,,,False,False,,,EggHuntFrog,UI/Mini Games/EggHunt/EggHuntFrog,NpcBase,204055,level6,
level6:204243,Autumn,NPC,Fern,-298.760696,0.780286,-57.29213,,,,True,True,,,CycleFrog3,Frog Folder/Moving NPCs/Bicycle/Bike Patrol Holder_Curvy/BikeMesh/CycleFrog3,NpcBase,204243,level6,
level6:204634,Autumn,Bolt,CollectableBolt (150),-159.194086,4.423918,155.434293,,,,True,False,,,CollectableBolt (150),Environment/Manmade/Score Board/Crol/Score Board Crol Red/SM_Prop_Chest_Wood_01 (39)/Bolt Holder/CollectableBolt (150),CollectableBolt,204634,level6,
level6:204635,Autumn,Bolt,CollectableBolt (149),-158.461972,4.399072,155.616153,,,,True,False,,,CollectableBolt (149),Environment/Manmade/Score Board/Crol/Score Board Crol Red/SM_Prop_Chest_Wood_01 (39)/Bolt Holder/CollectableBolt (149),CollectableBolt,204635,level6,
level6:205000,Autumn,Clothing source,Clothes Line,-164.770004,8.742,194.067993,,,,True,True,,,Clothes Line,Environment/Manmade/Residential/Shacks and Huts/Shack 2/Clothes Line,ClothesManager,205000,level6,
level6:205173,Autumn,Mushroom,CollectableMushroom_13 (1),-653.321365,0.195359,-35.582695,,,,True,True,,,CollectableMushroom_13 (1),Environment/MISC/Eggs/Egg Reward/Egg Holder (5)/Cracked/CollectableMushroom_13 (1),CollectableMushroom,205173,level6,
level6:205174,Autumn,Mushroom,CollectableMushroom_13 (1),-891.933517,0.88269,118.82036,,,,True,True,,,CollectableMushroom_13 (1),Environment/MISC/Eggs/Egg Reward/Egg Holder (7)/Cracked/CollectableMushroom_13 (1),CollectableMushroom,205174,level6,
level6:205175,Autumn,Mushroom,CollectableMushroom_13 (1),-745.468063,16.497476,127.046651,,,,True,True,,,CollectableMushroom_13 (1),Environment/MISC/Eggs/Egg Reward/Egg Holder (2)/Cracked/CollectableMushroom_13 (1),CollectableMushroom,205175,level6,
level6:205176,Autumn,Mushroom,CollectableMushroom_13 (1),-246.001292,5.273993,-273.200073,,,,True,True,,,CollectableMushroom_13 (1),Environment/MISC/Eggs/Egg Reward/Egg Holder (9)/Cracked/CollectableMushroom_13 (1),CollectableMushroom,205176,level6,
level6:205177,Autumn,Mushroom,CollectableMushroom_13 (1),-246.459851,2.577377,-59.018124,,,,True,True,,,CollectableMushroom_13 (1),Environment/MISC/Eggs/Egg Reward/Egg Holder (12)/Cracked/CollectableMushroom_13 (1),CollectableMushroom,205177,level6,
level6:205178,Autumn,Mushroom,CollectableMushroom_13 (1),-501.348107,60.261496,530.981374,,,,True,False,,,CollectableMushroom_13 (1),Environment/MISC/Eggs/Egg Reward/Egg Holder (8)/Cracked/CollectableMushroom_13 (1),CollectableMushroom,205178,level6,
level6:205179,Autumn,Mushroom,CollectableMushroom_13 (1),-224.218881,3.872889,-313.285335,,,,True,True,,,CollectableMushroom_13 (1),Environment/MISC/Eggs/Egg Reward/Egg Holder (10)/Cracked/CollectableMushroom_13 (1),CollectableMushroom,205179,level6,
level6:205180,Autumn,Mushroom,CollectableMushroom_13 (1),-752.361946,16.514882,133.683578,,,,True,True,,,CollectableMushroom_13 (1),Environment/MISC/Eggs/Egg Reward/Egg Holder (3)/Cracked/CollectableMushroom_13 (1),CollectableMushroom,205180,level6,
level6:205181,Autumn,Mushroom,CollectableMushroom_13 (1),-545.383237,18.150879,-171.886108,,,,True,True,,,CollectableMushroom_13 (1),Environment/MISC/Eggs/Egg Reward/Egg Holder (8)/Cracked/CollectableMushroom_13 (1),CollectableMushroom,205181,level6,
level6:205182,Autumn,Mushroom,CollectableMushroom_13 (1),-706.79461,1.942116,-219.148071,,,,True,True,,,CollectableMushroom_13 (1),Environment/MISC/Eggs/Egg Reward/Egg Holder (6)/Cracked/CollectableMushroom_13 (1),CollectableMushroom,205182,level6,
level6:205183,Autumn,Mushroom,CollectableMushroom_13 (1),-72.839499,5.022885,124.51843,,,,True,True,,,CollectableMushroom_13 (1),Environment/MISC/Eggs/Egg Reward/Egg Holder (11)/Cracked/CollectableMushroom_13 (1),CollectableMushroom,205183,level6,
level6:205184,Autumn,Mushroom,CollectableMushroom_13 (1),-794.923985,16.888073,64.131847,,,,True,True,,,CollectableMushroom_13 (1),Environment/MISC/Eggs/Egg Reward/Egg Holder (4)/Cracked/CollectableMushroom_13 (1),CollectableMushroom,205184,level6,
level6:205185,Autumn,Mushroom,CollectableMushroom_13 (1),-694.286779,18.132599,54.050168,,,,True,True,,,CollectableMushroom_13 (1),Environment/MISC/Eggs/Egg Reward/Egg Holder (1)/Cracked/CollectableMushroom_13 (1),CollectableMushroom,205185,level6,
level6:205267,Autumn,NPC,Caly,-524.676279,177.728723,200.231326,,,,True,True,,,Mt.ThunderFrog9,Frog Folder/Mountains/Mt.Thunder/Mt.ThunderFrog9,NpcBase,205267,level6,
level6:205270,Autumn,NPC,Hanging On,-251.603622,53.254786,215.601871,,,,True,True,,,Hanging On,Frog Folder/Mountains/Mt.Orange/Hanging On,NpcBase,205270,level6,
level6:205272,Autumn,NPC,Andrew,-544.789978,0.32,112.309998,,,,True,True,,,Airport1,Frog Folder/Misc/Airport/Airport1,NpcBase,205272,level6,
level6:205274,Autumn,NPC,Spot,-592.323486,0.129,-44.200127,,,,True,True,,,LeafForest1,Frog Folder/Misc/Leaf Zone/LeafForest1,NpcBase,205274,level6,
level6:205277,Autumn,NPC,Hoops,-157.160771,54.135002,354.857415,,,,True,True,,,Mt.CroobFrog4,Frog Folder/Mountains/Mt.Croob/Mt.CroobFrog4,NpcBase,205277,level6,
level6:205278,Autumn,NPC,Gizmo,-741.495972,16.419001,130.677994,,,,True,True,,,Bazzar1,Frog Folder/Misc/Bazaar/Bazzar1,NpcBase,205278,level6,
level6:205280,Autumn,NPC,Pete,-203.502275,3.3878,46.039835,,,,True,True,,,FishingFrog,Frog Folder/Mountains/Mt.Blue/FishingFrog,NpcBase,205280,level6,
level6:205284,Autumn,NPC,Leafy,-519.536753,3.263,-375.790594,,,,True,True,,,Mt.ConeFrog2,Frog Folder/Mountains/Mt. Cone/Mt.ConeFrog2,NpcBase,205284,level6,
level6:205291,Autumn,NPC,Jeff,-70.909536,8.395001,205.75502,,,,True,True,,,Situps,Frog Folder/Huts/Demo Area/Situps,NpcBase,205291,level6,
level6:205294,Autumn,NPC,Tooth,-80.920767,11.855,467.665425,,,,True,True,,,TrainingFrog1,Frog Folder/Huts/Demo Area/TrainingFrog1,NpcBase,205294,level6,
level6:205296,Autumn,NPC,Patrick,-415.337006,60.054001,445.261993,,,,True,True,,,Plateau6,Frog Folder/Plateaua/Huts/Plateau6,NpcBase,205296,level6,
level6:205298,Autumn,Quest target,Loof,-550.054016,17.993,-186.889999,Pizza Delivery!,target,,True,True,,,Windmill1,Frog Folder/Quest Frogs/Deliver Targets/Windmill1,NpcBase,205298,level6,
level6:205300,Autumn,NPC,Milly,-853.242859,125.422752,155.524033,,,,True,True,,,Mt.TownFrog2,Frog Folder/Mountains/Mt.Town/Mt.TownFrog2,NpcBase,205300,level6,
level6:205304,Autumn,NPC,Yasmin,-860.719971,126.360001,-352.720001,,,,True,True,,,Mt.AnatolFrog2,Frog Folder/Mountains/Mt. Anatol/Mt.AnatolFrog2,NpcBase,205304,level6,
level6:205311,Autumn,NPC,Dennis,-681.994995,4.19,233.046432,,,,True,True,,,Digger1,Frog Folder/Misc/Big Bone Site/Digger1,NpcBase,205311,level6,
level6:205312,Autumn,NPC,Charlie,-415.529999,52.57,-76.470001,,,,True,True,,,Mt.Steg2,Frog Folder/Mountains/Mt. Steg/Mt.Steg2,NpcBase,205312,level6,
level6:205319,Autumn,NPC,Paul,-293.851013,3.036,-167.884995,,,,True,True,,,LookingDownFrog,Frog Folder/Water/River/LookingDownFrog,NpcBase,205319,level6,
level6:205322,Autumn,NPC,Lancer,-834.599976,0.162,-332.088989,,,,True,True,,,Stache3,Frog Folder/Stache Club/Stache3,NpcBase,205322,level6,
level6:205326,Autumn,NPC,Terry,-571.804993,7.805,257.354004,,,,True,True,,,BookTown3,Frog Folder/Other Towns/Book Town/BookTown3,NpcBase,205326,level6,
level6:205329,Autumn,NPC,Lena,-258.44876,50.583003,178.769424,,,,True,True,,,SittingMt.OrangeFrog,Frog Folder/Mountains/Mt.Orange/SittingMt.OrangeFrog,NpcBase,205329,level6,
level6:205331,Autumn,NPC,Bran,-156.318376,148.302197,-95.072181,,,,True,True,,,SittingMt.Tree3,Frog Folder/Mountains/Mt.Tree/SittingMt.Tree3,NpcBase,205331,level6,
level6:205337,Autumn,NPC,Graham,-655.23999,179.149994,-111.080002,,,,True,True,,,Mt.HandsFrog3,Frog Folder/Mountains/Mt. Hands/Mt.HandsFrog3,NpcBase,205337,level6,
level6:205338,Autumn,NPC,Ploob,-827.560974,213.940994,-311.041992,,,,True,True,,,Mt.AnatolFrog3,Frog Folder/Mountains/Mt. Anatol/Mt.AnatolFrog3,NpcBase,205338,level6,
level6:205341,Autumn,NPC,Blue,-686.268005,61.425999,119.18,,,,True,True,,,ClimbLookOut1,Frog Folder/Misc/Lookout Tower/ClimbLookOut1,NpcBase,205341,level6,
level6:205343,Autumn,NPC,Slasher,-694.469787,12.043646,-132.30956,,,,True,True,,,Mechanic1,Frog Folder/Misc/Garage/Mechanic1,NpcBase,205343,level6,
level6:205345,Autumn,NPC,Bron,-238.199997,1.37,103.540001,,,,False,False,,,Muscle Patrol Test,Muscle Patrol Test,NpcBase,205345,level6,
level6:205348,Autumn,NPC,Fern,-544.415405,86.186821,399.598083,,,,True,True,,,Plateau1(DialogueHolder),Frog Folder/Plateaua/Plateau1(DialogueHolder),NpcBase,205348,level6,
level6:205350,Autumn,NPC,Lentil,-859.434998,75.407997,126.205002,,,,True,True,,,Mt.TownFrog1,Frog Folder/Mountains/Mt.Town/Mt.TownFrog1,NpcBase,205350,level6,
level6:205352,Autumn,NPC,Bron,-311.751984,2.5606,86.262222,,,,True,True,,,TownFrog1(DialogueHolder),Environment/Manmade/Residential/Towns/Town/Radio Replacement Items/TownFrog1(DialogueHolder),NpcBase,205352,level6,
level6:205356,Autumn,NPC,Thomas,-58.689932,0.712665,-198.33454,,,,True,True,,,LaughingSittingFrog,Frog Folder/Huts/Demo Area/LaughingSittingFrog,NpcBase,205356,level6,
level6:205358,Autumn,NPC,Sid,-227.042999,5.308,-285.993011,,,,True,True,,,RiverHutFrog1,Frog Folder/Water/River Huts/RiverHutFrog1,NpcBase,205358,level6,
level6:205360,Autumn,NPC,Hopper,-761.400024,22.184999,237.990997,,,,True,True,,,ClimberLookOut4,Frog Folder/Misc/Lookout Tower/ClimberLookOut4,NpcBase,205360,level6,
level6:205363,Autumn,NPC,Crumb,-316.270386,2.5558,-110.555382,,,,True,True,,,Lounger(DialogueHolder),Frog Folder/Water/Lounger(DialogueHolder),NpcBase,205363,level6,
level6:205366,Autumn,Quest target,Croob,-628.442139,177.754196,163.435532,Hat Delivery!,target,,True,True,,,Mt.ThunderFrog5,Frog Folder/Quest Frogs/Deliver Targets/Mt.ThunderFrog5,NpcBase,205366,level6,
level6:205367,Autumn,NPC,Pete,-852.206055,59.974998,435.294525,,,,True,True,,,BouldererFrog,UI/Mini Games/Boulderer/BouldererFrog,NpcBase,205367,level6,
level6:205373,Autumn,NPC,Kai,-817.940369,87.663139,512.885376,,,,True,True,,,Boulder6,Frog Folder/Plateaua/Boulderers/Boulder6,NpcBase,205373,level6,
level6:205379,Autumn,NPC,Livingston,-279.216774,3.367,-129.63058,,,,True,True,,,BeachGoer1,Frog Folder/Water/Beach Bay/BeachGoer1,NpcBase,205379,level6,
level6:205380,Autumn,Quest giver,Keira,-772.0,16.65,75.839996,Repair Keira's Jar!,giver,,True,True,,,WallTown3,Frog Folder/Quest Frogs/Done/Mush Reward/WallTown3,NpcBase,205380,level6,
level6:205384,Autumn,NPC,Donald,-807.51001,-0.017,-312.119995,,,,True,True,,,Stache1(DialogueHolder),Frog Folder/Stache Club/Stache1(DialogueHolder),NpcBase,205384,level6,
level6:205385,Autumn,NPC,Bronwin,-255.544769,118.359008,193.137418,,,,True,True,,,Mt.OrangeStandFrog,Frog Folder/Mountains/Mt.Orange/Mt.OrangeStandFrog,NpcBase,205385,level6,
level6:205387,Autumn,NPC,Gavin,-193.176775,108.639,-82.622584,,,,True,True,,,Mt.TreeFrog1,Frog Folder/Mountains/Mt.Tree/Mt.TreeFrog1,NpcBase,205387,level6,
level6:205390,Autumn,Shrine,GFX,-249.220001,9.19,63.93,,,,True,True,,,GFX,Environment/MISC/Bird Boxes/birdhouse-b/GFX,InteractableShrine,205390,level6,
level6:205391,Autumn,Shrine,GFX,-286.959991,29.186214,198.669998,,,,True,True,,,GFX,Environment/MISC/Bird Boxes/birdhouse-b (1)/GFX,InteractableShrine,205391,level6,
level6:205392,Autumn,Shrine,GFX,-407.940002,13.73,-47.130001,,,,True,True,,,GFX,Environment/MISC/Bird Boxes/birdhouse-b (2)/GFX,InteractableShrine,205392,level6,
level6:205584,Autumn,Quest pickup,QI-SeedPacket (1),-420.841003,6.136,-249.285004,Greebles Seeds!,pickup,,False,False,,,QI-SeedPacket (1),Environment/Nature/Misc/Quest Items/SeedPacket/QI-SeedPacket (1),CollectableQuestItem,205584,level6,
level6:205585,Autumn,Quest pickup,QI-SeedPacket (2),-792.190002,45.200001,-117.769997,Greebles Seeds!,pickup,,False,False,,,QI-SeedPacket (2),Environment/Nature/Misc/Quest Items/SeedPacket/QI-SeedPacket (2),CollectableQuestItem,205585,level6,
level6:205586,Autumn,Quest pickup,QI-SeedPacket,-300.800995,17.750496,104.963997,Greebles Seeds!,pickup,,False,False,,,QI-SeedPacket,Environment/Nature/Misc/Quest Items/SeedPacket/QI-SeedPacket,CollectableQuestItem,205586,level6,
level6:205587,Autumn,Quest pickup,QI-SeedPacket (3),-791.301025,27.379,31.959999,Greebles Seeds!,pickup,,False,False,,,QI-SeedPacket (3),Environment/Nature/Misc/Quest Items/SeedPacket/QI-SeedPacket (3),CollectableQuestItem,205587,level6,
level6:205588,Autumn,Quest pickup,QI-SeedPacket (4),-569.119019,8.683,242.188995,Greebles Seeds!,pickup,,False,False,,,QI-SeedPacket (4),Environment/Nature/Misc/Quest Items/SeedPacket/QI-SeedPacket (4),CollectableQuestItem,205588,level6,
level6:206334,Autumn,Quest pickup,QI-Bracelet 2,-337.290009,1.652,129.974182,Carl's Missing Bracelet!,pickup,,False,False,,,QI-Bracelet 2,Environment/Nature/Misc/Quest Items/QI-Bracelet 2,CollectableQuestItem,206334,level6,The quest description names Mt. Croob; this marker follows the game's stored quest-item location near town.
level6:206445,Autumn,Shrine,Reactive Jar,-819.169983,214.279999,-310.339996,,,,True,False,,,Reactive Jar,Environment/Manmade/Reactive Jars/Jar Holder (40)/Reactive Jar,InteractableShrine,206445,level6,
level6:206446,Autumn,Shrine,Reactive Jar,-812.090027,-0.132,-305.880005,,,,True,True,,,Reactive Jar,Environment/Manmade/Reactive Jars/Jar Holder (14)/Reactive Jar,InteractableShrine,206446,level6,
level6:206447,Autumn,Shrine,Reactive Jar,-324.452789,1.101,-275.00415,,,,True,True,,,Reactive Jar,Environment/Manmade/Reactive Jars/Jar Holder (61)/Reactive Jar,InteractableShrine,206447,level6,
level6:206448,Autumn,Shrine,Reactive Jar,-531.025024,10.688,246.742996,,,,True,True,,,Reactive Jar,Environment/Manmade/Reactive Jars/Jar Holder (23)/Reactive Jar,InteractableShrine,206448,level6,
level6:206449,Autumn,Shrine,Reactive Jar,-698.109985,16.729,-130.393005,,,,True,True,,,Reactive Jar,Environment/Manmade/Reactive Jars/Jar Holder (15)/Reactive Jar,InteractableShrine,206449,level6,
level6:206450,Autumn,Shrine,Reactive Jar,-161.410004,20.08,-178.369995,,,,True,True,,,Reactive Jar,Environment/Manmade/Reactive Jars/Jar Holder (5)/Reactive Jar,InteractableShrine,206450,level6,
level6:206451,Autumn,Shrine,Reactive Jar,-162.132996,119.741997,-105.638,,,,True,True,,,Reactive Jar,Environment/Manmade/Reactive Jars/Jar Holder (36)/Reactive Jar,InteractableShrine,206451,level6,
level6:206452,Autumn,Shrine,Reactive Jar,-487.450012,65.116997,474.470001,,,,True,True,,,Reactive Jar,Environment/Manmade/Reactive Jars/Jar Holder (55)/Reactive Jar,InteractableShrine,206452,level6,
level6:206453,Autumn,Shrine,Reactive Jar,-153.503006,10.507,215.824997,,,,True,True,,,Reactive Jar,Environment/Manmade/Reactive Jars/Jar Holder (1)/Reactive Jar,InteractableShrine,206453,level6,
level6:206454,Autumn,Shrine,Reactive Jar,-70.440002,93.279999,369.700012,,,,True,True,,,Reactive Jar,Environment/Manmade/Reactive Jars/Jar Holder (34)/Reactive Jar,InteractableShrine,206454,level6,
level6:206455,Autumn,Shrine,Reactive Jar,-691.174011,1.801,-234.246994,,,,True,True,,,Reactive Jar,Environment/Manmade/Reactive Jars/Jar Holder (12)/Reactive Jar,InteractableShrine,206455,level6,
level6:206456,Autumn,Shrine,Reactive Jar,-364.870209,146.463974,-140.75325,,,,True,True,,,Reactive Jar,Environment/Manmade/Reactive Jars/Jar Holder (38)/Reactive Jar,InteractableShrine,206456,level6,
level6:206457,Autumn,Shrine,Reactive Jar,-55.139999,0.69,-199.419998,,,,True,True,,,Reactive Jar,Environment/Manmade/Reactive Jars/Jar Holder (4)/Reactive Jar,InteractableShrine,206457,level6,
level6:206458,Autumn,Shrine,Reactive Jar,-144.389999,70.650002,139.660004,,,,True,True,,,Reactive Jar,Environment/Manmade/Reactive Jars/Jar Holder (31)/Reactive Jar,InteractableShrine,206458,level6,
level6:206459,Autumn,Shrine,Reactive Jar,-606.440002,177.559998,233.160004,,,,True,True,,,Reactive Jar,Environment/Manmade/Reactive Jars/Jar Holder (51)/Reactive Jar,InteractableShrine,206459,level6,
level6:206460,Autumn,Shrine,Reactive Jar,-614.880005,252.610001,181.350006,,,,True,True,,,Reactive Jar,Environment/Manmade/Reactive Jars/Jar Holder (47)/Reactive Jar,InteractableShrine,206460,level6,
level6:206461,Autumn,Shrine,Reactive Jar,-221.940002,4.903,-295.359009,,,,True,False,,,Reactive Jar,Environment/Manmade/Reactive Jars/Jar Holder (6)/Reactive Jar,InteractableShrine,206461,level6,
level6:206462,Autumn,Shrine,Reactive Jar,-535.119995,8.53,-279.640015,,,,True,True,,,Reactive Jar,Environment/Manmade/Reactive Jars/Jar Holder (11)/Reactive Jar,InteractableShrine,206462,level6,
level6:206463,Autumn,Shrine,Reactive Jar,-67.723999,8.465,223.906006,,,,True,True,,,Reactive Jar,Environment/Manmade/Reactive Jars/Jar Holder (26)/Reactive Jar,InteractableShrine,206463,level6,
level6:206464,Autumn,Shrine,Reactive Jar,-656.880005,179.110001,-119.139999,,,,True,True,,,Reactive Jar,Environment/Manmade/Reactive Jars/Jar Holder (41)/Reactive Jar,InteractableShrine,206464,level6,
level6:206465,Autumn,Shrine,Reactive Jar,-563.542542,200.421997,-355.61261,,,,True,True,,,Reactive Jar,Environment/Manmade/Reactive Jars/Jar Holder (39)/Reactive Jar,InteractableShrine,206465,level6,
level6:206466,Autumn,Shrine,Reactive Jar,-305.940002,0.02632,100.330002,,,,True,True,,,Reactive Jar,Environment/Manmade/Reactive Jars/Jar Holder (29)/Reactive Jar,InteractableShrine,206466,level6,
level6:206467,Autumn,Shrine,Reactive Jar,-717.307983,20.91,-401.029999,,,,True,False,,,Reactive Jar,Environment/Manmade/Reactive Jars/Jar Holder (13)/Reactive Jar,InteractableShrine,206467,level6,
level6:206468,Autumn,Shrine,Reactive Jar,-678.367981,1.819,251.839005,,,,True,True,,,Reactive Jar,Environment/Manmade/Reactive Jars/Jar Holder (21)/Reactive Jar,InteractableShrine,206468,level6,
level6:206469,Autumn,Shrine,Reactive Jar,-596.77002,138.75,204.080002,,,,True,False,,,Reactive Jar,Environment/Manmade/Reactive Jars/Jar Holder (46)/Reactive Jar,InteractableShrine,206469,level6,
level6:206470,Autumn,Shrine,Reactive Jar,-401.725006,5.273,-262.269012,,,,True,True,,,Reactive Jar,Environment/Manmade/Reactive Jars/Jar Holder (8)/Reactive Jar,InteractableShrine,206470,level6,
level6:206471,Autumn,Shrine,Reactive Jar,-590.460022,177.598999,233.639999,,,,True,True,,,Reactive Jar,Environment/Manmade/Reactive Jars/Jar Holder (49)/Reactive Jar,InteractableShrine,206471,level6,
level6:206472,Autumn,Shrine,Reactive Jar,-331.186005,1.223,218.317001,,,,True,True,,,Reactive Jar,Environment/Manmade/Reactive Jars/Jar Holder (25)/Reactive Jar,InteractableShrine,206472,level6,
level6:206473,Autumn,Shrine,Reactive Jar,-172.473007,67.168999,348.701996,,,,True,True,,,Reactive Jar,Environment/Manmade/Reactive Jars/Jar Holder (32)/Reactive Jar,InteractableShrine,206473,level6,
level6:206474,Autumn,Shrine,Reactive Jar,-534.847229,60.133999,360.352997,,,,True,True,,,Reactive Jar,Environment/Manmade/Reactive Jars/Jar Holder (58)/Reactive Jar,InteractableShrine,206474,level6,
level6:206475,Autumn,Shrine,Reactive Jar,-765.090027,16.469999,66.889999,,,,True,True,,,Reactive Jar,Environment/Manmade/Reactive Jars/Jar Holder (18)/Reactive Jar,InteractableShrine,206475,level6,
level6:206476,Autumn,Shrine,Reactive Jar,-443.029999,33.875,93.480003,,,,True,True,,,Reactive Jar,Environment/Manmade/Reactive Jars/Jar Holder (24)/Reactive Jar,InteractableShrine,206476,level6,
level6:206477,Autumn,Shrine,Reactive Jar,-669.359985,-0.126,-36.98,,,,True,True,,,Reactive Jar,Environment/Manmade/Reactive Jars/Jar Holder (16)/Reactive Jar,InteractableShrine,206477,level6,
level6:206478,Autumn,Shrine,Reactive Jar,-142.272995,1.266,-4.363,,,,True,True,,,Reactive Jar,Environment/Manmade/Reactive Jars/Jar Holder (3)/Reactive Jar,InteractableShrine,206478,level6,
level6:206479,Autumn,Shrine,Reactive Jar,-898.067017,0.197,179.009995,,,,True,True,,,Reactive Jar,Environment/Manmade/Reactive Jars/Jar Holder (19)/Reactive Jar,InteractableShrine,206479,level6,
level6:206480,Autumn,Shrine,Reactive Jar,-672.859985,139.220001,473.420013,,,,True,True,,,Reactive Jar,Environment/Manmade/Reactive Jars/Jar Holder (52)/Reactive Jar,InteractableShrine,206480,level6,
level6:206481,Autumn,Shrine,Reactive Jar,-400.963013,76.07,-98.081001,,,,True,False,,,Reactive Jar,Environment/Manmade/Reactive Jars/Jar Holder (37)/Reactive Jar,InteractableShrine,206481,level6,
level6:206482,Autumn,Shrine,Reactive Jar,-858.375977,124.589996,147.929993,,,,True,True,,,Reactive Jar,Environment/Manmade/Reactive Jars/Jar Holder (44)/Reactive Jar,InteractableShrine,206482,level6,
level6:206483,Autumn,Shrine,Reactive Jar,-414.514893,59.889999,447.330383,,,,True,True,,,Reactive Jar,Environment/Manmade/Reactive Jars/Jar Holder (56)/Reactive Jar,InteractableShrine,206483,level6,
level6:206484,Autumn,Shrine,Reactive Jar,-67.93,4.8,124.120003,,,,True,True,,,Reactive Jar,Environment/Manmade/Reactive Jars/Jar Holder (27)/Reactive Jar,InteractableShrine,206484,level6,
level6:206485,Autumn,Shrine,Reactive Jar,-689.200012,61.381001,125.169998,,,,True,True,,,Reactive Jar,Environment/Manmade/Reactive Jars/Jar Holder (20)/Reactive Jar,InteractableShrine,206485,level6,
level6:206486,Autumn,Shrine,Reactive Jar,-665.018005,289.859009,486.419006,,,,True,True,,,Reactive Jar,Environment/Manmade/Reactive Jars/Jar Holder (54)/Reactive Jar,InteractableShrine,206486,level6,
level6:206487,Autumn,Shrine,Reactive Jar,-572.650024,249.360001,177.270004,,,,True,True,,,Reactive Jar,Environment/Manmade/Reactive Jars/Jar Holder (48)/Reactive Jar,InteractableShrine,206487,level6,
level6:206488,Autumn,Shrine,Reactive Jar,-145.671005,29.333,131.459,,,,True,True,,,Reactive Jar,Environment/Manmade/Reactive Jars/Jar Holder (2)/Reactive Jar,InteractableShrine,206488,level6,
level6:206489,Autumn,Shrine,Reactive Jar,-479.644012,2.282,-380.973999,,,,True,True,,,Reactive Jar,Environment/Manmade/Reactive Jars/Jar Holder (10)/Reactive Jar,InteractableShrine,206489,level6,
level6:206490,Autumn,Shrine,Reactive Jar,-421.850006,4.87,-238.0,,,,True,True,,,Reactive Jar,Environment/Manmade/Reactive Jars/Jar Holder (9)/Reactive Jar,InteractableShrine,206490,level6,
level6:206491,Autumn,Shrine,Reactive Jar,-315.284454,2.046,89.617897,,,,True,False,,,Reactive Jar,Environment/Manmade/Reactive Jars/Jar Holder (28)/Reactive Jar,InteractableShrine,206491,level6,
level6:206492,Autumn,Shrine,Reactive Jar,-579.039978,7.421,247.251007,,,,True,True,,,Reactive Jar,Environment/Manmade/Reactive Jars/Jar Holder (22)/Reactive Jar,InteractableShrine,206492,level6,
level6:206493,Autumn,Shrine,Reactive Jar,-149.0,44.950001,-93.050003,,,,True,True,,,Reactive Jar,Environment/Manmade/Reactive Jars/Jar Holder (35)/Reactive Jar,InteractableShrine,206493,level6,
level6:206494,Autumn,Shrine,Reactive Jar,-895.796021,151.520004,159.201004,,,,True,False,,,Reactive Jar,Environment/Manmade/Reactive Jars/Jar Holder (45)/Reactive Jar,InteractableShrine,206494,level6,
level6:206495,Autumn,Shrine,Reactive Jar,-867.570007,73.720001,146.990005,,,,True,True,,,Reactive Jar,Environment/Manmade/Reactive Jars/Jar Holder (43)/Reactive Jar,InteractableShrine,206495,level6,
level6:206496,Autumn,Shrine,Reactive Jar,-270.700012,63.310001,209.169998,,,,True,False,,,Reactive Jar,Environment/Manmade/Reactive Jars/Jar Holder (30)/Reactive Jar,InteractableShrine,206496,level6,
level6:206497,Autumn,Shrine,Reactive Jar,-462.75,80.0,412.040009,,,,True,True,,,Reactive Jar,Environment/Manmade/Reactive Jars/Jar Holder (57)/Reactive Jar,InteractableShrine,206497,level6,
level6:206498,Autumn,Shrine,Reactive Jar,-371.281006,8.465,-239.656006,,,,True,True,,,Reactive Jar,Environment/Manmade/Reactive Jars/Jar Holder (7)/Reactive Jar,InteractableShrine,206498,level6,
level6:206499,Autumn,Shrine,Reactive Jar,-618.22998,177.839996,141.979996,,,,True,True,,,Reactive Jar,Environment/Manmade/Reactive Jars/Jar Holder (50)/Reactive Jar,InteractableShrine,206499,level6,
level6:206500,Autumn,Shrine,Reactive Jar,-89.987,147.873993,400.088989,,,,True,True,,,Reactive Jar,Environment/Manmade/Reactive Jars/Jar Holder (33)/Reactive Jar,InteractableShrine,206500,level6,
level6:206501,Autumn,Shrine,Reactive Jar,-789.27002,61.25,467.890015,,,,True,True,,,Reactive Jar,Environment/Manmade/Reactive Jars/Jar Holder (59)/Reactive Jar,InteractableShrine,206501,level6,
level6:206502,Autumn,Shrine,Reactive Jar,-860.242004,69.925003,-156.667999,,,,True,True,,,Reactive Jar,Environment/Manmade/Reactive Jars/Jar Holder (17)/Reactive Jar,InteractableShrine,206502,level6,
level6:206503,Autumn,Shrine,Reactive Jar,-862.448975,84.587997,458.207001,,,,True,True,,,Reactive Jar,Environment/Manmade/Reactive Jars/Jar Holder (60)/Reactive Jar,InteractableShrine,206503,level6,
level6:206504,Autumn,Shrine,Reactive Jar,-890.309998,0.4,98.599998,,,,True,True,,,Reactive Jar,Environment/Manmade/Reactive Jars/Jar Holder (42)/Reactive Jar,InteractableShrine,206504,level6,
level6:206505,Autumn,Shrine,Reactive Jar,-642.004028,166.975006,444.937012,,,,True,True,,,Reactive Jar,Environment/Manmade/Reactive Jars/Jar Holder (53)/Reactive Jar,InteractableShrine,206505,level6,
level6:206508,Autumn,NPC,Jane,-267.274383,2.4814,181.217422,,,,True,True,,,Mt.OrangeStandFrog2,Frog Folder/Mountains/Mt.Orange/Mt.OrangeStandFrog2,NpcBase,206508,level6,
level6:206512,Autumn,NPC,Maibel,-94.331973,147.852599,396.881415,,,,True,True,,,Mt.CroobFrog2,Frog Folder/Mountains/Mt.Croob/Mt.CroobFrog2,NpcBase,206512,level6,
level6:206514,Autumn,NPC,Walter,-381.052002,2.835,311.878815,,,,True,True,,,Farmer2,Frog Folder/Misc/Farms/Farmer2,NpcBase,206514,level6,
level6:206517,Autumn,Quest giver,Max,-750.64502,16.423,137.369995,Pizza Delivery!,giver,,True,True,,,Bazzar2,Frog Folder/Quest Frogs/Done/Bolt Reward/Bazzar2,NpcBase,206517,level6,
level6:206520,Autumn,NPC,Midas,-603.600767,252.655006,186.12142,,,,True,True,,,Mt.ThunderFrog4,Frog Folder/Mountains/Mt.Thunder/Mt.ThunderFrog4,NpcBase,206520,level6,
level6:206521,Autumn,NPC,Darrow,-855.049988,0.026,-317.73999,,,,True,True,,,Stache4,Frog Folder/Stache Club/Stache4,NpcBase,206521,level6,
level6:206524,Autumn,Quest giver,Brent,-334.879974,1.4638,204.791824,Deliver Crasher's Mail!,giver,,True,True,,,BriefCaseFrog,Frog Folder/Quest Frogs/Done/Bolt Reward/BriefCaseFrog,NpcBase,206524,level6,
level6:206526,Autumn,Quest giver,Lindon,-558.277588,200.612595,-350.033813,Hat Delivery!,giver,,True,True,,,Mt.ConeFrog1,Frog Folder/Quest Frogs/Done/Gacha Reward/Mt.ConeFrog1,NpcBase,206526,level6,
level6:206527,Autumn,NPC,Gino,-165.474003,0.592,78.719002,,,,True,True,,,SignFrog,Frog Folder/Mountains/Mt.Blue/SignFrog,NpcBase,206527,level6,
level6:206531,Autumn,NPC,Kieth,-239.304772,2.463,476.38542,,,,True,True,,,ByStander1,Frog Folder/Misc/Drifting Tractors/ByStander1,NpcBase,206531,level6,
level6:206533,Autumn,NPC,Tristan,-860.679993,70.080002,-152.619995,,,,True,True,,,CastleResident6,Frog Folder/Castle Holiday/CastleResident6,NpcBase,206533,level6,
level6:206535,Autumn,NPC,Paddy,-850.299988,179.729996,144.070007,,,,True,True,,,Mt.TownFrog4,Frog Folder/Mountains/Mt.Town/Mt.TownFrog4,NpcBase,206535,level6,
level6:206539,Autumn,Quest giver,Brian,-619.688782,178.014999,148.377411,Broken Windmill!,giver,,True,True,,,Mt.ThunderFrog6,Frog Folder/Quest Frogs/Done/Mush Reward/Mt.ThunderFrog6,NpcBase,206539,level6,
level6:206540,Autumn,NPC,Shopkeep,-297.143188,0.871,83.487022,,,,False,False,,,Seller,Frog Folder/Hollow Town/Seller,NpcBase,206540,level6,
level6:206549,Autumn,NPC,Clamper,-466.721985,61.764,410.063995,,,,True,True,,,Plateau2,Frog Folder/Plateaua/Huts/Plateau2,NpcBase,206549,level6,
level6:206550,Autumn,NPC,Oz,-404.140015,5.311,-255.199997,,,,True,True,,,Pottery2,Frog Folder/Other Towns/Pottery Town/Pottery2,NpcBase,206550,level6,
level6:206553,Autumn,NPC,Arima,-366.596741,144.513763,-124.102936,,,,True,True,,,Mt.Steg5,Frog Folder/Mountains/Mt. Steg/Mt.Steg5,NpcBase,206553,level6,
level6:206555,Autumn,Quest target,Bob,-169.643997,148.684006,-100.695,Deliver Bob's Beans!,target,,True,True,,,BriefCaseFrog2,Frog Folder/Quest Frogs/Deliver Targets/BriefCaseFrog2,NpcBase,206555,level6,
level6:206557,Autumn,NPC,Wilma,-668.72998,178.929993,-116.870003,,,,True,True,,,Mt.HandsFrog1,Frog Folder/Mountains/Mt. Hands/Mt.HandsFrog1,NpcBase,206557,level6,
level6:206559,Autumn,NPC,Tobin,-432.439974,34.030204,94.902222,,,,True,True,,,TownFrog3,Frog Folder/Hollow Town/TownFrog3,NpcBase,206559,level6,
level6:206561,Autumn,NPC,Shopkeep,-544.289978,9.0,237.949997,,,,False,False,,,Seller Book Town,Frog Folder/Other Towns/Book Town/Seller Book Town,NpcBase,206561,level6,
level6:206564,Autumn,NPC,Rice,-837.976845,0.1358,149.593417,,,,True,True,,,HutFrog2,Frog Folder/Huts/New Area/HutFrog2,NpcBase,206564,level6,
level6:206568,Autumn,NPC,Lenti,-437.160004,7.931,195.089996,,,,True,True,,,LakeFrog3,Frog Folder/Water/Lake/LakeFrog3,NpcBase,206568,level6,
level6:206576,Autumn,Quest target,Oz,-308.406006,0.281,480.151001,Find the Wandering Clowns!,target,,True,True,,,Clown3,Frog Folder/Quest Frogs/Deliver Targets/Clown3,NpcBase,206576,level6,This NPC has a later quest position; coordinates shown are the initial scene placement.
level6:206580,Autumn,NPC,Blair,-826.830017,40.080002,-80.32,,,,True,True,,,CastleResident3,Frog Folder/Castle Holiday/CastleResident3,NpcBase,206580,level6,
level6:206582,Autumn,NPC,Karl,-173.016777,147.383007,-108.110585,,,,True,True,,,MenuFrog1,Frog Folder/Mountains/Mt.Tree/MenuFrog1,NpcBase,206582,level6,
level6:206585,Autumn,Quest target,Clamper,-567.762024,7.023,264.829987,Deliver Clamper's Book!,target,,True,True,,,BookTown1,Frog Folder/Quest Frogs/Deliver Targets/BookTown1,NpcBase,206585,level6,
level6:208012,Autumn,Mushroom,CollectableMushroom_30 (2),-563.460022,2.26,292.868629,,,,False,False,,,CollectableMushroom_30 (2),Environment/MISC/Shrines/RewardShrine/Reward/CollectableMushroom_30 (2),CollectableMushroom,208012,level6,
level6:208236,Autumn,Polaroid,PolaroidCollectable 14,-410.770935,0.923503,-139.581238,,,,True,True,,,PolaroidCollectable 14,PhotoStuff/Collectables/PolaroidCollectable 14,CollectablePolaroid,208236,level6,
level6:208237,Autumn,Polaroid,PolaroidCollectable 8,-558.840942,1.193503,112.235626,,,,True,True,,,PolaroidCollectable 8,PhotoStuff/Collectables/PolaroidCollectable 8,CollectablePolaroid,208237,level6,
level6:208238,Autumn,Polaroid,PolaroidCollectable 7,-650.168945,1.486503,238.085861,,,,True,True,,,PolaroidCollectable 7,PhotoStuff/Collectables/PolaroidCollectable 7,CollectablePolaroid,208238,level6,
level6:208239,Autumn,Polaroid,PolaroidCollectable 11,-79.010941,81.497504,349.810913,,,,True,True,,,PolaroidCollectable 11,PhotoStuff/Collectables/PolaroidCollectable 11,CollectablePolaroid,208239,level6,
level6:208240,Autumn,Polaroid,PolaroidCollectable 4,-282.3992,2.533503,-56.560577,,,,True,True,,,PolaroidCollectable 4,PhotoStuff/Collectables/PolaroidCollectable 4,CollectablePolaroid,208240,level6,
level6:208241,Autumn,Polaroid,PolaroidCollectable 6,-749.081757,17.553503,60.98967,,,,True,True,,,PolaroidCollectable 6,PhotoStuff/Collectables/PolaroidCollectable 6,CollectablePolaroid,208241,level6,
level6:208242,Autumn,Polaroid,PolaroidCollectable 2,-366.544708,1.810925,-103.149475,,,,True,True,,,PolaroidCollectable 2,PhotoStuff/Collectables/PolaroidCollectable 2,CollectablePolaroid,208242,level6,
level6:208243,Autumn,Polaroid,PolaroidCollectable 9,-784.010956,1.083503,-285.722839,,,,True,True,,,PolaroidCollectable 9,PhotoStuff/Collectables/PolaroidCollectable 9,CollectablePolaroid,208243,level6,
level6:208244,Autumn,Polaroid,PolaroidCollectable 10,-508.083527,14.393503,71.389191,,,,True,True,,,PolaroidCollectable 10,PhotoStuff/Collectables/PolaroidCollectable 10,CollectablePolaroid,208244,level6,
level6:208245,Autumn,Polaroid,PolaroidCollectable 12,-395.021484,8.493503,-238.566406,,,,True,True,,,PolaroidCollectable 12,PhotoStuff/Collectables/PolaroidCollectable 12,CollectablePolaroid,208245,level6,
level6:208246,Autumn,Polaroid,PolaroidCollectable 3,-223.990941,3.873503,-127.968384,,,,True,True,,,PolaroidCollectable 3,PhotoStuff/Collectables/PolaroidCollectable 3,CollectablePolaroid,208246,level6,
level6:208247,Autumn,Polaroid,PolaroidCollectable 13,-442.587799,34.715884,84.01178,,,,True,True,,,PolaroidCollectable 13,PhotoStuff/Collectables/PolaroidCollectable 13,CollectablePolaroid,208247,level6,
level6:208248,Autumn,Polaroid,PolaroidCollectable 15,-689.720276,0.883503,-56.728394,,,,True,True,,,PolaroidCollectable 15,PhotoStuff/Collectables/PolaroidCollectable 15,CollectablePolaroid,208248,level6,
level6:208249,Autumn,Polaroid,PolaroidCollectable 5,-252.494385,28.027354,331.891602,,,,True,True,,,PolaroidCollectable 5,PhotoStuff/Collectables/PolaroidCollectable 5,CollectablePolaroid,208249,level6,
level6:208488,Autumn,NPC,Olive,-825.970337,59.988617,-111.797703,,,,True,True,,,CastleResident4,Frog Folder/Moving NPCs/Walk/PatrolFrogCurvy/CastleResident4,NpcBase,208488,level6,
level6:208536,Autumn,Bolt,CollectableBolt (120),-471.022589,1.176834,-16.592891,,,,False,False,,,CollectableBolt (120),Environment/Manmade/Residential/Mini Camps/Camp 9/Clothes Line (2)/egypt-crate/CollectableBolt (120),CollectableBolt,208536,level6,
level6:208537,Autumn,Bolt,CollectableBolt (120),-142.238891,1.702742,14.174138,,,,False,False,,,CollectableBolt (120),Environment/Manmade/Residential/Large Camps/Starting Camp/Clothes Line (1)/egypt-crate/CollectableBolt (120),CollectableBolt,208537,level6,
level6:208538,Autumn,Bolt,CollectableBolt (120),-525.356811,178.39486,162.749528,,,,False,False,,,CollectableBolt (120),Environment/Manmade/Mountains/Mt. Thunder/Mountain Cosmetics/Clothes Line (3)/egypt-crate/CollectableBolt (120),CollectableBolt,208538,level6,
level6:208539,Autumn,Bolt,CollectableBolt (120),-194.563332,109.57125,-79.951832,,,,False,False,,,CollectableBolt (120),Environment/Manmade/Mountains/Mt. Tree/Mountain Cosmtetics/Clothes Line (4)/egypt-crate/CollectableBolt (120),CollectableBolt,208539,level6,
level6:208540,Autumn,Bolt,CollectableBolt (120),-419.405553,5.842708,-255.709857,,,,False,False,,,CollectableBolt (120),Environment/Manmade/Residential/Towns/Town 5/Clothes Line (5)/egypt-crate/CollectableBolt (120),CollectableBolt,208540,level6,
level6:208541,Autumn,Bolt,CollectableBolt (120),-615.871575,252.55982,197.932838,,,,False,False,,,CollectableBolt (120),Environment/Manmade/Mountains/Mt. Thunder/Mountain Cosmetics/Clothes Line (5)/egypt-crate/CollectableBolt (120),CollectableBolt,208541,level6,
level6:208542,Autumn,Bolt,CollectableBolt (120),-417.276818,32.933418,-53.019554,,,,False,False,,,CollectableBolt (120),Environment/Manmade/Mountains/Mt. Steg/Mountain Cosmetics/Clothes Line (4)/egypt-crate/CollectableBolt (120),CollectableBolt,208542,level6,
level6:208543,Autumn,Bolt,CollectableBolt (120),-848.978968,0.744109,-333.058606,,,,False,False,,,CollectableBolt (120),Environment/Manmade/Residential/Large Camps/Conspiracy Camps/Clothes Line (7)/egypt-crate/CollectableBolt (120),CollectableBolt,208543,level6,
level6:208544,Autumn,Bolt,CollectableBolt (120),-790.950495,17.441062,36.469794,,,,False,False,,,CollectableBolt (120),Environment/Manmade/Residential/Towns/Town 3/Clothes Line (6)/egypt-crate/CollectableBolt (120),CollectableBolt,208544,level6,
level6:208545,Autumn,Bolt,CollectableBolt (120),-797.620492,65.378531,502.16236,,,,False,False,,,CollectableBolt (120),Environment/Manmade/Residential/Large Camps/Boulderers/Clothes Line (5)/egypt-crate/CollectableBolt (120),CollectableBolt,208545,level6,
level6:208546,Autumn,Bolt,CollectableBolt (120),-833.441164,60.724646,-121.760698,,,,False,False,,,CollectableBolt (120),Environment/Manmade/Hills/Hill 1/Clothes Line (3)/egypt-crate/CollectableBolt (120),CollectableBolt,208546,level6,
level6:208547,Autumn,Bolt,CollectableBolt (120),-477.814949,2.986062,-374.151707,,,,False,False,,,CollectableBolt (120),Environment/Manmade/Residential/Mini Camps/Camp 13/Clothes Line (3)/egypt-crate/CollectableBolt (120),CollectableBolt,208547,level6,
level6:208548,Autumn,Bolt,CollectableBolt (120),-104.590054,3.281741,382.939504,,,,False,False,,,CollectableBolt (120),Environment/Manmade/Residential/Mini Camps/Camp 22/Clothes Line (1)/egypt-crate/CollectableBolt (120),CollectableBolt,208548,level6,
level6:208549,Autumn,Bolt,CollectableBolt (120),-500.580804,60.98349,535.520457,,,,False,False,,,CollectableBolt (120),Environment/Manmade/Residential/Mini Camps/Camp 19/Clothes Line (4)/egypt-crate/CollectableBolt (120),CollectableBolt,208549,level6,
level6:208550,Autumn,Bolt,CollectableBolt (120),-852.374104,267.765757,174.434114,,,,False,False,,,CollectableBolt (120),Environment/Manmade/Mountains/Mt Wooden Village/Mountain Cosmetics/Clothes Line (2)/egypt-crate/CollectableBolt (120),CollectableBolt,208550,level6,
level6:208559,Autumn,NPC,SCRAM,-350.815002,23.118999,11.055,,,,True,True,,,TravellingFrog3,UI/Mini Games/TravelingFrogController/TravellingFrog3,NpcBase,208559,level6,Travelling NPC variant 3; the game activates variants in sequence.
level6:208818,Autumn,NPC,Fabi,-656.122986,118.832001,443.205994,,,,True,True,,,Mt.ShroomFrog4,Frog Folder/Mountains/Mt. Shroom/Mt.ShroomFrog4,NpcBase,208818,level6,
level6:208823,Autumn,NPC,Gracey,-163.176774,148.407006,-100.782582,,,,True,True,,,CarryingFrog,Frog Folder/Mountains/Mt.Tree/CarryingFrog,NpcBase,208823,level6,
level6:208825,Autumn,NPC,Celeste,-634.429577,2.9702,302.852629,,,,True,True,,,HutFrog6,Frog Folder/Huts/New Area/HutFrog6,NpcBase,208825,level6,
level6:208827,Autumn,NPC,Dawn,-67.640774,4.519,312.777434,,,,True,True,,,MtCroobFrog1,Frog Folder/Mountains/Mt.Croob/MtCroobFrog1,NpcBase,208827,level6,
level6:208829,Autumn,NPC,Mica,-242.979004,5.153,-272.97699,,,,True,True,,,RiverHutFrog2,Frog Folder/Water/River Huts/RiverHutFrog2,NpcBase,208829,level6,
level6:208830,Autumn,Quest giver,Gina,-819.880005,2.119,-416.562012,Return Gina's Ring!,giver,,True,True,,,SquareHouseFrog2,Frog Folder/Quest Frogs/Done/Gacha Reward/SquareHouseFrog2,NpcBase,208830,level6,
level6:208834,Autumn,NPC,Larry,-167.20778,99.798308,375.196454,,,,True,True,,,HangingFrog1,Frog Folder/Mountains/Mt.Croob/HangingFrog1,NpcBase,208834,level6,
level6:208836,Autumn,Quest giver,Nickolai,-701.304016,17.965,66.879425,Nickolai's Missing Glasses!,giver,,True,True,,,Farmer1,Frog Folder/Quest Frogs/Done/Bolt Reward/Farmer1,NpcBase,208836,level6,
level6:208837,Autumn,NPC,Layla,-905.032999,0.687,189.321414,,,,True,True,,,HutFrog3,Frog Folder/Huts/New Area/HutFrog3,NpcBase,208837,level6,
level6:208840,Autumn,NPC,Anna,-94.989981,9.105,-112.779996,,,,True,True,,,CrazyGlasses,Frog Folder/Huts/Demo Area/CrazyGlasses,NpcBase,208840,level6,
level6:208841,Autumn,Quest target,Crasher,-689.299194,11.982201,-149.027344,Deliver Crasher's Mail!,target,,True,True,,,Mechanic3,Frog Folder/Quest Frogs/Deliver Targets/Mechanic3,NpcBase,208841,level6,
level6:208844,Autumn,NPC,Rose,-634.536754,3.9318,-201.512173,,,,True,True,,,HutFrog1,Frog Folder/Huts/New Area/HutFrog1,NpcBase,208844,level6,
level6:208848,Autumn,NPC,Gracey,-167.78477,67.423002,353.705413,,,,True,True,,,SittingOnRockSittingFrog1,Frog Folder/Mountains/Mt.Croob/SittingOnRockSittingFrog1,NpcBase,208848,level6,
level6:208852,Autumn,NPC,Vera,-673.710022,288.979004,484.734985,,,,True,True,,,Mt.ShroomFrog1,Frog Folder/Mountains/Mt. Shroom/Mt.ShroomFrog1,NpcBase,208852,level6,
level6:208856,Autumn,NPC,Lynn,-154.308036,0.450337,6.453427,,,,True,True,,,ReadingMap,Frog Folder/Huts/Demo Area/ReadingMap,NpcBase,208856,level6,
level6:208857,Autumn,NPC,Gnash,-897.520752,0.8686,123.025421,,,,True,True,,,Mt.TownFrog8,Frog Folder/Mountains/Mt.Town/Mt.TownFrog8,NpcBase,208857,level6,
level6:208861,Autumn,NPC,Olive,-827.179993,59.987,-112.709999,,,,False,False,,,CastleResident4,Frog Folder/Castle Holiday/CastleResident4,NpcBase,208861,level6,
level6:208865,Autumn,NPC,Milo,-853.065002,124.996002,172.087006,,,,True,True,,,Mt.TownFrog5,Frog Folder/Mountains/Mt.Town/Mt.TownFrog5,NpcBase,208865,level6,
level6:208875,Autumn,NPC,Filo,-795.309998,16.73,42.09,,,,True,True,,,WallTown1,Frog Folder/Other Towns/Walled Town/WallTown1,NpcBase,208875,level6,
level6:208877,Autumn,NPC,Taylor,-255.270004,4.034,-300.661011,,,,True,True,,,RiverHutFrog3,Frog Folder/Water/River Huts/RiverHutFrog3,NpcBase,208877,level6,
level6:208878,Autumn,NPC,Samir,-859.041016,84.589996,453.458008,,,,True,True,,,Boulder4,Frog Folder/Plateaua/Boulderers/Boulder4,NpcBase,208878,level6,
level6:208880,Autumn,NPC,Claxton,-671.096008,1.112,249.838104,,,,True,True,,,Digger2,Frog Folder/Misc/Big Bone Site/Digger2,NpcBase,208880,level6,
level6:208883,Autumn,NPC,Lea,-718.808777,11.471001,-396.094604,,,,True,True,,,SquareHouseFrog1,Frog Folder/Misc/Square Houses/SquareHouseFrog1,NpcBase,208883,level6,
level6:209018,Autumn,Suitcase,suitcase-big,-838.609009,191.218994,163.335007,,,,True,True,,,suitcase-big,Environment/MISC/Suitcase/Full/suitcase-big,SuitcaseOpenScript,209018,level6,
level6:210932,Autumn,NPC,EN,-357.378356,0.27,423.815156,,,,False,False,,,SpeedClimbFrog,UI/Mini Games/SpeedClimb/SpeedClimbFrog,NpcBase,210932,level6,
level6:211046,Autumn,Quest pickup,QI-Flashlight,-535.161987,10.059,-277.134003,Mickey's Missing Flashlight!,pickup,,False,False,,,QI-Flashlight,Environment/Nature/Misc/Quest Items/QI-Flashlight,CollectableQuestItem,211046,level6,
level6:211471,Autumn,NPC,Jack,-152.311561,1.643934,-131.409455,,,,True,True,,,CycleFrog5,Frog Folder/Moving NPCs/Bicycle/Bike Patrol Holder_Fat/BikeMesh/CycleFrog5,NpcBase,211471,level6,
level6:211606,Autumn,Mushroom,CollectableMushroom_30 (1),-562.448022,2.976,294.327629,,,,False,False,,,CollectableMushroom_30 (1),Environment/MISC/Shrines/RewardShrine/Reward/CollectableMushroom_30 (1),CollectableMushroom,211606,level6,
level6:212030,Autumn,NPC,Jessy,-516.449388,39.983617,-49.096411,,,,True,True,,,PlateauFrog,Frog Folder/Moving NPCs/Walk/PatrolFrogNormal/PlateauFrog,NpcBase,212030,level6,
level6:212032,Autumn,NPC,Brioche,-585.704134,177.681614,143.448405,,,,True,True,,,Mt.ThunderFrog7,Frog Folder/Moving NPCs/Walk/PatrolFrogNormal (2)/Mt.ThunderFrog7,NpcBase,212032,level6,
level6:212037,Autumn,NPC,Jimmy,-574.234217,178.341618,250.504579,,,,True,True,,,Mt.ThunderFrog2,Frog Folder/Moving NPCs/Walk/PatrolFrogNormal (1)/Mt.ThunderFrog2,NpcBase,212037,level6,
level6:212088,Autumn,NPC,Casey,-818.697357,2.164617,-227.279709,,,,True,True,,,Kid3,Frog Folder/Moving NPCs/Walk/PatrolFrogSkinny/Kid3,NpcBase,212088,level6,
level6:212151,Autumn,Bolt,CollectableBolt (149),-856.942499,191.630557,188.077241,,,level6:214932,True,False,,,CollectableBolt (149),Environment/Manmade/Mountains/Mt Wooden Village/Mountain Cosmetics/Chest/Bolt Holder/CollectableBolt (149),CollectableBolt,212151,level6,
level6:212152,Autumn,Bolt,CollectableBolt (150),-856.33337,191.630557,187.769681,,,level6:214932,True,False,,,CollectableBolt (150),Environment/Manmade/Mountains/Mt Wooden Village/Mountain Cosmetics/Chest/Bolt Holder/CollectableBolt (150),CollectableBolt,212152,level6,
level6:212215,Autumn,Quest pickup,QI-Bracelet,-271.023956,52.991753,190.671478,Lucy's Lost Bracelet!,pickup,,False,False,,,QI-Bracelet,Environment/Nature/Misc/Quest Items/QI-Bracelet,CollectableQuestItem,212215,level6,
level6:212243,Autumn,NPC,Mena,-424.059906,34.467892,-58.865982,,,,True,True,,,Mt.Steg1,Frog Folder/Mountains/Mt. Steg/Mt.Steg1,NpcBase,212243,level6,
level6:212247,Autumn,NPC,Dayna,-152.107047,1.845338,20.032422,,,,True,True,,,BaseCampFrog,Frog Folder/Huts/Demo Area/BaseCampFrog,NpcBase,212247,level6,
level6:212249,Autumn,NPC,BalanceFrog,-125.550834,7.88318,269.438646,,,,True,True,,,BalanceFrog,Frog Folder/Huts/Demo Area/BalanceFrog,NpcBase,212249,level6,
level6:212253,Autumn,NPC,Jimmy,-573.432774,178.319006,251.241422,,,,False,False,,,Mt.ThunderFrog2,Frog Folder/Mountains/Mt.Thunder/Mt.ThunderFrog2,NpcBase,212253,level6,
level6:212256,Autumn,NPC,Brenda,-664.799988,6.53,-279.630005,,,,True,True,,,LoungerBeachAttender,Frog Folder/Water/Beach 2/LoungerBeachAttender,NpcBase,212256,level6,
level6:212258,Autumn,NPC,Breem,-137.376774,134.239001,399.537421,,,,True,True,,,FrogSittingOnBench,Frog Folder/Mountains/Mt.Croob/FrogSittingOnBench,NpcBase,212258,level6,
level6:212261,Autumn,NPC,Blazric,-74.53677,4.959001,119.217421,,,,False,False,,,SuitCaseTutorial,Frog Folder/Hollow Town/SuitCaseTutorial,NpcBase,212261,level6,
level6:212262,Autumn,NPC,Prince,-280.82901,0.116,88.861,,,,True,True,,,KingFrog,Frog Folder/KingFrog,NpcBase,212262,level6,
level6:212265,Autumn,NPC,Kamey,-396.962006,77.886002,-89.519997,,,,True,True,,,Mt.Steg3,Frog Folder/Mountains/Mt. Steg/Mt.Steg3,NpcBase,212265,level6,
level6:212268,Autumn,NPC,Wren,-809.182983,59.991001,420.972992,,,,True,True,,,Boulder1,Frog Folder/Plateaua/Boulderers/Boulder1,NpcBase,212268,level6,
level6:212270,Autumn,Quest giver,Goose,-676.890015,-0.017,-52.060001,Find the Wandering Clowns!,giver,,True,True,,,Clown1,Frog Folder/Quest Frogs/Done/No Reward/Clown1,NpcBase,212270,level6,
level6:212275,Autumn,NPC,Leo,-476.359985,2.67,-383.519989,,,,True,True,,,CampKid,Frog Folder/Water/River/Camp 1/CampKid,NpcBase,212275,level6,
level6:212278,Autumn,NPC,Jessy,-516.03674,39.975003,-48.538486,,,,False,False,,,PlateauFrog,Frog Folder/Huts/Demo Area/PlateauFrog,NpcBase,212278,level6,
level6:212282,Autumn,NPC,Ethal,-883.860046,186.427994,174.939636,,,,True,True,,,Mt.TownFrog6,Frog Folder/Mountains/Mt.Town/Mt.TownFrog6,NpcBase,212282,level6,
level6:212283,Autumn,NPC,Crumble,-787.450012,16.66,61.200001,,,,True,True,,,WallTown2,Frog Folder/Other Towns/Walled Town/WallTown2,NpcBase,212283,level6,
level6:212287,Autumn,NPC,Frederick,-478.699005,1.949,-140.587006,,,,True,True,,,Explorer,Frog Folder/Misc/Mushroom Forest/Explorer,NpcBase,212287,level6,
level6:212289,Autumn,NPC,Basher,-587.869995,0.04,85.690002,,,,True,False,,,MemoryFrog,UI/Mini Games/Memory Game/MemoryFrog,NpcBase,212289,level6,
level6:212291,Autumn,NPC,Benjamin,-150.785995,1.241,120.616997,,,,True,True,,,MtBlueFrog1DialogueHolderMAIN,Frog Folder/MtBlueFrog1DialogueHolderMAIN,NpcBase,212291,level6,
level6:212292,Autumn,NPC,Lenny,-268.286377,63.5278,211.199832,,,,True,True,,,SittingMt.OrangeFrog2,Frog Folder/Mountains/Mt.Orange/SittingMt.OrangeFrog2,NpcBase,212292,level6,
level6:212299,Autumn,NPC,Benjamin,-545.808774,174.134997,-319.934587,,,,True,True,,,Mt.ConeFrog3,Frog Folder/Mountains/Mt. Cone/Mt.ConeFrog3,NpcBase,212299,level6,
level6:212301,Autumn,NPC,Zac,-452.118011,0.38,-61.889999,,,,True,True,,,GeneratorFrog,Frog Folder/Misc/GeneratorFrog,NpcBase,212301,level6,
level6:212304,Autumn,NPC,Gaz,-543.520762,1.2054,173.129428,,,,True,True,,,Mt.ThunderFrog1,Frog Folder/Mountains/Mt.Thunder/Mt.ThunderFrog1,NpcBase,212304,level6,
level6:212308,Autumn,NPC,Alec,-468.75,2.301,-376.48999,,,,True,True,,,CampDad,Frog Folder/Water/River/Camp 1/CampDad,NpcBase,212308,level6,
level6:212309,Autumn,NPC,Belle,-660.804016,4.91,-294.52301,,,,True,True,,,LoungerBeachAttender3,Frog Folder/Water/Beach 2/LoungerBeachAttender3,NpcBase,212309,level6,
level6:212313,Autumn,NPC,Basher,-709.472791,11.983001,-133.558583,,,,True,True,,,Mechanic2,Frog Folder/Misc/Garage/Mechanic2,NpcBase,212313,level6,
level6:212317,Autumn,NPC,Lemur,-806.846985,19.99,-79.674004,,,,True,True,,,CastleResident1(DialogueHolder),Frog Folder/Castle Holiday/CastleResident1(DialogueHolder),NpcBase,212317,level6,
level6:212321,Autumn,NPC,Brioche,-585.048839,177.655017,146.057418,,,,False,False,,,Mt.ThunderFrog7,Frog Folder/Mountains/Mt.Thunder/Mt.ThunderFrog7,NpcBase,212321,level6,
level6:212325,Autumn,NPC,Miles,-795.940002,64.690002,492.519989,,,,True,True,,,Boulder3,Frog Folder/Plateaua/Boulderers/Boulder3,NpcBase,212325,level6,
level6:212326,Autumn,NPC,Pleeb,-539.080994,10.995,254.957993,,,,True,True,,,BookTown2,Frog Folder/Other Towns/Book Town/BookTown2,NpcBase,212326,level6,
level6:212331,Autumn,NPC,Grib,-371.690002,7.82,-37.560001,,,,True,True,,,Musician,Frog Folder/Misc/Gazebo/Musician,NpcBase,212331,level6,
level6:212336,Autumn,NPC,Elizabeth,-880.94104,50.34,-116.194969,,,,True,True,,,CastleResident5,Frog Folder/Castle Holiday/CastleResident5,NpcBase,212336,level6,
level6:212338,Autumn,NPC,Jeremy,-149.332768,119.705407,-110.969777,,,,True,True,,,SittingMt.Tree,Frog Folder/Mountains/Mt.Tree/SittingMt.Tree,NpcBase,212338,level6,
level6:212344,Autumn,NPC,Mortimer,-308.844055,3.946611,-189.308167,,,,True,True,,,RiverRaceFrog,UI/Mini Games/RiverRacer (Updated)/RiverRaceFrog,NpcBase,212344,level6,
level6:212347,Autumn,NPC,Jackie,-679.632019,177.893997,-100.473,,,,True,True,,,Mt.HandsFrog2,Frog Folder/Mountains/Mt. Hands/Mt.HandsFrog2,NpcBase,212347,level6,
level6:212350,Autumn,NPC,Ryan,-394.023982,0.455338,-84.868176,,,,True,True,,,CampFrog1,Frog Folder/Huts/Demo Area/CampFrog1,NpcBase,212350,level6,
level6:212352,Autumn,NPC,Siril,-899.5,120.139999,148.309998,,,,True,True,,,Mt.TownFrog3,Frog Folder/Mountains/Mt.Town/Mt.TownFrog3,NpcBase,212352,level6,
level6:212354,Autumn,NPC,James,-135.936771,117.895006,-95.102577,,,,True,True,,,SittingMt.Tree3,Frog Folder/Mountains/Mt.Tree/SittingMt.Tree3,NpcBase,212354,level6,
level6:212357,Autumn,NPC,Eugene,-446.923153,90.523003,67.170219,,,,True,True,,,WindmillFrog,Frog Folder/Hollow Town/WindmillFrog,NpcBase,212357,level6,
level6:212361,Autumn,NPC,Goose,-260.233429,4.423151,479.147522,,,,True,True,,,Tractor1,Environment/Manmade/Residential/Misc Manmade Areas/Drifting Tractors/~LargeStuff~/Spinner/tractor (5)/Tractor1,NpcBase,212361,level6,
level6:212366,Autumn,Quest giver,Greeble,-369.088776,1.367,200.145416,Greebles Seeds!,giver,,True,True,,,TownFrog2,Frog Folder/Quest Frogs/Done/Mush Reward/TownFrog2,NpcBase,212366,level6,
level6:212368,Autumn,NPC,Oliver,-206.15277,109.103002,-49.438587,,,,True,True,,,GlassesFrogMt.Tree,Frog Folder/Mountains/Mt.Tree/GlassesFrogMt.Tree,NpcBase,212368,level6,
level6:212369,Autumn,NPC,Henry,-246.346062,11.634338,-0.929568,,,,True,True,,,SittingOnRockFrog,Frog Folder/Huts/Demo Area/SittingOnRockFrog,NpcBase,212369,level6,
level6:212375,Autumn,NPC,Coolio,-320.544769,1.5758,205.004608,,,,True,True,,,StorageFrogLean(DialogueHolder),Frog Folder/Misc/StorageFrogLean(DialogueHolder),NpcBase,212375,level6,
level6:212377,Autumn,NPC,Charles,-808.122925,19.431,-58.070988,,,,True,True,,,CastleResident2,Frog Folder/Castle Holiday/CastleResident2,NpcBase,212377,level6,
level6:212380,Autumn,Quest target,Bean,-659.213196,59.987,427.528839,Find the Wandering Clowns!,target,,True,True,,,Clown2,Frog Folder/Quest Frogs/Deliver Targets/Clown2,NpcBase,212380,level6,This NPC has a later quest position; coordinates shown are the initial scene placement.
level6:212384,Autumn,NPC,Barnaby,-793.892029,61.0,466.23175,,,,True,True,,,Boulder2,Frog Folder/Plateaua/Boulderers/Boulder2,NpcBase,212384,level6,
level6:212387,Autumn,NPC,Barney,-139.199723,65.560044,143.182284,,,,True,True,,,SittingFrogMt.Blue,Frog Folder/Mountains/Mt.Blue/SittingFrogMt.Blue,NpcBase,212387,level6,
level6:212390,Autumn,NPC,Leap,-487.701996,61.077999,521.629028,,,,True,True,,,Plateau5,Frog Folder/Plateaua/Huts/Plateau5,NpcBase,212390,level6,
level6:212394,Autumn,NPC,Jim,-473.567166,0.3438,-8.835391,,,,True,True,,,CampFrog2,Frog Folder/Huts/Demo Area/CampFrog2,NpcBase,212394,level6,
level6:212397,Autumn,NPC,Gary,-121.547049,2.4134,274.392442,,,,True,True,,,BalanceFrog2,Frog Folder/Huts/Demo Area/BalanceFrog2,NpcBase,212397,level6,
level6:212399,Autumn,NPC,Basher,-356.535857,0.35,426.797242,,,,True,True,,,SpeedClimbFrog,UI/Mini Games/SpeedClimb/SpeedClimbFrog,NpcBase,212399,level6,
level6:212401,Autumn,NPC,Theo,-381.157013,8.678,-241.947006,,,,True,True,,,Pottery1(DialogueHolder),Frog Folder/Other Towns/Pottery1(DialogueHolder),NpcBase,212401,level6,
level6:212404,Autumn,NPC,Lily,-139.472758,59.791001,150.297427,,,,True,True,,,Mt.BlueCamper2,Frog Folder/Mountains/Mt.Blue/Mt.BlueCamper2,NpcBase,212404,level6,
level6:212406,Autumn,NPC,Jeremy,-294.317688,2.266738,109.257729,,,,True,True,,,SittingFrogTown,Frog Folder/Hollow Town/SittingFrogTown,NpcBase,212406,level6,
level6:212408,Autumn,Quest giver,Isobel,-517.713989,2.972,-219.201996,Gather Mushrooms!,giver,,True,True,,,Witch,Frog Folder/Quest Frogs/Done/Bolt Reward/Witch,NpcBase,212408,level6,
level6:212410,Autumn,NPC,Hope,-647.163025,5.7,-260.907013,,,,True,True,,,LoungerBeachAttender2,Frog Folder/Water/Beach 2/LoungerBeachAttender2,NpcBase,212410,level6,
level6:212412,Autumn,Quest target,Mikayla,-853.086487,69.989998,-131.983109,Return Gina's Ring!,target,,True,True,,,CastleResident7,Frog Folder/Quest Frogs/Deliver Targets/CastleResident7,NpcBase,212412,level6,
level6:212415,Autumn,NPC,Snee,-534.343994,59.98,355.673004,,,,True,True,,,Plateau3,Frog Folder/Plateaua/Huts/Plateau3,NpcBase,212415,level6,
level6:212418,Autumn,NPC,Gazric,-269.947174,7.1582,136.007815,,,,True,True,,,ChestTutorial,Frog Folder/Hollow Town/ChestTutorial,NpcBase,212418,level6,
level6:212420,Autumn,NPC,Lumin,-834.840027,-0.036,-311.809998,,,,True,True,,,Stache2,Frog Folder/Stache Club/Stache2,NpcBase,212420,level6,
level6:212423,Autumn,NPC,Goose,-247.316394,4.368261,495.181518,,,,True,True,,,Tractor2,Environment/Manmade/Residential/Misc Manmade Areas/Drifting Tractors/~LargeStuff~/Spinner/tractor (6)/Tractor2,NpcBase,212423,level6,
level6:212426,Autumn,Quest giver,Pine,-863.034424,14.6302,260.615021,Deliver Clamper's Book!,giver,,True,True,,,HutFrog4,Frog Folder/Quest Frogs/Done/Mush Reward/HutFrog4,NpcBase,212426,level6,
level6:212804,Autumn,Egg,Egg,-362.929993,2.65,320.179993,,,,True,True,,,Egg,Environment/MISC/Eggs/Egg Reward/Egg Holder/Egg,EggCrackingScript,212804,level6,
level6:212843,Autumn,NPC,Gavin,-369.750794,2.87433,219.467208,,,,True,True,,,MotorFrog1,Frog Folder/Moving NPCs/MotorBike/MotorBike Patrol Holder_Fat/motorbike-old/MotorFrog1,NpcBase,212843,level6,
level6:212942,Autumn,Bolt,CollectableBolt (150),-293.770711,3.873183,196.186096,,,,True,False,,,CollectableBolt (150),Environment/Manmade/Score Board/Mt. Hollow/Score Board Hollow B/SM_Prop_Chest_Wood_01 (39)/Bolt Holder/CollectableBolt (150),CollectableBolt,212942,level6,
level6:212943,Autumn,Bolt,CollectableBolt (150),-268.50254,3.101954,191.099958,,,,True,False,,,CollectableBolt (150),Environment/Manmade/Score Board/Mt. Hollow/Score Board Hollow Y/SM_Prop_Chest_Wood_01 (39)/Bolt Holder/CollectableBolt (150),CollectableBolt,212943,level6,
level6:212944,Autumn,Bolt,CollectableBolt (150),-802.2573,2.824521,-394.766013,,,,True,False,,,CollectableBolt (150),Environment/Manmade/Score Board/Mt.A/Score Board Ana Y/SM_Prop_Chest_Wood_01 (39)/Bolt Holder/CollectableBolt (150),CollectableBolt,212944,level6,
level6:212945,Autumn,Bolt,CollectableBolt (149),-787.909774,0.933933,-280.262717,,,,True,False,,,CollectableBolt (149),Environment/Manmade/Score Board/Mt.A/Score Board Ana B/SM_Prop_Chest_Wood_01 (39)/Bolt Holder/CollectableBolt (149),CollectableBolt,212945,level6,
level6:212946,Autumn,Bolt,CollectableBolt (149),-293.151327,3.931894,196.613409,,,,True,False,,,CollectableBolt (149),Environment/Manmade/Score Board/Mt. Hollow/Score Board Hollow B/SM_Prop_Chest_Wood_01 (39)/Bolt Holder/CollectableBolt (149),CollectableBolt,212946,level6,
level6:212947,Autumn,Bolt,CollectableBolt (149),-267.883238,3.131604,191.530383,,,,True,False,,,CollectableBolt (149),Environment/Manmade/Score Board/Mt. Hollow/Score Board Hollow Y/SM_Prop_Chest_Wood_01 (39)/Bolt Holder/CollectableBolt (149),CollectableBolt,212947,level6,
level6:212948,Autumn,Bolt,CollectableBolt (149),-802.777051,2.802777,-394.219143,,,,True,False,,,CollectableBolt (149),Environment/Manmade/Score Board/Mt.A/Score Board Ana Y/SM_Prop_Chest_Wood_01 (39)/Bolt Holder/CollectableBolt (149),CollectableBolt,212948,level6,
level6:212949,Autumn,Bolt,CollectableBolt (150),-787.161812,0.92066,-280.162426,,,,True,False,,,CollectableBolt (150),Environment/Manmade/Score Board/Mt.A/Score Board Ana B/SM_Prop_Chest_Wood_01 (39)/Bolt Holder/CollectableBolt (150),CollectableBolt,212949,level6,
level6:212950,Autumn,Bolt,CollectableBolt (150),-841.655766,0.700574,-215.82822,,,,True,False,,,CollectableBolt (150),Environment/Manmade/Score Board/Mt.A/Score Board Ana R/SM_Prop_Chest_Wood_01 (39)/Bolt Holder/CollectableBolt (150),CollectableBolt,212950,level6,
level6:212951,Autumn,Bolt,CollectableBolt (149),-51.890908,2.521316,425.841723,,,,True,False,,,CollectableBolt (149),Environment/Manmade/Score Board/Mt. Croob/Score Board Croob Y/SM_Prop_Chest_Wood_01 (39)/Bolt Holder/CollectableBolt (149),CollectableBolt,212951,level6,
level6:212952,Autumn,Bolt,CollectableBolt (150),-575.612102,60.837546,483.520833,,,,True,False,,,CollectableBolt (150),Environment/Manmade/Score Board/Mt. Shrrom/Score Board Shroom B/SM_Prop_Chest_Wood_01 (39)/Bolt Holder/CollectableBolt (150),CollectableBolt,212952,level6,
level6:212953,Autumn,Bolt,CollectableBolt (149),-841.449433,0.701706,-216.554241,,,,True,False,,,CollectableBolt (149),Environment/Manmade/Score Board/Mt.A/Score Board Ana R/SM_Prop_Chest_Wood_01 (39)/Bolt Holder/CollectableBolt (149),CollectableBolt,212953,level6,
level6:212954,Autumn,Bolt,CollectableBolt (150),-51.84934,2.531286,426.595283,,,,True,False,,,CollectableBolt (150),Environment/Manmade/Score Board/Mt. Croob/Score Board Croob Y/SM_Prop_Chest_Wood_01 (39)/Bolt Holder/CollectableBolt (150),CollectableBolt,212954,level6,
level6:212955,Autumn,Bolt,CollectableBolt (149),-576.200986,60.825313,483.048871,,,,True,False,,,CollectableBolt (149),Environment/Manmade/Score Board/Mt. Shrrom/Score Board Shroom B/SM_Prop_Chest_Wood_01 (39)/Bolt Holder/CollectableBolt (149),CollectableBolt,212955,level6,
level6:212956,Autumn,Bolt,CollectableBolt (149),-370.698163,0.960187,-158.785323,,,,True,False,,,CollectableBolt (149),Environment/Manmade/Score Board/Mt. Steg/Score Board Steg R/SM_Prop_Chest_Wood_01 (39)/Bolt Holder/CollectableBolt (149),CollectableBolt,212956,level6,
level6:212957,Autumn,Bolt,CollectableBolt (149),-137.539799,4.026159,-108.935945,,,,True,False,,,CollectableBolt (149),Environment/Manmade/Score Board/Mt.Tree/Score Board Tree R/SM_Prop_Chest_Wood_01 (39)/Bolt Holder/CollectableBolt (149),CollectableBolt,212957,level6,
level6:212958,Autumn,Bolt,CollectableBolt (149),-160.77452,9.347882,303.855637,,,,True,False,,,CollectableBolt (149),Environment/Manmade/Score Board/Mt. Croob/Score Board Croob B/SM_Prop_Chest_Wood_01 (39)/Bolt Holder/CollectableBolt (149),CollectableBolt,212958,level6,
level6:212959,Autumn,Bolt,CollectableBolt (149),-84.477281,5.704316,315.796207,,,,True,False,,,CollectableBolt (149),Environment/Manmade/Score Board/Mt. Croob/Score Board Croob R/SM_Prop_Chest_Wood_01 (39)/Bolt Holder/CollectableBolt (149),CollectableBolt,212959,level6,
level6:212960,Autumn,Bolt,CollectableBolt (150),-653.170456,6.707064,-160.72994,,,,True,False,,,CollectableBolt (150),Environment/Manmade/Score Board/Mt.Hands/Score Board Brev B/SM_Prop_Chest_Wood_01 (39)/Bolt Holder/CollectableBolt (150),CollectableBolt,212960,level6,
level6:212961,Autumn,Bolt,CollectableBolt (150),-370.1688,0.960188,-159.323333,,,,True,False,,,CollectableBolt (150),Environment/Manmade/Score Board/Mt. Steg/Score Board Steg R/SM_Prop_Chest_Wood_01 (39)/Bolt Holder/CollectableBolt (150),CollectableBolt,212961,level6,
level6:212962,Autumn,Bolt,CollectableBolt (150),-138.072363,3.900792,-108.416003,,,,True,False,,,CollectableBolt (150),Environment/Manmade/Score Board/Mt.Tree/Score Board Tree R/SM_Prop_Chest_Wood_01 (39)/Bolt Holder/CollectableBolt (150),CollectableBolt,212962,level6,
level6:212963,Autumn,Bolt,CollectableBolt (150),-161.439491,9.302019,303.501531,,,,True,False,,,CollectableBolt (150),Environment/Manmade/Score Board/Mt. Croob/Score Board Croob B/SM_Prop_Chest_Wood_01 (39)/Bolt Holder/CollectableBolt (150),CollectableBolt,212963,level6,
level6:212964,Autumn,Bolt,CollectableBolt (150),-84.078057,5.714286,316.436677,,,,True,False,,,CollectableBolt (150),Environment/Manmade/Score Board/Mt. Croob/Score Board Croob R/SM_Prop_Chest_Wood_01 (39)/Bolt Holder/CollectableBolt (150),CollectableBolt,212964,level6,
level6:212965,Autumn,Bolt,CollectableBolt (149),-653.865007,6.741882,-161.023312,,,,True,False,,,CollectableBolt (149),Environment/Manmade/Score Board/Mt.Hands/Score Board Brev B/SM_Prop_Chest_Wood_01 (39)/Bolt Holder/CollectableBolt (149),CollectableBolt,212965,level6,
level6:212966,Autumn,Bolt,CollectableBolt (149),-564.935821,4.372386,-343.070817,,,,True,False,,,CollectableBolt (149),Environment/Manmade/Score Board/Mt. Cone/Score Board Cone R/SM_Prop_Chest_Wood_01 (39)/Bolt Holder/CollectableBolt (149),CollectableBolt,212966,level6,
level6:212967,Autumn,Bolt,CollectableBolt (149),-509.497227,3.399893,-380.412129,,,,True,False,,,CollectableBolt (149),Environment/Manmade/Score Board/Mt. Cone/Score Board Cone B/SM_Prop_Chest_Wood_01 (39)/Bolt Holder/CollectableBolt (149),CollectableBolt,212967,level6,
level6:212968,Autumn,Bolt,CollectableBolt (149),-856.105434,1.022731,92.509494,,,,True,False,,,CollectableBolt (149),Environment/Manmade/Score Board/Mt. Crag/Score Board Crag B/SM_Prop_Chest_Wood_01 (39)/Bolt Holder/CollectableBolt (149),CollectableBolt,212968,level6,
level6:212969,Autumn,Bolt,CollectableBolt (150),-522.476785,2.42712,182.065751,,,,True,False,,,CollectableBolt (150),Environment/Manmade/Score Board/Mt. Thunder/Score Board Thun B/SM_Prop_Chest_Wood_01 (39)/Bolt Holder/CollectableBolt (150),CollectableBolt,212969,level6,
level6:212970,Autumn,Bolt,CollectableBolt (149),-563.968467,6.155172,-368.439875,,,,True,False,,,CollectableBolt (149),Environment/Manmade/Score Board/Mt. Cone/Score Board Cone Y/SM_Prop_Chest_Wood_01 (39)/Bolt Holder/CollectableBolt (149),CollectableBolt,212970,level6,
level6:212971,Autumn,Bolt,CollectableBolt (150),-564.288017,4.395641,-343.457456,,,,True,False,,,CollectableBolt (150),Environment/Manmade/Score Board/Mt. Cone/Score Board Cone R/SM_Prop_Chest_Wood_01 (39)/Bolt Holder/CollectableBolt (150),CollectableBolt,212971,level6,
level6:212972,Autumn,Bolt,CollectableBolt (150),-510.176056,3.399894,-380.742085,,,,True,False,,,CollectableBolt (150),Environment/Manmade/Score Board/Mt. Cone/Score Board Cone B/SM_Prop_Chest_Wood_01 (39)/Bolt Holder/CollectableBolt (150),CollectableBolt,212972,level6,
level6:212973,Autumn,Bolt,CollectableBolt (149),-522.683653,2.579228,182.775504,,,,True,False,,,CollectableBolt (149),Environment/Manmade/Score Board/Mt. Thunder/Score Board Thun B/SM_Prop_Chest_Wood_01 (39)/Bolt Holder/CollectableBolt (149),CollectableBolt,212973,level6,
level6:212974,Autumn,Bolt,CollectableBolt (150),-563.331481,6.093547,-368.039711,,,,True,False,,,CollectableBolt (150),Environment/Manmade/Score Board/Mt. Cone/Score Board Cone Y/SM_Prop_Chest_Wood_01 (39)/Bolt Holder/CollectableBolt (150),CollectableBolt,212974,level6,
level6:212975,Autumn,Bolt,CollectableBolt (150),-856.272106,1.022732,93.245633,,,,True,False,,,CollectableBolt (150),Environment/Manmade/Score Board/Mt. Crag/Score Board Crag B/SM_Prop_Chest_Wood_01 (39)/Bolt Holder/CollectableBolt (150),CollectableBolt,212975,level6,
level6:212976,Autumn,Bolt,CollectableBolt (149),-729.577589,8.358946,-167.183967,,,,True,False,,,CollectableBolt (149),Environment/Manmade/Score Board/Mt.Hands/Score Board Brev Y/SM_Prop_Chest_Wood_01 (39)/Bolt Holder/CollectableBolt (149),CollectableBolt,212976,level6,
level6:212977,Autumn,Bolt,CollectableBolt (150),-404.072256,0.921997,-97.924959,,,,True,False,,,CollectableBolt (150),Environment/Manmade/Score Board/Mt. Steg/Score Board Steg Y/SM_Prop_Chest_Wood_01 (39)/Bolt Holder/CollectableBolt (150),CollectableBolt,212977,level6,
level6:212978,Autumn,Bolt,CollectableBolt (149),-849.409003,2.002629,171.641522,,,,True,False,,,CollectableBolt (149),Environment/Manmade/Score Board/Mt. Crag/Score Board Crag R/SM_Prop_Chest_Wood_01 (39)/Bolt Holder/CollectableBolt (149),CollectableBolt,212978,level6,
level6:212979,Autumn,Bolt,CollectableBolt (149),-588.21556,1.170184,199.737343,,,,True,False,,,CollectableBolt (149),Environment/Manmade/Score Board/Mt. Thunder/Score Board Thun Y/SM_Prop_Chest_Wood_01 (39)/Bolt Holder/CollectableBolt (149),CollectableBolt,212979,level6,
level6:212980,Autumn,Bolt,CollectableBolt (150),-730.251446,8.308798,-167.520244,,,,True,False,,,CollectableBolt (150),Environment/Manmade/Score Board/Mt.Hands/Score Board Brev Y/SM_Prop_Chest_Wood_01 (39)/Bolt Holder/CollectableBolt (150),CollectableBolt,212980,level6,
level6:212981,Autumn,Bolt,CollectableBolt (150),-849.186604,2.002629,172.362784,,,,True,False,,,CollectableBolt (150),Environment/Manmade/Score Board/Mt. Crag/Score Board Crag R/SM_Prop_Chest_Wood_01 (39)/Bolt Holder/CollectableBolt (150),CollectableBolt,212981,level6,
level6:212982,Autumn,Bolt,CollectableBolt (150),-587.611579,1.145611,200.189322,,,,True,False,,,CollectableBolt (150),Environment/Manmade/Score Board/Mt. Thunder/Score Board Thun Y/SM_Prop_Chest_Wood_01 (39)/Bolt Holder/CollectableBolt (150),CollectableBolt,212982,level6,
level6:212983,Autumn,Bolt,CollectableBolt (149),-403.365045,0.921996,-97.661267,,,,True,False,,,CollectableBolt (149),Environment/Manmade/Score Board/Mt. Steg/Score Board Steg Y/SM_Prop_Chest_Wood_01 (39)/Bolt Holder/CollectableBolt (149),CollectableBolt,212983,level6,
level6:212984,Autumn,Bolt,CollectableBolt (150),-689.13211,62.952499,459.208123,,,,True,False,,,CollectableBolt (150),Environment/Manmade/Score Board/Mt. Shrrom/Score Board Shroom R/SM_Prop_Chest_Wood_01 (39)/Bolt Holder/CollectableBolt (150),CollectableBolt,212984,level6,
level6:212985,Autumn,Bolt,CollectableBolt (149),-250.91654,4.056091,154.755749,,,,True,False,,,CollectableBolt (149),Environment/Manmade/Score Board/Mt. Hollow/Score Board Hollow R/SM_Prop_Chest_Wood_01 (39)/Bolt Holder/CollectableBolt (149),CollectableBolt,212985,level6,
level6:212986,Autumn,Bolt,CollectableBolt (150),-622.312505,2.122911,185.539223,,,,True,False,,,CollectableBolt (150),Environment/Manmade/Score Board/Mt. Thunder/Score Board Thun R/SM_Prop_Chest_Wood_01 (39)/Bolt Holder/CollectableBolt (150),CollectableBolt,212986,level6,
level6:212987,Autumn,Bolt,CollectableBolt (150),-176.334519,1.109368,-123.512587,,,,True,False,,,CollectableBolt (150),Environment/Manmade/Score Board/Mt.Tree/Score Board Tree Y/SM_Prop_Chest_Wood_01 (39)/Bolt Holder/CollectableBolt (150),CollectableBolt,212987,level6,
level6:212988,Autumn,Bolt,CollectableBolt (150),-251.579701,3.97002,155.105733,,,,True,False,,,CollectableBolt (150),Environment/Manmade/Score Board/Mt. Hollow/Score Board Hollow R/SM_Prop_Chest_Wood_01 (39)/Bolt Holder/CollectableBolt (150),CollectableBolt,212988,level6,
level6:212989,Autumn,Bolt,CollectableBolt (149),-689.493902,63.046835,459.863781,,,,True,False,,,CollectableBolt (149),Environment/Manmade/Score Board/Mt. Shrrom/Score Board Shroom R/SM_Prop_Chest_Wood_01 (39)/Bolt Holder/CollectableBolt (149),CollectableBolt,212989,level6,
level6:212990,Autumn,Bolt,CollectableBolt (149),-175.801394,1.139381,-122.979148,,,,True,False,,,CollectableBolt (149),Environment/Manmade/Score Board/Mt.Tree/Score Board Tree Y/SM_Prop_Chest_Wood_01 (39)/Bolt Holder/CollectableBolt (149),CollectableBolt,212990,level6,
level6:212991,Autumn,Bolt,CollectableBolt (149),-622.696701,2.259032,184.903971,,,,True,False,,,CollectableBolt (149),Environment/Manmade/Score Board/Mt. Thunder/Score Board Thun R/SM_Prop_Chest_Wood_01 (39)/Bolt Holder/CollectableBolt (149),CollectableBolt,212991,level6,
level6:212992,Autumn,Bolt,CollectableBolt (150),-420.15677,4.089309,-34.274943,,,,True,False,,,CollectableBolt (150),Environment/Manmade/Score Board/Mt. Steg/Score Board Steg B/SM_Prop_Chest_Wood_01 (39)/Bolt Holder/CollectableBolt (150),CollectableBolt,212992,level6,
level6:212993,Autumn,Bolt,CollectableBolt (149),-910.775035,0.803629,163.213892,,,,True,False,,,CollectableBolt (149),Environment/Manmade/Score Board/Mt. Crag/Score Board Crag Y/SM_Prop_Chest_Wood_01 (39)/Bolt Holder/CollectableBolt (149),CollectableBolt,212993,level6,
level6:212994,Autumn,Bolt,CollectableBolt (149),-162.448687,1.1783,-49.592093,,,,True,False,,,CollectableBolt (149),Environment/Manmade/Score Board/Mt.Tree/Score Board Tree B/SM_Prop_Chest_Wood_01 (39)/Bolt Holder/CollectableBolt (149),CollectableBolt,212994,level6,
level6:212995,Autumn,Bolt,CollectableBolt (150),-910.87702,0.803629,162.466041,,,,True,False,,,CollectableBolt (150),Environment/Manmade/Score Board/Mt. Crag/Score Board Crag Y/SM_Prop_Chest_Wood_01 (39)/Bolt Holder/CollectableBolt (150),CollectableBolt,212995,level6,
level6:212996,Autumn,Bolt,CollectableBolt (149),-419.784336,4.168522,-34.926632,,,,True,False,,,CollectableBolt (149),Environment/Manmade/Score Board/Mt. Steg/Score Board Steg B/SM_Prop_Chest_Wood_01 (39)/Bolt Holder/CollectableBolt (149),CollectableBolt,212996,level6,
level6:212997,Autumn,Bolt,CollectableBolt (150),-162.63765,1.16874,-48.861421,,,,True,False,,,CollectableBolt (150),Environment/Manmade/Score Board/Mt.Tree/Score Board Tree B/SM_Prop_Chest_Wood_01 (39)/Bolt Holder/CollectableBolt (150),CollectableBolt,212997,level6,
level6:212998,Autumn,Bolt,CollectableBolt (150),-113.275551,7.824105,139.217996,,,,True,False,,,CollectableBolt (150),Environment/Manmade/Score Board/Crol/Score Board Crol Yellow/SM_Prop_Chest_Wood_01 (39)/Bolt Holder/CollectableBolt (150),CollectableBolt,212998,level6,
level6:212999,Autumn,Bolt,CollectableBolt (149),-635.970101,60.639708,529.533913,,,,True,False,,,CollectableBolt (149),Environment/Manmade/Score Board/Mt. Shrrom/Score Board Shroom Y/SM_Prop_Chest_Wood_01 (39)/Bolt Holder/CollectableBolt (149),CollectableBolt,212999,level6,
level6:213000,Autumn,Bolt,CollectableBolt (149),-645.254086,0.731767,-73.518983,,,,True,False,,,CollectableBolt (149),Environment/Manmade/Score Board/Mt.Hands/Score Board Brev R/SM_Prop_Chest_Wood_01 (39)/Bolt Holder/CollectableBolt (149),CollectableBolt,213000,level6,
level6:213001,Autumn,Bolt,CollectableBolt (150),-636.703446,60.635204,529.355405,,,,True,False,,,CollectableBolt (150),Environment/Manmade/Score Board/Mt. Shrrom/Score Board Shroom Y/SM_Prop_Chest_Wood_01 (39)/Bolt Holder/CollectableBolt (150),CollectableBolt,213001,level6,
level6:213002,Autumn,Bolt,CollectableBolt (149),-112.90027,7.833813,138.563206,,,,True,False,,,CollectableBolt (149),Environment/Manmade/Score Board/Crol/Score Board Crol Yellow/SM_Prop_Chest_Wood_01 (39)/Bolt Holder/CollectableBolt (149),CollectableBolt,213002,level6,
level6:213003,Autumn,Bolt,CollectableBolt (150),-645.016369,0.621683,-72.811132,,,,True,False,,,CollectableBolt (150),Environment/Manmade/Score Board/Mt.Hands/Score Board Brev R/SM_Prop_Chest_Wood_01 (39)/Bolt Holder/CollectableBolt (150),CollectableBolt,213003,level6,
level6:213129,Autumn,Quest pickup,QI - Glasses,-379.397003,3.566,299.924377,Nickolai's Missing Glasses!,pickup,,False,False,,,QI - Glasses,Environment/Nature/Misc/Quest Items/QI - Glasses,CollectableQuestItem,213129,level6,
level6:213261,Autumn,Mushroom,CollectableMushroom_20,-543.237976,0.31,106.837997,,,,True,True,,,CollectableMushroom_20,Environment/Collectables/Mushrooms/CollectableMushroom_20,CollectableMushroom,213261,level6,
level6:213262,Autumn,Mushroom,CollectableMushroom_51,-601.414978,43.890999,-123.689003,,,,True,True,,,CollectableMushroom_51,Environment/Collectables/Mushrooms/CollectableMushroom_51,CollectableMushroom,213262,level6,
level6:213263,Autumn,Mushroom,CollectableMushroom_137,-668.260986,289.686005,494.618988,,,,True,True,,,CollectableMushroom_137,Environment/Collectables/Mushrooms/CollectableMushroom_137,CollectableMushroom,213263,level6,
level6:213264,Autumn,Mushroom,CollectableMushroom_87,-530.448975,86.746002,561.752991,,,,True,True,,,CollectableMushroom_87,Environment/Collectables/Mushrooms/CollectableMushroom_87,CollectableMushroom,213264,level6,
level6:213265,Autumn,Mushroom,CollectableMushroom_0 (1),-676.996607,0.801591,-45.784486,,,,True,False,,,CollectableMushroom_0 (1),UI/Mini Games/WhackAGoose/Reward Holder/Reward 1/CollectableMushroom_0 (1),CollectableMushroom,213265,level6,
level6:213266,Autumn,Mushroom,CollectableMushroom_97,-96.349998,147.367004,389.445007,,,,True,True,,,CollectableMushroom_97,Environment/Collectables/Mushrooms/CollectableMushroom_97,CollectableMushroom,213266,level6,
level6:213267,Autumn,Mushroom,CollectableMushroom_36,-270.5,3.304,-124.884003,,,,True,True,,,CollectableMushroom_36,Environment/Collectables/Mushrooms/CollectableMushroom_36,CollectableMushroom,213267,level6,
level6:213268,Autumn,Mushroom,CollectableMushroom_96,-114.610001,107.75,424.734985,,,,True,True,,,CollectableMushroom_96,Environment/Collectables/Mushrooms/CollectableMushroom_96,CollectableMushroom,213268,level6,
level6:213269,Autumn,Mushroom,CollectableMushroom_88,-171.292999,9.045,202.524002,,,,True,True,,,CollectableMushroom_88,Environment/Collectables/Mushrooms/CollectableMushroom_88,CollectableMushroom,213269,level6,
level6:213270,Autumn,Mushroom,CollectableMushroom_144,-620.830017,98.57,426.059998,,,,True,True,,,CollectableMushroom_144,Environment/Collectables/Mushrooms/CollectableMushroom_144,CollectableMushroom,213270,level6,
level6:213271,Autumn,Mushroom,CollectableMushroom_81,-690.145996,60.013,546.921021,,,,True,True,,,CollectableMushroom_81,Environment/Collectables/Mushrooms/CollectableMushroom_81,CollectableMushroom,213271,level6,
level6:213272,Autumn,Mushroom,CollectableMushroom_31,-394.372009,3.018,304.796997,,,,True,True,,,CollectableMushroom_31,Environment/Collectables/Mushrooms/CollectableMushroom_31,CollectableMushroom,213272,level6,
level6:213273,Autumn,Mushroom,CollectableMushroom_138,-590.489014,312.755005,483.951996,,,,True,True,,,CollectableMushroom_138,Environment/Collectables/Mushrooms/CollectableMushroom_138,CollectableMushroom,213273,level6,
level6:213274,Autumn,Mushroom,CollectableMushroom_123,-854.232971,107.919998,133.697006,,,,True,True,,,CollectableMushroom_123,Environment/Collectables/Mushrooms/CollectableMushroom_123,CollectableMushroom,213274,level6,
level6:213275,Autumn,Mushroom,CollectableMushroom_33,-307.920013,0.496,69.406998,,,,False,False,,,CollectableMushroom_33,Environment/Collectables/Mushrooms/CollectableMushroom_33,CollectableMushroom,213275,level6,
level6:213276,Autumn,Mushroom,CollectableMushroom_52,-508.30899,40.028999,-28.655001,,,,True,True,,,CollectableMushroom_52,Environment/Collectables/Mushrooms/CollectableMushroom_52,CollectableMushroom,213276,level6,
level6:213277,Autumn,Mushroom,CollectableMushroom_101,-186.227997,144.794998,-84.556,,,,True,True,,,CollectableMushroom_101,Environment/Collectables/Mushrooms/CollectableMushroom_101,CollectableMushroom,213277,level6,
level6:213278,Autumn,Mushroom,CollectableMushroom_61,-665.228027,2.316,-109.727997,,,,True,True,,,CollectableMushroom_61,Environment/Collectables/Mushrooms/CollectableMushroom_61,CollectableMushroom,213278,level6,
level6:213279,Autumn,Mushroom,CollectableMushroom_26,-157.869995,119.889999,-110.669998,,,,False,False,,,CollectableMushroom_26,Environment/Collectables/Mushrooms/CollectableMushroom_26,CollectableMushroom,213279,level6,
level6:213280,Autumn,Mushroom,CollectableMushroom_74,-544.934998,59.926998,346.462006,,,,True,True,,,CollectableMushroom_74,Environment/Collectables/Mushrooms/CollectableMushroom_74,CollectableMushroom,213280,level6,
level6:213281,Autumn,Mushroom,CollectableMushroom_41,-40.876999,2.056,-31.179001,,,,True,True,,,CollectableMushroom_41,Environment/Collectables/Mushrooms/CollectableMushroom_41,CollectableMushroom,213281,level6,
level6:213282,Autumn,Mushroom,CollectableMushroom_69,-932.872986,-0.14,248.813995,,,,True,True,,,CollectableMushroom_69,Environment/Collectables/Mushrooms/CollectableMushroom_69,CollectableMushroom,213282,level6,
level6:213283,Autumn,Mushroom,CollectableMushroom_86,-773.718994,84.759003,466.912994,,,,True,True,,,CollectableMushroom_86,Environment/Collectables/Mushrooms/CollectableMushroom_86,CollectableMushroom,213283,level6,
level6:213284,Autumn,Mushroom,CollectableMushroom_15,-662.398987,16.523001,200.091003,,,,True,True,,,CollectableMushroom_15,Environment/Collectables/Mushrooms/CollectableMushroom_15,CollectableMushroom,213284,level6,
level6:213285,Autumn,Mushroom,CollectableMushroom_45,-219.324005,4.815,-296.550995,,,,False,False,,,CollectableMushroom_45,Environment/Collectables/Mushrooms/CollectableMushroom_45,CollectableMushroom,213285,level6,
level6:213286,Autumn,Mushroom,CollectableMushroom_13 (1),-362.731493,2.845972,320.138542,,,,True,True,,,CollectableMushroom_13 (1),Environment/MISC/Eggs/Egg Reward/Egg Holder/Cracked/CollectableMushroom_13 (1),CollectableMushroom,213286,level6,
level6:213287,Autumn,Mushroom,CollectableMushroom_86 (2),-725.614014,93.703003,423.915009,,,,True,True,,,CollectableMushroom_86 (2),Environment/Collectables/Mushrooms/CollectableMushroom_86 (2),CollectableMushroom,213287,level6,
level6:213288,Autumn,Mushroom,CollectableMushroom_86 (1),-729.349976,89.809998,427.549988,,,,True,True,,,CollectableMushroom_86 (1),Environment/Collectables/Mushrooms/CollectableMushroom_86 (1),CollectableMushroom,213288,level6,
level6:213289,Autumn,Mushroom,CollectableMushroom_57,-816.140991,1.983,-424.480988,,,,True,True,,,CollectableMushroom_57,Environment/Collectables/Mushrooms/CollectableMushroom_57,CollectableMushroom,213289,level6,
level6:213290,Autumn,Mushroom,CollectableMushroom_108,-394.044006,78.906998,-83.892998,,,,True,True,,,CollectableMushroom_108,Environment/Collectables/Mushrooms/CollectableMushroom_108,CollectableMushroom,213290,level6,
level6:213291,Autumn,Mushroom,CollectableMushroom_71,-784.778992,8.875,256.571014,,,,True,True,,,CollectableMushroom_71,Environment/Collectables/Mushrooms/CollectableMushroom_71,CollectableMushroom,213291,level6,
level6:213292,Autumn,Mushroom,CollectableMushroom_43,-82.733002,29.818001,-240.089005,,,,True,True,,,CollectableMushroom_43,Environment/Collectables/Mushrooms/CollectableMushroom_43,CollectableMushroom,213292,level6,
level6:213293,Autumn,Mushroom,CollectableMushroom_42,-34.898998,5.849,-266.11499,,,,True,True,,,CollectableMushroom_42,Environment/Collectables/Mushrooms/CollectableMushroom_42,CollectableMushroom,213293,level6,
level6:213294,Autumn,Mushroom,CollectableMushroom_4,-110.669998,176.979996,401.959991,,,,True,True,,,CollectableMushroom_4,Environment/Collectables/Mushrooms/CollectableMushroom_4,CollectableMushroom,213294,level6,
level6:213295,Autumn,Mushroom,CollectableMushroom_22,-505.088989,9.129,-150.182007,,,,True,True,,,CollectableMushroom_22,Environment/Collectables/Mushrooms/CollectableMushroom_22,CollectableMushroom,213295,level6,
level6:213296,Autumn,Mushroom,CollectableMushroom_114,-792.320984,122.007004,-320.872986,,,,True,True,,,CollectableMushroom_114,Environment/Collectables/Mushrooms/CollectableMushroom_114,CollectableMushroom,213296,level6,
level6:213297,Autumn,Mushroom,CollectableMushroom_63,-599.950012,1.657,-63.325001,,,,True,True,,,CollectableMushroom_63,Environment/Collectables/Mushrooms/CollectableMushroom_63,CollectableMushroom,213297,level6,
level6:213298,Autumn,Mushroom,CollectableMushroom_113,-859.742004,125.525002,-349.515991,,,,True,True,,,CollectableMushroom_113,Environment/Collectables/Mushrooms/CollectableMushroom_113,CollectableMushroom,213298,level6,
level6:213299,Autumn,Mushroom,CollectableMushroom_6,-77.468002,4.595,291.30899,,,,True,True,,,CollectableMushroom_6,Environment/Collectables/Mushrooms/CollectableMushroom_6,CollectableMushroom,213299,level6,
level6:213300,Autumn,Mushroom,CollectableMushroom_139,-376.96225,14.247324,-38.883587,,,,True,True,,,CollectableMushroom_139,Environment/Collectables/Mushrooms/CollectableMushroom_139,CollectableMushroom,213300,level6,
level6:213301,Autumn,Mushroom,CollectableMushroom_66,-792.047974,25.594,79.134003,,,,True,True,,,CollectableMushroom_66,Environment/Collectables/Mushrooms/CollectableMushroom_66,CollectableMushroom,213301,level6,
level6:213302,Autumn,Mushroom,CollectableMushroom_73,-680.36499,6.45,289.062012,,,,True,True,,,CollectableMushroom_73,Environment/Collectables/Mushrooms/CollectableMushroom_73,CollectableMushroom,213302,level6,
level6:213303,Autumn,Mushroom,CollectableMushroom_128,-840.046997,269.355988,171.845001,,,,True,True,,,CollectableMushroom_128,Environment/Collectables/Mushrooms/CollectableMushroom_128,CollectableMushroom,213303,level6,
level6:213304,Autumn,Mushroom,CollectableMushroom_42 (1),-62.138,1.362,-340.824005,,,,True,True,,,CollectableMushroom_42 (1),Environment/Collectables/Mushrooms/CollectableMushroom_42 (1),CollectableMushroom,213304,level6,
level6:213305,Autumn,Mushroom,CollectableMushroom_110 (1),-378.968842,144.460785,-146.636566,,,,True,True,,,CollectableMushroom_110 (1),Environment/Collectables/Mushrooms/CollectableMushroom_110 (1),CollectableMushroom,213305,level6,
level6:213306,Autumn,Mushroom,CollectableMushroom_136,-563.809021,148.899994,199.520004,,,,True,True,,,CollectableMushroom_136,Environment/Collectables/Mushrooms/CollectableMushroom_136,CollectableMushroom,213306,level6,
level6:213307,Autumn,Mushroom,CollectableMushroom_56,-716.666992,20.825001,-403.434998,,,,True,True,,,CollectableMushroom_56,Environment/Collectables/Mushrooms/CollectableMushroom_56,CollectableMushroom,213307,level6,
level6:213308,Autumn,Mushroom,CollectableMushroom_134,-557.895996,242.216995,221.125,,,,True,True,,,CollectableMushroom_134,Environment/Collectables/Mushrooms/CollectableMushroom_134,CollectableMushroom,213308,level6,
level6:213309,Autumn,Mushroom,CollectableMushroom_9,-355.062012,0.253,434.598999,,,,True,True,,,CollectableMushroom_9,Environment/Collectables/Mushrooms/CollectableMushroom_9,CollectableMushroom,213309,level6,
level6:213310,Autumn,Mushroom,CollectableMushroom_13,-529.017029,4.18,305.867004,,,,True,True,,,CollectableMushroom_13,Environment/Collectables/Mushrooms/CollectableMushroom_13,CollectableMushroom,213310,level6,
level6:213311,Autumn,Mushroom,CollectableMushroom_116,-815.213989,189.518997,-283.47699,,,,True,True,,,CollectableMushroom_116,Environment/Collectables/Mushrooms/CollectableMushroom_116,CollectableMushroom,213311,level6,
level6:213312,Autumn,Mushroom,CollectableMushroom_49,-432.536011,1.237,-212.042999,,,,True,True,,,CollectableMushroom_49,Environment/Collectables/Mushrooms/CollectableMushroom_49,CollectableMushroom,213312,level6,
level6:213313,Autumn,Mushroom,CollectableMushroom_24,-607.745972,63.233002,151.671005,,,,True,True,,,CollectableMushroom_24,Environment/Collectables/Mushrooms/CollectableMushroom_24,CollectableMushroom,213313,level6,
level6:213314,Autumn,Mushroom,CollectableMushroom_37,-312.915985,1.782,-137.421005,,,,True,True,,,CollectableMushroom_37,Environment/Collectables/Mushrooms/CollectableMushroom_37,CollectableMushroom,213314,level6,
level6:213315,Autumn,Mushroom,CollectableMushroom_121,-674.683716,176.546158,-84.596306,,,,True,True,,,CollectableMushroom_121,Environment/Collectables/Mushrooms/CollectableMushroom_121,CollectableMushroom,213315,level6,
level6:213316,Autumn,Mushroom,CollectableMushroom_29,-418.174011,7.868,216.541,,,,True,True,,,CollectableMushroom_29,Environment/Collectables/Mushrooms/CollectableMushroom_29,CollectableMushroom,213316,level6,
level6:213317,Autumn,Mushroom,CollectableMushroom_107,-428.200012,14.45,-51.720001,,,,True,True,,,CollectableMushroom_107,Environment/Collectables/Mushrooms/CollectableMushroom_107,CollectableMushroom,213317,level6,
level6:213318,Autumn,Mushroom,CollectableMushroom_93,-46.285999,62.001999,353.113007,,,,True,True,,,CollectableMushroom_93,Environment/Collectables/Mushrooms/CollectableMushroom_93,CollectableMushroom,213318,level6,
level6:213319,Autumn,Mushroom,CollectableMushroom_23,-435.769012,-0.064,-299.928009,,,,True,True,,,CollectableMushroom_23,Environment/Collectables/Mushrooms/CollectableMushroom_23,CollectableMushroom,213319,level6,
level6:213320,Autumn,Mushroom,CollectableMushroom_7,-54.321999,1.766,517.45697,,,,True,True,,,CollectableMushroom_7,Environment/Collectables/Mushrooms/CollectableMushroom_7,CollectableMushroom,213320,level6,
level6:213321,Autumn,Mushroom,CollectableMushroom_49 (1),-498.429993,25.18,-220.229996,,,,True,True,,,CollectableMushroom_49 (1),Environment/Collectables/Mushrooms/CollectableMushroom_49 (1),CollectableMushroom,213321,level6,
level6:213322,Autumn,Mushroom,CollectableMushroom_90,-147.373688,60.060574,152.79126,,,,True,True,,,CollectableMushroom_90,Environment/Collectables/Mushrooms/CollectableMushroom_90,CollectableMushroom,213322,level6,
level6:213323,Autumn,Mushroom,CollectableMushroom_34,-242.550003,11.69,61.939999,,,,True,True,,,CollectableMushroom_34,Environment/Collectables/Mushrooms/CollectableMushroom_34,CollectableMushroom,213323,level6,
level6:213324,Autumn,Mushroom,CollectableMushroom_141,-273.203003,5.287,56.889999,,,,True,True,,,CollectableMushroom_141,Environment/Collectables/Mushrooms/CollectableMushroom_141,CollectableMushroom,213324,level6,
level6:213325,Autumn,Mushroom,CollectableMushroom_120,-655.937012,178.268997,-95.219002,,,,True,True,,,CollectableMushroom_120,Environment/Collectables/Mushrooms/CollectableMushroom_120,CollectableMushroom,213325,level6,
level6:213326,Autumn,Mushroom,CollectableMushroom_0,-55.568913,4.977213,22.147057,,,,True,True,,,CollectableMushroom_0,Environment/Collectables/Mushrooms/CollectableMushroom_0,CollectableMushroom,213326,level6,
level6:213327,Autumn,Mushroom,CollectableMushroom_10,-475.804993,10.113,212.742004,,,,True,True,,,CollectableMushroom_10,Environment/Collectables/Mushrooms/CollectableMushroom_10,CollectableMushroom,213327,level6,
level6:213328,Autumn,Mushroom,CollectableMushroom_140,-397.649994,18.68,-97.330002,,,,True,True,,,CollectableMushroom_140,Environment/Collectables/Mushrooms/CollectableMushroom_140,CollectableMushroom,213328,level6,
level6:213329,Autumn,Mushroom,CollectableMushroom_102,-160.016998,43.361,-108.172997,,,,True,True,,,CollectableMushroom_102,Environment/Collectables/Mushrooms/CollectableMushroom_102,CollectableMushroom,213329,level6,
level6:213330,Autumn,Mushroom,CollectableMushroom_18,-809.102844,8.675305,-36.395081,,,,True,True,,,CollectableMushroom_18,Environment/Collectables/Mushrooms/CollectableMushroom_18,CollectableMushroom,213330,level6,
level6:213331,Autumn,Mushroom,CollectableMushroom_0 (5),-675.946102,1.910759,-47.330166,,,,True,False,,,CollectableMushroom_0 (5),UI/Mini Games/WhackAGoose/Reward Holder/Reward 3/CollectableMushroom_0 (5),CollectableMushroom,213331,level6,
level6:213332,Autumn,Mushroom,CollectableMushroom_142,-257.756989,49.988998,182.412994,,,,True,True,,,CollectableMushroom_142,Environment/Collectables/Mushrooms/CollectableMushroom_142,CollectableMushroom,213332,level6,
level6:213333,Autumn,Mushroom,CollectableMushroom_46,-217.272003,9.997,-250.867996,,,,True,True,,,CollectableMushroom_46,Environment/Collectables/Mushrooms/CollectableMushroom_46,CollectableMushroom,213333,level6,
level6:213334,Autumn,Mushroom,CollectableMushroom_53,-658.625,3.351,-177.664993,,,,True,True,,,CollectableMushroom_53,Environment/Collectables/Mushrooms/CollectableMushroom_53,CollectableMushroom,213334,level6,
level6:213335,Autumn,Mushroom,CollectableMushroom_0 (6),-675.995544,1.91451,-45.747803,,,,True,False,,,CollectableMushroom_0 (6),UI/Mini Games/WhackAGoose/Reward Holder/Reward 3/CollectableMushroom_0 (6),CollectableMushroom,213335,level6,
level6:213336,Autumn,Mushroom,CollectableMushroom_145,-610.200989,111.537003,516.848022,,,,True,True,,,CollectableMushroom_145,Environment/Collectables/Mushrooms/CollectableMushroom_145,CollectableMushroom,213336,level6,
level6:213337,Autumn,Mushroom,CollectableMushroom_79,-501.415985,65.511002,554.830994,,,,True,True,,,CollectableMushroom_79,Environment/Collectables/Mushrooms/CollectableMushroom_79,CollectableMushroom,213337,level6,
level6:213338,Autumn,Mushroom,CollectableMushroom_49 (2),-507.338013,23.489,-137.716003,,,,True,True,,,CollectableMushroom_49 (2),Environment/Collectables/Mushrooms/CollectableMushroom_49 (2),CollectableMushroom,213338,level6,
level6:213339,Autumn,Mushroom,CollectableMushroom_84,-886.755005,60.326,416.118988,,,,True,True,,,CollectableMushroom_84,Environment/Collectables/Mushrooms/CollectableMushroom_84,CollectableMushroom,213339,level6,
level6:213340,Autumn,Mushroom,CollectableMushroom_52 (1),-515.541992,84.444,-18.934999,,,,True,True,,,CollectableMushroom_52 (1),Environment/Collectables/Mushrooms/CollectableMushroom_52 (1),CollectableMushroom,213340,level6,
level6:213341,Autumn,Mushroom,CollectableMushroom_17,-709.598999,17.983,73.221001,,,,True,True,,,CollectableMushroom_17,Environment/Collectables/Mushrooms/CollectableMushroom_17,CollectableMushroom,213341,level6,
level6:213342,Autumn,Mushroom,CollectableMushroom_27,-36.969002,4.378,-261.828003,,,,True,True,,,CollectableMushroom_27,Environment/Collectables/Mushrooms/CollectableMushroom_27,CollectableMushroom,213342,level6,
level6:213343,Autumn,Mushroom,CollectableMushroom_124,-866.075989,124.953003,176.445007,,,,True,True,,,CollectableMushroom_124,Environment/Collectables/Mushrooms/CollectableMushroom_124,CollectableMushroom,213343,level6,
level6:213344,Autumn,Mushroom,CollectableMushroom_0 (3),-676.996795,0.801591,-47.330523,,,,True,False,,,CollectableMushroom_0 (3),UI/Mini Games/WhackAGoose/Reward Holder/Reward 2/CollectableMushroom_0 (3),CollectableMushroom,213344,level6,
level6:213345,Autumn,Mushroom,CollectableMushroom_98,-248.406998,61.682999,197.317001,,,,True,True,,,CollectableMushroom_98,Environment/Collectables/Mushrooms/CollectableMushroom_98,CollectableMushroom,213345,level6,
level6:213346,Autumn,Mushroom,CollectableMushroom_99,-264.927948,118.821075,194.595947,,,,False,False,,,CollectableMushroom_99,Environment/Collectables/Mushrooms/CollectableMushroom_99,CollectableMushroom,213346,level6,
level6:213347,Autumn,Mushroom,CollectableMushroom_47,-379.635986,0.349,-199.270004,,,,True,True,,,CollectableMushroom_47,Environment/Collectables/Mushrooms/CollectableMushroom_47,CollectableMushroom,213347,level6,
level6:213348,Autumn,Mushroom,CollectableMushroom_25,-567.333008,253.248001,216.209,,,,True,True,,,CollectableMushroom_25,Environment/Collectables/Mushrooms/CollectableMushroom_25,CollectableMushroom,213348,level6,
level6:213349,Autumn,Mushroom,CollectableMushroom_50,-512.198975,16.422001,-221.136993,,,,True,True,,,CollectableMushroom_50,Environment/Collectables/Mushrooms/CollectableMushroom_50,CollectableMushroom,213349,level6,
level6:213350,Autumn,Mushroom,CollectableMushroom_39,-129.347,8.231,-134.757996,,,,True,True,,,CollectableMushroom_39,Environment/Collectables/Mushrooms/CollectableMushroom_39,CollectableMushroom,213350,level6,
level6:213351,Autumn,Mushroom,CollectableMushroom_40,-45.999001,6.98,-98.811996,,,,True,True,,,CollectableMushroom_40,Environment/Collectables/Mushrooms/CollectableMushroom_40,CollectableMushroom,213351,level6,
level6:213352,Autumn,Mushroom,CollectableMushroom_100,-255.669998,20.620001,186.570007,,,,True,True,,,CollectableMushroom_100,Environment/Collectables/Mushrooms/CollectableMushroom_100,CollectableMushroom,213352,level6,
level6:213353,Autumn,Mushroom,CollectableMushroom_148,-474.431122,9.335185,331.451874,,,,True,True,,,CollectableMushroom_148,Environment/Collectables/Mushrooms/CollectableMushroom_148,CollectableMushroom,213353,level6,
level6:213354,Autumn,Mushroom,CollectableMushroom_129,-533.215027,177.567993,196.102997,,,,True,True,,,CollectableMushroom_129,Environment/Collectables/Mushrooms/CollectableMushroom_129,CollectableMushroom,213354,level6,
level6:213355,Autumn,Mushroom,CollectableMushroom_91,-180.764008,63.868999,373.496002,,,,True,True,,,CollectableMushroom_91,Environment/Collectables/Mushrooms/CollectableMushroom_91,CollectableMushroom,213355,level6,
level6:213356,Autumn,Mushroom,CollectableMushroom_68,-909.75,0.45,131.789993,,,,True,True,,,CollectableMushroom_68,Environment/Collectables/Mushrooms/CollectableMushroom_68,CollectableMushroom,213356,level6,
level6:213357,Autumn,Mushroom,CollectableMushroom_15 (1),-566.030029,23.129999,240.490005,,,,True,True,,,CollectableMushroom_15 (1),Environment/Collectables/Mushrooms/CollectableMushroom_15 (1),CollectableMushroom,213357,level6,
level6:213358,Autumn,Mushroom,CollectableMushroom_62,-730.80603,5.198,-112.353996,,,,True,True,,,CollectableMushroom_62,Environment/Collectables/Mushrooms/CollectableMushroom_62,CollectableMushroom,213358,level6,
level6:213359,Autumn,Mushroom,CollectableMushroom_115,-834.427979,82.692001,-251.229996,,,,True,True,,,CollectableMushroom_115,Environment/Collectables/Mushrooms/CollectableMushroom_115,CollectableMushroom,213359,level6,
level6:213360,Autumn,Mushroom,CollectableMushroom_132,-603.340027,177.117004,225.354996,,,,True,True,,,CollectableMushroom_132,Environment/Collectables/Mushrooms/CollectableMushroom_132,CollectableMushroom,213360,level6,
level6:213361,Autumn,Mushroom,CollectableMushroom_92,-87.209999,79.529999,349.73999,,,,True,True,,,CollectableMushroom_92,Environment/Collectables/Mushrooms/CollectableMushroom_92,CollectableMushroom,213361,level6,
level6:213362,Autumn,Mushroom,CollectableMushroom_76,-510.411957,64.250137,472.537354,,,,True,True,,,CollectableMushroom_76,Environment/Collectables/Mushrooms/CollectableMushroom_76,CollectableMushroom,213362,level6,
level6:213363,Autumn,Mushroom,CollectableMushroom_135,-598.031006,138.274002,183.373001,,,,True,True,,,CollectableMushroom_135,Environment/Collectables/Mushrooms/CollectableMushroom_135,CollectableMushroom,213363,level6,
level6:213364,Autumn,Mushroom,CollectableMushroom_133,-538.083984,177.707993,209.584,,,,True,True,,,CollectableMushroom_133,Environment/Collectables/Mushrooms/CollectableMushroom_133,CollectableMushroom,213364,level6,
level6:213365,Autumn,Mushroom,CollectableMushroom_48,-419.376007,11.5,-253.188004,,,,True,True,,,CollectableMushroom_48,Environment/Collectables/Mushrooms/CollectableMushroom_48,CollectableMushroom,213365,level6,
level6:213366,Autumn,Mushroom,CollectableMushroom_8,-241.294998,2.225,522.85498,,,,True,True,,,CollectableMushroom_8,Environment/Collectables/Mushrooms/CollectableMushroom_8,CollectableMushroom,213366,level6,
level6:213367,Autumn,Mushroom,CollectableMushroom_1,-139.979996,48.521999,129.145996,,,,True,True,,,CollectableMushroom_1,Environment/Collectables/Mushrooms/CollectableMushroom_1,CollectableMushroom,213367,level6,
level6:213368,Autumn,Mushroom,CollectableMushroom_80,-458.984985,97.758003,428.612,,,,True,True,,,CollectableMushroom_80,Environment/Collectables/Mushrooms/CollectableMushroom_80,CollectableMushroom,213368,level6,
level6:213369,Autumn,Mushroom,CollectableMushroom_147,-585.072388,159.82016,441.251007,,,,True,True,,,CollectableMushroom_147,Environment/Collectables/Mushrooms/CollectableMushroom_147,CollectableMushroom,213369,level6,
level6:213370,Autumn,Mushroom,CollectableMushroom_55,-666.640991,6.475,-311.875,,,,False,False,,,CollectableMushroom_55,Environment/Collectables/Mushrooms/CollectableMushroom_55,CollectableMushroom,213370,level6,
level6:213371,Autumn,Mushroom,CollectableMushroom_12,-378.808105,2.790141,230.95314,,,,True,True,,,CollectableMushroom_12,Environment/Collectables/Mushrooms/CollectableMushroom_12,CollectableMushroom,213371,level6,
level6:213372,Autumn,Mushroom,CollectableMushroom_105,-132.151993,74.498001,-101.593002,,,,True,True,,,CollectableMushroom_105,Environment/Collectables/Mushrooms/CollectableMushroom_105,CollectableMushroom,213372,level6,
level6:213373,Autumn,Mushroom,CollectableMushroom_0 (2),-675.995865,1.91451,-47.341374,,,,True,False,,,CollectableMushroom_0 (2),UI/Mini Games/WhackAGoose/Reward Holder/Reward 1/CollectableMushroom_0 (2),CollectableMushroom,213373,level6,
level6:213374,Autumn,Mushroom,CollectableMushroom_109,-359.369995,104.153999,-127.359001,,,,True,True,,,CollectableMushroom_109,Environment/Collectables/Mushrooms/CollectableMushroom_109,CollectableMushroom,213374,level6,
level6:213375,Autumn,Mushroom,CollectableMushroom_82,-748.833008,62.749001,473.338989,,,,True,True,,,CollectableMushroom_82,Environment/Collectables/Mushrooms/CollectableMushroom_82,CollectableMushroom,213375,level6,
level6:213376,Autumn,Mushroom,CollectableMushroom_110,-358.337006,148.970993,-170.880997,,,,True,True,,,CollectableMushroom_110,Environment/Collectables/Mushrooms/CollectableMushroom_110,CollectableMushroom,213376,level6,
level6:213377,Autumn,Mushroom,CollectableMushroom_78,-417.958008,61.174999,512.278015,,,,True,True,,,CollectableMushroom_78,Environment/Collectables/Mushrooms/CollectableMushroom_78,CollectableMushroom,213377,level6,
level6:213378,Autumn,Mushroom,CollectableMushroom_127,-844.539978,231.776993,160.934006,,,,True,True,,,CollectableMushroom_127,Environment/Collectables/Mushrooms/CollectableMushroom_127,CollectableMushroom,213378,level6,
level6:213379,Autumn,Mushroom,CollectableMushroom_138 (2),-630.80603,64.209999,468.216003,,,,True,True,,,CollectableMushroom_138 (2),Environment/Collectables/Mushrooms/CollectableMushroom_138 (2),CollectableMushroom,213379,level6,
level6:213380,Autumn,Mushroom,CollectableMushroom_146,-613.481995,117.519997,435.733002,,,,True,True,,,CollectableMushroom_146,Environment/Collectables/Mushrooms/CollectableMushroom_146,CollectableMushroom,213380,level6,
level6:213381,Autumn,Mushroom,CollectableMushroom_3,-132.389008,84.378998,391.601013,,,,True,True,,,CollectableMushroom_3,Environment/Collectables/Mushrooms/CollectableMushroom_3,CollectableMushroom,213381,level6,
level6:213382,Autumn,Mushroom,CollectableMushroom_119,-629.217896,113.330025,-86.185226,,,,True,True,,,CollectableMushroom_119,Environment/Collectables/Mushrooms/CollectableMushroom_119,CollectableMushroom,213382,level6,
level6:213383,Autumn,Mushroom,CollectableMushroom_106,-180.410004,45.939999,-57.220001,,,,True,True,,,CollectableMushroom_106,Environment/Collectables/Mushrooms/CollectableMushroom_106,CollectableMushroom,213383,level6,
level6:213384,Autumn,Mushroom,CollectableMushroom_70,-872.61499,70.517998,212.783005,,,,True,True,,,CollectableMushroom_70,Environment/Collectables/Mushrooms/CollectableMushroom_70,CollectableMushroom,213384,level6,
level6:213385,Autumn,Mushroom,CollectableMushroom_138 (1),-634.460022,68.029999,479.450012,,,,True,True,,,CollectableMushroom_138 (1),Environment/Collectables/Mushrooms/CollectableMushroom_138 (1),CollectableMushroom,213385,level6,
level6:213386,Autumn,Mushroom,CollectableMushroom_104,-357.459991,85.660004,-124.220001,,,,True,True,,,CollectableMushroom_104,Environment/Collectables/Mushrooms/CollectableMushroom_104,CollectableMushroom,213386,level6,
level6:213387,Autumn,Mushroom,CollectableMushroom_83,-766.671021,69.761002,386.324005,,,,True,True,,,CollectableMushroom_83,Environment/Collectables/Mushrooms/CollectableMushroom_83,CollectableMushroom,213387,level6,
level6:213388,Autumn,Mushroom,CollectableMushroom_75,-533.549011,64.527,395.529999,,,,True,True,,,CollectableMushroom_75,Environment/Collectables/Mushrooms/CollectableMushroom_75,CollectableMushroom,213388,level6,
level6:213389,Autumn,Mushroom,CollectableMushroom_14,-623.426025,1.431,295.865997,,,,True,True,,,CollectableMushroom_14,Environment/Collectables/Mushrooms/CollectableMushroom_14,CollectableMushroom,213389,level6,
level6:213390,Autumn,Mushroom,CollectableMushroom_64,-721.953003,12.061,9.914,,,,True,True,,,CollectableMushroom_64,Environment/Collectables/Mushrooms/CollectableMushroom_64,CollectableMushroom,213390,level6,
level6:213391,Autumn,Mushroom,CollectableMushroom_122,-894.505981,73.380997,134.069,,,,True,True,,,CollectableMushroom_122,Environment/Collectables/Mushrooms/CollectableMushroom_122,CollectableMushroom,213391,level6,
level6:213392,Autumn,Mushroom,CollectableMushroom_72,-693.100891,6.899887,210.138214,,,,True,True,,,CollectableMushroom_72,Environment/Collectables/Mushrooms/CollectableMushroom_72,CollectableMushroom,213392,level6,
level6:213393,Autumn,Mushroom,CollectableMushroom_11,-324.5,10.89,213.119995,,,,True,True,,,CollectableMushroom_11,Environment/Collectables/Mushrooms/CollectableMushroom_11,CollectableMushroom,213393,level6,
level6:213394,Autumn,Mushroom,CollectableMushroom_38,-197.229202,1.968249,-169.255112,,,,True,True,,,CollectableMushroom_38,Environment/Collectables/Mushrooms/CollectableMushroom_38,CollectableMushroom,213394,level6,
level6:213395,Autumn,Mushroom,CollectableMushroom_95,-77.114998,121.978996,395.536987,,,,True,True,,,CollectableMushroom_95,Environment/Collectables/Mushrooms/CollectableMushroom_95,CollectableMushroom,213395,level6,
level6:213396,Autumn,Mushroom,CollectableMushroom_112,-594.286011,168.205002,-386.119995,,,,True,True,,,CollectableMushroom_112,Environment/Collectables/Mushrooms/CollectableMushroom_112,CollectableMushroom,213396,level6,
level6:213397,Autumn,Mushroom,CollectableMushroom_35,-341.326996,1.801,-76.907997,,,,True,True,,,CollectableMushroom_35,Environment/Collectables/Mushrooms/CollectableMushroom_35,CollectableMushroom,213397,level6,
level6:213398,Autumn,Mushroom,CollectableMushroom_91 (1),-148.987442,116.118828,408.485535,,,,True,True,,,CollectableMushroom_91 (1),Environment/Collectables/Mushrooms/CollectableMushroom_91 (1),CollectableMushroom,213398,level6,
level6:213399,Autumn,Mushroom,CollectableMushroom_21,-562.534973,12.873,19.9,,,,True,True,,,CollectableMushroom_21,Environment/Collectables/Mushrooms/CollectableMushroom_21,CollectableMushroom,213399,level6,
level6:213400,Autumn,Mushroom,CollectableMushroom_32,-297.088257,11.854241,104.022736,,,,True,True,,,CollectableMushroom_32,Environment/Collectables/Mushrooms/CollectableMushroom_32,CollectableMushroom,213400,level6,
level6:213401,Autumn,Mushroom,CollectableMushroom_67,-784.588989,16.416,35.044998,,,,True,True,,,CollectableMushroom_67,Environment/Collectables/Mushrooms/CollectableMushroom_67,CollectableMushroom,213401,level6,
level6:213402,Autumn,Mushroom,CollectableMushroom_49 (3),-489.559998,17.82,-288.049988,,,,True,True,,,CollectableMushroom_49 (3),Environment/Collectables/Mushrooms/CollectableMushroom_49 (3),CollectableMushroom,213402,level6,
level6:213403,Autumn,Mushroom,CollectableMushroom_54,-719.403992,0.122,-295.59201,,,,True,True,,,CollectableMushroom_54,Environment/Collectables/Mushrooms/CollectableMushroom_54,CollectableMushroom,213403,level6,
level6:213404,Autumn,Mushroom,CollectableMushroom_77,-482.255005,73.306,466.598999,,,,True,True,,,CollectableMushroom_77,Environment/Collectables/Mushrooms/CollectableMushroom_77,CollectableMushroom,213404,level6,
level6:213405,Autumn,Mushroom,CollectableMushroom_94,-68.125999,92.731003,363.091003,,,,True,True,,,CollectableMushroom_94,Environment/Collectables/Mushrooms/CollectableMushroom_94,CollectableMushroom,213405,level6,
level6:213406,Autumn,Mushroom,CollectableMushroom_58,-839.200012,-0.09,-331.160004,,,,True,True,,,CollectableMushroom_58,Environment/Collectables/Mushrooms/CollectableMushroom_58,CollectableMushroom,213406,level6,
level6:213407,Autumn,Mushroom,CollectableMushroom_59,-838.72998,11.089,-237.854996,,,,True,True,,,CollectableMushroom_59,Environment/Collectables/Mushrooms/CollectableMushroom_59,CollectableMushroom,213407,level6,
level6:213408,Autumn,Mushroom,CollectableMushroom_85,-849.84198,100.487,469.411987,,,,True,True,,,CollectableMushroom_85,Environment/Collectables/Mushrooms/CollectableMushroom_85,CollectableMushroom,213408,level6,
level6:213409,Autumn,Mushroom,CollectableMushroom_125,-839.312012,186.931,158.093994,,,,True,True,,,CollectableMushroom_125,Environment/Collectables/Mushrooms/CollectableMushroom_125,CollectableMushroom,213409,level6,
level6:213410,Autumn,Mushroom,CollectableMushroom_0 (4),-675.995574,1.91451,-45.747803,,,,True,False,,,CollectableMushroom_0 (4),UI/Mini Games/WhackAGoose/Reward Holder/Reward 2/CollectableMushroom_0 (4),CollectableMushroom,213410,level6,
level6:213411,Autumn,Mushroom,CollectableMushroom_28,-461.625,0.408,-25.188,,,,True,True,,,CollectableMushroom_28,Environment/Collectables/Mushrooms/CollectableMushroom_28,CollectableMushroom,213411,level6,
level6:213412,Autumn,Mushroom,CollectableMushroom_131,-641.573975,177.292007,153.457001,,,,True,True,,,CollectableMushroom_131,Environment/Collectables/Mushrooms/CollectableMushroom_131,CollectableMushroom,213412,level6,
level6:213790,Autumn,Shrine,Shrine (2),-91.779999,5.94,-27.67,,,,True,True,,,Shrine (2),Environment/MISC/Shrines/RewardShrine (1)/Shrine (2),InteractableShrine,213790,level6,
level6:213791,Autumn,Shrine,Shrine (2),-249.649994,6.95,-145.800003,,,,True,True,,,Shrine (2),Environment/MISC/Shrines/RewardShrine (2)/Shrine (2),InteractableShrine,213791,level6,
level6:213792,Autumn,Shrine,Shrine (2),-595.830017,5.13,-187.539993,,,,True,True,,,Shrine (2),Environment/MISC/Shrines/RewardShrine (3)/Shrine (2),InteractableShrine,213792,level6,
level6:213793,Autumn,Shrine,Shrine (2),-499.859985,66.279999,479.929993,,,,True,True,,,Shrine (2),Environment/MISC/Shrines/RewardShrine (4)/Shrine (2),InteractableShrine,213793,level6,
level6:213814,Autumn,Clothing source,Clothes Line (2),-851.27002,266.970001,177.259995,,,,False,False,,,Clothes Line (2),Environment/Manmade/Mountains/Mt Wooden Village/Mountain Cosmetics/Clothes Line (2),ClothesManager,213814,level6,
level6:213815,Autumn,Clothing source,Clothes Line (4),-497.190002,60.470001,536.097107,,,,True,True,,,Clothes Line (4),Environment/Manmade/Residential/Mini Camps/Camp 19/Clothes Line (4),ClothesManager,213815,level6,
level6:213816,Autumn,Clothing source,Clothes Line (1),-101.862999,3.102,384.221985,,,,True,True,,,Clothes Line (1),Environment/Manmade/Residential/Mini Camps/Camp 22/Clothes Line (1),ClothesManager,213816,level6,
level6:213817,Autumn,Clothing source,Clothes Line (3),-474.790009,2.73,-375.809998,,,,False,False,,,Clothes Line (3),Environment/Manmade/Residential/Mini Camps/Camp 13/Clothes Line (3),ClothesManager,213817,level6,
level6:213818,Autumn,Clothing source,Clothes Line (5),-800.880005,65.07,500.720001,,,,True,True,,,Clothes Line (5),Environment/Manmade/Residential/Large Camps/Boulderers/Clothes Line (5),ClothesManager,213818,level6,
level6:213819,Autumn,Clothing source,Clothes Line (3),-831.599976,60.389999,-124.790001,,,,True,True,,,Clothes Line (3),Environment/Manmade/Hills/Hill 1/Clothes Line (3),ClothesManager,213819,level6,
level6:213820,Autumn,Clothing source,Clothes Line (4),-416.910004,32.380001,-53.09,,,,False,False,,,Clothes Line (4),Environment/Manmade/Mountains/Mt. Steg/Mountain Cosmetics/Clothes Line (4),ClothesManager,213820,level6,
level6:213821,Autumn,Clothing source,Clothes Line (6),-790.419983,16.985001,37.355,,,,True,True,,,Clothes Line (6),Environment/Manmade/Residential/Towns/Town 3/Clothes Line (6),ClothesManager,213821,level6,
level6:213822,Autumn,Clothing source,Clothes Line (7),-847.809998,0.313,-333.220001,,,,True,True,,,Clothes Line (7),Environment/Manmade/Residential/Large Camps/Conspiracy Camps/Clothes Line (7),ClothesManager,213822,level6,
level6:213823,Autumn,Clothing source,Clothes Line (5),-420.480011,5.51,-257.339996,,,,True,True,,,Clothes Line (5),Environment/Manmade/Residential/Towns/Town 5/Clothes Line (5),ClothesManager,213823,level6,
level6:213824,Autumn,Clothing source,Clothes Line (5),-612.780029,252.169998,196.509995,,,,True,True,,,Clothes Line (5),Environment/Manmade/Mountains/Mt. Thunder/Mountain Cosmetics/Clothes Line (5),ClothesManager,213824,level6,
level6:213825,Autumn,Clothing source,Clothes Line (3),-527.51001,178.149994,165.270004,,,,True,True,,,Clothes Line (3),Environment/Manmade/Mountains/Mt. Thunder/Mountain Cosmetics/Clothes Line (3),ClothesManager,213825,level6,
level6:213826,Autumn,Clothing source,Clothes Line (1),-142.960007,2.25,16.959999,,,,True,True,,,Clothes Line (1),Environment/Manmade/Residential/Large Camps/Starting Camp/Clothes Line (1),ClothesManager,213826,level6,
level6:213827,Autumn,Clothing source,Clothes Line (4),-193.528,109.057999,-82.775002,,,,False,False,,,Clothes Line (4),Environment/Manmade/Mountains/Mt. Tree/Mountain Cosmtetics/Clothes Line (4),ClothesManager,213827,level6,
level6:213828,Autumn,Clothing source,Clothes Line (2),-467.600006,0.92,-17.620001,,,,True,True,,,Clothes Line (2),Environment/Manmade/Residential/Mini Camps/Camp 9/Clothes Line (2),ClothesManager,213828,level6,
level6:213865,Autumn,Shrine,Reactive Jar,-275.640015,18.49,337.709991,,,,True,False,,,Reactive Jar,Environment/Manmade/Reactive Jars/Jar Holder/Reactive Jar,InteractableShrine,213865,level6,
level6:214932,Autumn,Chest,Chest,-856.607971,191.029999,187.912003,,,,True,True,,,Chest,Environment/Manmade/Mountains/Mt Wooden Village/Mountain Cosmetics/Chest,ChestOpen,214932,level6,
level6:215009,Autumn,Quest pickup,Earrings,-482.130005,16.91,274.743652,Find Thea's Earrings!,pickup,,False,False,,,Earrings,Environment/Nature/Misc/Quest Items/Earrings,CollectableQuestItem,215009,level6,
level6:215472,Autumn,Quest pickup,QI-Mustache,-711.447021,12.685,-139.865082,Gerad's Lost Moustache!,pickup,,False,False,,,QI-Mustache,Environment/Nature/Misc/Quest Items/QI-Mustache,CollectableQuestItem,215472,level6,
level15:225119,Winter,Chest,SM_Prop_Chest_Wood_01 (3),-672.140015,-0.027,-67.690002,,,,True,True,,,SM_Prop_Chest_Wood_01 (3),Environment/MISC/Chests/SM_Prop_Chest_Wood_01 (3),ChestOpen,225119,level15,
level15:225125,Winter,Chest,SM_Prop_Chest_Wood_01 (22),-860.529785,14.19,261.376038,,,,True,True,,,SM_Prop_Chest_Wood_01 (22),Environment/MISC/Chests/Other Chests/Chests (1)/SM_Prop_Chest_Wood_01 (22),ChestOpen,225125,level15,
level15:225452,Winter,Chest,SM_Prop_Chest_Wood_01 (20),-837.577026,11.372,-239.153,,,,True,True,,,SM_Prop_Chest_Wood_01 (20),Environment/MISC/Chests/Other Chests/Chests (1)/SM_Prop_Chest_Wood_01 (20),ChestOpen,225452,level15,
level15:225459,Winter,Chest,SM_Prop_Chest_Wood_01 (5),-844.359985,221.108994,157.149643,,,,True,True,,,SM_Prop_Chest_Wood_01 (5),Environment/MISC/Chests/SM_Prop_Chest_Wood_01 (5),ChestOpen,225459,level15,
level15:225538,Winter,Chest,SM_Prop_Chest_Wood_01 (10),-352.634003,23.66,268.691986,,,,True,True,,,SM_Prop_Chest_Wood_01 (10),Environment/MISC/Chests/Other Chests/Chests (1)/SM_Prop_Chest_Wood_01 (10),ChestOpen,225538,level15,
level15:225599,Winter,Chest,SM_Prop_Chest_Wood_01 (1),-634.25,200.565002,244.390564,,,,True,True,,,SM_Prop_Chest_Wood_01 (1),Environment/MISC/Chests/Other Chests/Chests (1)/SM_Prop_Chest_Wood_01 (1),ChestOpen,225599,level15,
level15:225617,Winter,Chest,SM_Prop_Chest_Wood_01 (25),-583.151978,340.144012,492.132996,,,,True,True,,,SM_Prop_Chest_Wood_01 (25),Environment/MISC/Chests/Other Chests/Chests (1)/SM_Prop_Chest_Wood_01 (25),ChestOpen,225617,level15,
level15:225680,Winter,Chest,SM_Prop_Chest_Wood_01 (8),-612.981995,171.505997,-118.898003,,,,True,True,,,SM_Prop_Chest_Wood_01 (8),Environment/MISC/Chests/SM_Prop_Chest_Wood_01 (8),ChestOpen,225680,level15,
level15:225794,Winter,Chest,SM_Prop_Chest_Wood_01 (14),-61.438,-0.001,-60.136002,,,,True,True,,,SM_Prop_Chest_Wood_01 (14),Environment/MISC/Chests/Other Chests/Chests (1)/SM_Prop_Chest_Wood_01 (14),ChestOpen,225794,level15,
level15:225912,Winter,Chest,SM_Prop_Chest_Wood_01 (18),-540.245972,4.722,-306.07901,,,,True,True,,,SM_Prop_Chest_Wood_01 (18),Environment/MISC/Chests/Other Chests/Chests (1)/SM_Prop_Chest_Wood_01 (18),ChestOpen,225912,level15,
level15:226021,Winter,Chest,SM_Prop_Chest_Wood_01 (4),-875.010986,83.599998,-146.264008,,,,False,False,,,SM_Prop_Chest_Wood_01 (4),Environment/MISC/Chests/Other Chests/Chests (1)/SM_Prop_Chest_Wood_01 (4),ChestOpen,226021,level15,
level15:226060,Winter,Chest,SM_Prop_Chest_Wood_01 (2),-667.758972,-0.069,-33.187,,,,True,True,,,SM_Prop_Chest_Wood_01 (2),Environment/MISC/Chests/SM_Prop_Chest_Wood_01 (2),ChestOpen,226060,level15,
level15:226146,Winter,Chest,SM_Prop_Chest_Wood_01 (1),-615.049988,200.496002,141.059998,,,,True,True,,,SM_Prop_Chest_Wood_01 (1),Environment/MISC/Chests/SM_Prop_Chest_Wood_01 (1),ChestOpen,226146,level15,
level15:226184,Winter,Chest,SM_Prop_Chest_Wood_01 (5),-625.515991,2.841,-279.417999,,,,True,True,,,SM_Prop_Chest_Wood_01 (5),Environment/MISC/Chests/Other Chests/Chests (1)/SM_Prop_Chest_Wood_01 (5),ChestOpen,226184,level15,
level15:226221,Winter,Chest,SM_Prop_Chest_Wood_01 (2),-271.894012,5.436,57.897999,,,,True,True,,,SM_Prop_Chest_Wood_01 (2),Environment/MISC/Chests/Other Chests/Chests (1)/SM_Prop_Chest_Wood_01 (2),ChestOpen,226221,level15,
level15:226309,Winter,Chest,SM_Prop_Chest_Wood_01 (3),-792.130432,30.004999,-136.582047,,,,True,True,,,SM_Prop_Chest_Wood_01 (3),Environment/MISC/Chests/Other Chests/Chests (1)/SM_Prop_Chest_Wood_01 (3),ChestOpen,226309,level15,
level15:226349,Winter,Chest,SM_Prop_Chest_Wood_01 (4),-642.638,-0.069,-52.908001,,,,True,True,,,SM_Prop_Chest_Wood_01 (4),Environment/MISC/Chests/SM_Prop_Chest_Wood_01 (4),ChestOpen,226349,level15,
level15:226490,Winter,Chest,SM_Prop_Chest_Wood_01 (23),-674.05658,1.733,255.311203,,,,True,True,,,SM_Prop_Chest_Wood_01 (23),Environment/MISC/Chests/Other Chests/Chests (1)/SM_Prop_Chest_Wood_01 (23),ChestOpen,226490,level15,
level15:226492,Winter,Chest,SM_Prop_Chest_Wood_01 (24),-446.790985,25.379999,-168.266006,,,,True,True,,,SM_Prop_Chest_Wood_01 (24),Environment/MISC/Chests/Other Chests/Chests (1)/SM_Prop_Chest_Wood_01 (24),ChestOpen,226492,level15,
level15:226518,Winter,Chest,SM_Prop_Chest_Wood_01 (17),-26.861542,3.25,-229.737595,,,,True,True,,,SM_Prop_Chest_Wood_01 (17),Environment/MISC/Chests/Other Chests/Chests (1)/SM_Prop_Chest_Wood_01 (17),ChestOpen,226518,level15,
level15:226647,Winter,Chest,SM_Prop_Chest_Wood_01 (19),-842.69928,12.944,-376.950378,,,,True,True,,,SM_Prop_Chest_Wood_01 (19),Environment/MISC/Chests/Other Chests/Chests (1)/SM_Prop_Chest_Wood_01 (19),ChestOpen,226647,level15,
level15:226742,Winter,Chest,SM_Prop_Chest_Wood_01 (15),-163.011993,19.937,-174.302002,,,,True,True,,,SM_Prop_Chest_Wood_01 (15),Environment/MISC/Chests/Other Chests/Chests (1)/SM_Prop_Chest_Wood_01 (15),ChestOpen,226742,level15,
level15:226752,Winter,Chest,SM_Prop_Chest_Wood_01 (11),-267.192596,27.839001,358.089996,,,,True,True,,,SM_Prop_Chest_Wood_01 (11),Environment/MISC/Chests/Other Chests/Chests (1)/SM_Prop_Chest_Wood_01 (11),ChestOpen,226752,level15,
level15:226785,Winter,Chest,SM_Prop_Chest_Wood_01 (6),-94.556992,174.207001,397.710022,,,,True,True,,,SM_Prop_Chest_Wood_01 (6),Environment/MISC/Chests/SM_Prop_Chest_Wood_01 (6),ChestOpen,226785,level15,
level15:226878,Winter,Chest,SM_Prop_Chest_Wood_01 (2),-332.752869,8.625,66.755386,,,,False,False,,,SM_Prop_Chest_Wood_01 (2),Environment/MISC/Chests/SM_Prop_Chest_Wood_01 (2),ChestOpen,226878,level15,
level15:226883,Winter,Chest,SM_Prop_Chest_Wood_01 (12),-57.405998,1.982,516.062012,,,,True,True,,,SM_Prop_Chest_Wood_01 (12),Environment/MISC/Chests/Other Chests/Chests (1)/SM_Prop_Chest_Wood_01 (12),ChestOpen,226883,level15,
level15:226888,Winter,Chest,SM_Prop_Chest_Wood_01 (3),-430.164001,64.543999,-44.932999,,,,True,True,,,SM_Prop_Chest_Wood_01 (3),Environment/MISC/Chests/SM_Prop_Chest_Wood_01 (3),ChestOpen,226888,level15,
level15:227069,Winter,Chest,SM_Prop_Chest_Wood_01 (5),-714.575989,60.02,338.684998,,,,True,True,,,SM_Prop_Chest_Wood_01 (5),Environment/MISC/Chests/SM_Prop_Chest_Wood_01 (5),ChestOpen,227069,level15,
level15:227143,Winter,Chest,SM_Prop_Chest_Wood_01 (7),-367.760986,175.320999,-196.442001,,,,True,True,,,SM_Prop_Chest_Wood_01 (7),Environment/MISC/Chests/SM_Prop_Chest_Wood_01 (7),ChestOpen,227143,level15,
level15:227246,Winter,Chest,SM_Prop_Chest_Wood_01 (5),-689.372253,1.957,-231.212494,,,,True,True,,,SM_Prop_Chest_Wood_01 (5),Environment/MISC/Chests/SM_Prop_Chest_Wood_01 (5),ChestOpen,227246,level15,
level15:227251,Winter,Chest,SM_Prop_Chest_Wood_01 (16),-141.552002,40.102001,-296.868988,,,,True,True,,,SM_Prop_Chest_Wood_01 (16),Environment/MISC/Chests/Other Chests/Chests (1)/SM_Prop_Chest_Wood_01 (16),ChestOpen,227251,level15,
level15:227371,Winter,Chest,SM_Prop_Chest_Wood_01 (1),-792.455994,26.09,32.294998,,,,True,True,,,SM_Prop_Chest_Wood_01 (1),Environment/MISC/Chests/Other Chests/Chests (1)/SM_Prop_Chest_Wood_01 (1),ChestOpen,227371,level15,
level15:227384,Winter,Chest,SM_Prop_Chest_Wood_01 (6),-220.848007,15.003,-306.799988,,,,True,True,,,SM_Prop_Chest_Wood_01 (6),Environment/MISC/Chests/Other Chests/Chests (1)/SM_Prop_Chest_Wood_01 (6),ChestOpen,227384,level15,
level15:227490,Winter,Chest,SM_Prop_Chest_Wood_01 (6),-618.198975,0.538,293.946991,,,,False,False,,,SM_Prop_Chest_Wood_01 (6),Environment/MISC/Chests/SM_Prop_Chest_Wood_01 (6),ChestOpen,227490,level15,
level15:227551,Winter,Chest,SM_Prop_Chest_Wood_01 (2),-472.345001,5.71,234.0,,,,True,True,,,SM_Prop_Chest_Wood_01 (2),Environment/MISC/Chests/Other Chests/Chests (1)/SM_Prop_Chest_Wood_01 (2),ChestOpen,227551,level15,
level15:227603,Winter,Chest,SM_Prop_Chest_Wood_01 (7),-622.616943,219.860031,-133.177856,,,,True,True,,,SM_Prop_Chest_Wood_01 (7),Environment/MISC/Chests/Other Chests/Chests (1)/SM_Prop_Chest_Wood_01 (7),ChestOpen,227603,level15,
level15:227629,Winter,Chest,SM_Prop_Chest_Wood_01 (9),-302.68399,14.68,-28.072001,,,,True,True,,,SM_Prop_Chest_Wood_01 (9),Environment/MISC/Chests/Other Chests/Chests (1)/SM_Prop_Chest_Wood_01 (9),ChestOpen,227629,level15,
level15:227758,Winter,Chest,SM_Prop_Chest_Wood_01 (13),14.047,1.81,284.092987,,,,True,True,,,SM_Prop_Chest_Wood_01 (13),Environment/MISC/Chests/Other Chests/Chests (1)/SM_Prop_Chest_Wood_01 (13),ChestOpen,227758,level15,
level15:227774,Winter,Chest,SM_Prop_Chest_Wood_01 (5),-826.008179,12.452973,189.130035,,,,True,True,,,SM_Prop_Chest_Wood_01 (5),Environment/MISC/Chests/SM_Prop_Chest_Wood_01 (5),ChestOpen,227774,level15,
level15:227890,Winter,Chest,SM_Prop_Chest_Wood_01 (1),-101.959999,4.955,334.355011,,,,True,True,,,SM_Prop_Chest_Wood_01 (1),Environment/MISC/Chests/SM_Prop_Chest_Wood_01 (1),ChestOpen,227890,level15,
level15:227988,Winter,Chest,SM_Prop_Chest_Wood_01 (21),-898.26001,1.08,115.629997,,,,True,True,,,SM_Prop_Chest_Wood_01 (21),Environment/MISC/Chests/Other Chests/Chests (1)/SM_Prop_Chest_Wood_01 (21),ChestOpen,227988,level15,
level15:228008,Winter,Chest,SM_Prop_Chest_Wood_01 (9),-828.047974,269.681,-303.143005,,,,True,True,,,SM_Prop_Chest_Wood_01 (9),Environment/MISC/Chests/SM_Prop_Chest_Wood_01 (9),ChestOpen,228008,level15,
level15:228034,Winter,Chest,SM_Prop_Chest_Wood_01 (8),-356.601013,0.934,164.643005,,,,True,True,,,SM_Prop_Chest_Wood_01 (8),Environment/MISC/Chests/Other Chests/Chests (1)/SM_Prop_Chest_Wood_01 (8),ChestOpen,228034,level15,
level15:229260,Winter,NPC,Bob,-250.183551,3.501898,464.864817,,,,True,True,,,NormalFrogPrefab,Patrolling/Tractor/Tractor Patrol Holder_Norm/tractor/tractor-base/NormalFrogPrefab,NpcBase,229260,level15,
level15:229282,Winter,Mushroom,CollectableMushroom_30 (1),-595.436318,6.796537,-186.675124,,,,False,False,,,CollectableMushroom_30 (1),Environment/MISC/Shrines/Shrines/RewardShrine (3)/Reward/CollectableMushroom_30 (1),CollectableMushroom,229282,level15,
level15:229283,Winter,Mushroom,CollectableMushroom_30 (1),-562.448022,2.976,294.327629,,,,False,False,,,CollectableMushroom_30 (1),Environment/MISC/Shrines/Shrines/RewardShrine/Reward/CollectableMushroom_30 (1),CollectableMushroom,229283,level15,
level15:229284,Winter,Mushroom,CollectableMushroom_30 (1),-89.646399,8.453495,-23.471112,,,,False,False,,,CollectableMushroom_30 (1),Environment/MISC/Shrines/Shrines/RewardShrine (1)/Reward/CollectableMushroom_30 (1),CollectableMushroom,229284,level15,
level15:229285,Winter,Mushroom,CollectableMushroom_30 (1),-248.62172,8.569453,-145.819104,,,,False,False,,,CollectableMushroom_30 (1),Environment/MISC/Shrines/Shrines/RewardShrine (2)/Reward/CollectableMushroom_30 (1),CollectableMushroom,229285,level15,
level15:229286,Winter,Mushroom,CollectableMushroom_30 (1),-498.973865,67.922218,480.375242,,,,False,False,,,CollectableMushroom_30 (1),Environment/MISC/Shrines/Shrines/RewardShrine (4)/Reward/CollectableMushroom_30 (1),CollectableMushroom,229286,level15,
level15:229574,Winter,NPC,Vendor,-130.262919,5.637001,327.638708,,,,True,True,,,Climbing Club Member,Static Scene/Static Game Objects (1)/ManMade Objects/Climbing Stalls/Climbing Building (4)/Climbing Club Member,NpcBase,229574,level15,
level15:229576,Winter,NPC,Vendor,-837.074782,59.983001,415.208496,,,,True,True,,,Climbing Club Member,Static Scene/Static Game Objects (1)/ManMade Objects/Climbing Stalls/Climbing Building (10)/Climbing Club Member,NpcBase,229576,level15,
level15:229579,Winter,NPC,Vendor,-290.212878,0.262999,83.886052,,,,True,True,,,Climbing Club Member,Static Scene/Static Game Objects (1)/ManMade Objects/Climbing Stalls/Climbing Building (3)/Climbing Club Member,NpcBase,229579,level15,
level15:229580,Winter,NPC,Vendor,-163.722794,0.55,95.548706,,,,True,True,,,Climbing Club Member,Frog Folder/Climbing Building/Climbing Club Member,NpcBase,229580,level15,
level15:229583,Winter,NPC,Vendor,-767.875672,16.687,45.943738,,,,True,True,,,Climbing Club Member,Static Scene/Static Game Objects (1)/ManMade Objects/Climbing Stalls/Climbing Building (9)/Climbing Club Member,NpcBase,229583,level15,
level15:229585,Winter,NPC,Vendor,-809.43185,0.886999,181.380539,,,,True,True,,,Climbing Club Member,Static Scene/Static Game Objects (1)/ManMade Objects/Climbing Stalls/New Climbing Stalls/Climbing Building 16/Climbing Club Member,NpcBase,229585,level15,
level15:229586,Winter,NPC,Vendor,-397.659639,0.222999,-208.284228,,,,True,True,,,Climbing Club Member,Static Scene/Static Game Objects (1)/ManMade Objects/Climbing Stalls/Climbing Building (6)/Climbing Club Member,NpcBase,229586,level15,
level15:229589,Winter,NPC,Vendor,-664.60106,0.278999,-211.428285,,,,True,True,,,Climbing Club Member,Static Scene/Static Game Objects (1)/ManMade Objects/Climbing Stalls/New Climbing Stalls/Climbing Building 14/Climbing Club Member,NpcBase,229589,level15,
level15:229591,Winter,NPC,Vendor,-101.821166,2.799422,396.541882,,,,True,False,,,Climbing Club Member,Static Scene/Static Game Objects (1)/ManMade Objects/Climbing Stalls/Climbing Building (4)/Climbing Club Member,NpcBase,229591,level15,
level15:229593,Winter,NPC,Vendor,-282.026816,18.566199,348.024358,,,,True,True,,,Climbing Club Member,Static Scene/Static Game Objects (1)/ManMade Objects/Climbing Stalls/Climbing Building (7)/Climbing Club Member,NpcBase,229593,level15,
level15:229595,Winter,NPC,Vendor,-602.776927,0.142999,271.732316,,,,True,True,,,Climbing Club Member,Static Scene/Static Game Objects (1)/ManMade Objects/Climbing Stalls/New Climbing Stalls/Climbing Building 17/Climbing Club Member,NpcBase,229595,level15,
level15:229597,Winter,NPC,Vendor,-497.752846,2.275799,-380.374936,,,,True,True,,,Climbing Club Member,Static Scene/Static Game Objects (1)/ManMade Objects/Climbing Stalls/New Climbing Stalls/Climbing Building 13/Climbing Club Member,NpcBase,229597,level15,
level15:229598,Winter,NPC,Vendor,-365.717195,1.654999,-74.840586,,,,True,True,,,Climbing Club Member,Static Scene/Static Game Objects (1)/ManMade Objects/Climbing Stalls/New Climbing Stalls/Climbing Building 12/Climbing Club Member,NpcBase,229598,level15,
level15:229601,Winter,NPC,Vendor,-771.345399,0.294999,-275.290098,,,,True,True,,,Climbing Club Member,Static Scene/Static Game Objects (1)/ManMade Objects/Climbing Stalls/Climbing Building (8)/Climbing Club Member,NpcBase,229601,level15,
level15:229603,Winter,NPC,Vendor,-229.049178,1.982998,162.363162,,,,True,True,,,Climbing Club Member,Static Scene/Static Game Objects (1)/ManMade Objects/Climbing Stalls/Climbing Building (2)/Climbing Club Member,NpcBase,229603,level15,
level15:229605,Winter,NPC,Vendor,-736.690381,0.206999,-56.346621,,,,True,True,,,Climbing Club Member,Static Scene/Static Game Objects (1)/ManMade Objects/Climbing Stalls/New Climbing Stalls/Climbing Building 15/Climbing Club Member,NpcBase,229605,level15,
level15:229606,Winter,NPC,Vendor,-229.542361,1.047392,-92.807817,,,,True,True,,,Climbing Club Member,Static Scene/Static Game Objects (1)/ManMade Objects/Climbing Stalls/Climbing Building (1)/Climbing Club Member,NpcBase,229606,level15,
level15:229609,Winter,NPC,Vendor,-564.409849,0.325026,179.880401,,,,True,True,,,Climbing Club Member,Static Scene/Static Game Objects (1)/ManMade Objects/Climbing Stalls/Climbing Building (5)/Climbing Club Member,NpcBase,229609,level15,
level15:229610,Winter,NPC,Vendor,-260.306396,4.110999,202.263736,,,,True,False,,,Climbing Club Member,Static Scene/Static Game Objects (1)/ManMade Objects/Climbing Stalls/Climbing Building (2)/Climbing Club Member,NpcBase,229610,level15,
level15:229613,Winter,NPC,Vendor,-363.623451,1.214999,210.003989,,,,True,True,,,Climbing Club Member,Static Scene/Static Game Objects (1)/ManMade Objects/Climbing Stalls/New Climbing Stalls/Climbing Building 18/Climbing Club Member,NpcBase,229613,level15,
level15:230189,Winter,Juice,Pomegranate Juice #5,-377.235992,20.708,-38.638,,,,True,True,Pomegranate,5,Pomegranite Juice Variant (2),Environment/Collectables/Juice Boxes/Winter/Pomegranite 5/Pomegranite Juice Variant (2),JuiceCollectable,230189,level15,
level15:230190,Winter,Juice,Pomegranate Juice #1,0.0,0.0,0.0,,,,True,False,Pomegranate,1,ShopPointMoveSpeed (Pomegranite),Environment/Shop Areas/~Shop1Area~/ShopPointMoveSpeed (Pomegranite),JuiceCollectable,230190,level15,
level15:230191,Winter,Juice,Pomegranate Juice #2,-654.496399,242.880005,-127.650467,,,,True,True,Pomegranate,2,Pomegranite Juice Variant,Environment/Collectables/Juice Boxes/Winter/Pomegranite 5/Pomegranite Juice Variant,JuiceCollectable,230191,level15,
level15:230192,Winter,Juice,Pomegranate Juice #6,-672.670532,336.766205,488.870972,,,,True,True,Pomegranate,6,Pomegranite Juice Variant (3),Environment/Collectables/Juice Boxes/Winter/Pomegranite 5/Pomegranite Juice Variant (3),JuiceCollectable,230192,level15,
level15:230193,Winter,Juice,Pomegranate Juice #4,-584.835815,16.360001,-2.722801,,,,True,True,Pomegranate,4,Pomegranite Juice Variant (1),Environment/Collectables/Juice Boxes/Winter/Pomegranite 5/Pomegranite Juice Variant (1),JuiceCollectable,230193,level15,
level15:230194,Winter,Juice,Pomegranate Juice #3,0.0,0.0,0.0,,,,True,False,Pomegranate,3,ShopPointMoveSpeed (Pomegranite),Environment/Shop Areas/~Shop6Area~/ShopPointMoveSpeed (Pomegranite),JuiceCollectable,230194,level15,
level15:230195,Winter,Juice,Pomegranate Juice #7,-86.829468,46.702301,-244.552994,,,,True,True,Pomegranate,7,Pomegranite Juice Variant (4),Environment/Collectables/Juice Boxes/Winter/Pomegranite 5/Pomegranite Juice Variant (4),JuiceCollectable,230195,level15,
level15:231509,Winter,NPC,Jeremy,-879.123669,2.212246,198.654821,,,,True,True,,,NPC,Patrolling/Bicycle/Bike Patrol Holder_Muscle/BikeMesh/NPC,NpcBase,231509,level15,
level15:231809,Winter,Quest pickup,QI- Carrot,-848.853394,101.440002,468.817993,Lost Nose!,pickup,,False,False,,,QI- Carrot,Environment/Quest Items/QI- Carrot,CollectableQuestItem,231809,level15,
level15:231959,Winter,NPC,Tombago,-753.693741,16.391246,130.62085,,,,True,True,,,Bazzar1,Patrolling/Walk/PatrolFrogMuscle (1)/Bazzar1,NpcBase,231959,level15,
level15:231961,Winter,NPC,Mel,-638.340042,200.073998,167.836273,,,,True,True,,,Mt.ThunderFrog5,Patrolling/Walk/PatrolFrogMuscle/Mt.ThunderFrog5,NpcBase,231961,level15,
level15:231964,Winter,NPC,Spot,-595.475754,0.123246,-36.419128,,,,True,True,,,LeafForest1,Patrolling/Walk/PatrolFrogMuscle (2)/LeafForest1,NpcBase,231964,level15,
level15:232231,Winter,Shrine,present-box-base,-822.292603,2.155437,-421.747314,,,,True,False,,,present-box-base,Environment/MISC/Presents/Small/present-box/present-box-base,InteractableShrine,232231,level15,
level15:232647,Winter,Shrine,GFX,-796.320007,27.549999,-288.179993,,,,True,True,,,GFX,Environment/MISC/Bird Boxes/birdhouse-a (4)/GFX,InteractableShrine,232647,level15,
level15:232648,Winter,Shrine,GFX,-160.401001,2.183,138.162994,,,,True,True,,,GFX,Environment/MISC/Bird Boxes/birdhouse-a/GFX,InteractableShrine,232648,level15,
level15:232649,Winter,Shrine,GFX,-166.835007,2.506,326.733002,,,,True,True,,,GFX,Environment/MISC/Bird Boxes/birdhouse-a (1)/GFX,InteractableShrine,232649,level15,
level15:232650,Winter,Shrine,GFX,-382.040009,19.147305,393.539124,,,,True,True,,,GFX,Environment/MISC/Bird Boxes/birdhouse-a (2)/GFX,InteractableShrine,232650,level15,
level15:232651,Winter,Shrine,GFX,-474.484985,13.484,-33.465,,,,True,True,,,GFX,Environment/MISC/Bird Boxes/birdhouse-a (3)/GFX,InteractableShrine,232651,level15,
level15:232652,Winter,Shrine,GFX,-615.293335,23.548136,194.902298,,,,True,True,,,GFX,Environment/MISC/Bird Boxes/birdhouse-a (6)/GFX,InteractableShrine,232652,level15,
level15:232653,Winter,Shrine,GFX,-791.780029,10.51,-58.049999,,,,True,True,,,GFX,Environment/MISC/Bird Boxes/birdhouse-a (5)/GFX,InteractableShrine,232653,level15,
level15:233181,Winter,Quest pickup,QI-Bag,-162.070007,69.816002,146.429993,Kathy's Backpack!,pickup,,False,False,,,QI-Bag,Environment/Quest Items/QI-Bag,CollectableQuestItem,233181,level15,
level15:233182,Winter,Quest pickup,QI-Binos,-193.223999,148.610001,-78.521004,Hopper's Lost Binoculars!!,pickup,,False,False,,,QI-Binos,Environment/Quest Items/QI-Binos,CollectableQuestItem,233182,level15,
level15:233305,Winter,Bolt,CollectableBolt (58),-782.565979,77.864998,527.521973,,,,True,True,,,CollectableBolt (58),Environment/Collectables/Bolts/CollectableBolt (58),CollectableBolt,233305,level15,
level15:233306,Winter,Bolt,CollectableBolt (150),-668.000107,0.401064,-33.20844,,,level15:226060,True,False,,,CollectableBolt (150),Environment/MISC/Chests/SM_Prop_Chest_Wood_01 (2)/Bolt Holder/CollectableBolt (150),CollectableBolt,233306,level15,
level15:233307,Winter,Bolt,CollectableBolt (8),-195.570007,7.82,265.140015,,,,True,True,,,CollectableBolt (8),Environment/Collectables/Bolts/CollectableBolt (8),CollectableBolt,233307,level15,
level15:233308,Winter,Bolt,CollectableBolt (149),-635.662598,8.352214,-327.264191,,,,True,True,,,CollectableBolt (149),Environment/Collectables/Bolts/CollectableBolt (149),CollectableBolt,233308,level15,
level15:233309,Winter,Bolt,CollectableBolt (149),-791.830302,30.605557,-136.360383,,,level15:226309,True,False,,,CollectableBolt (149),Environment/MISC/Chests/Other Chests/Chests (1)/SM_Prop_Chest_Wood_01 (3)/Bolt Holder/CollectableBolt (149),CollectableBolt,233309,level15,
level15:233310,Winter,Bolt,CollectableBolt (122),-267.884003,4.817,538.455994,,,,True,True,,,CollectableBolt (122),Environment/Collectables/Bolts/CollectableBolt (122),CollectableBolt,233310,level15,
level15:233311,Winter,Bolt,CollectableBolt (50),-395.201996,3.715,305.96701,,,,True,True,,,CollectableBolt (50),Environment/Collectables/Bolts/CollectableBolt (50),CollectableBolt,233311,level15,
level15:233312,Winter,Bolt,CollectableBolt (62),-825.340027,84.699997,427.209991,,,,True,True,,,CollectableBolt (62),Environment/Collectables/Bolts/CollectableBolt (62),CollectableBolt,233312,level15,
level15:233313,Winter,Bolt,CollectableBolt (18),-145.339996,5.55,257.380005,,,,True,True,,,CollectableBolt (18),Environment/Collectables/Bolts/CollectableBolt (18),CollectableBolt,233313,level15,
level15:233314,Winter,Bolt,CollectableBolt (65),-893.245972,0.807,177.738007,,,,True,True,,,CollectableBolt (65),Environment/Collectables/Bolts/CollectableBolt (65),CollectableBolt,233314,level15,
level15:233315,Winter,Bolt,CollectableBolt (43),-996.343018,11.632,182.283997,,,,True,True,,,CollectableBolt (43),Environment/Collectables/Bolts/CollectableBolt (43),CollectableBolt,233315,level15,
level15:233316,Winter,Bolt,CollectableBolt (150),-614.82254,200.950677,141.003303,,,level15:226146,True,False,,,CollectableBolt (150),Environment/MISC/Chests/SM_Prop_Chest_Wood_01 (1)/Bolt Holder/CollectableBolt (150),CollectableBolt,233316,level15,
level15:233317,Winter,Bolt,CollectableBolt (149),-625.817612,3.505277,-279.699684,,,level15:226184,True,False,,,CollectableBolt (149),Environment/MISC/Chests/Other Chests/Chests (1)/SM_Prop_Chest_Wood_01 (5)/Bolt Holder/CollectableBolt (149),CollectableBolt,233317,level15,
level15:233318,Winter,Bolt,CollectableBolt (32),-619.630981,15.428,-321.826996,,,,True,True,,,CollectableBolt (32),Environment/Collectables/Bolts/CollectableBolt (32),CollectableBolt,233318,level15,
level15:233319,Winter,Bolt,CollectableBolt (30),-288.993988,3.593,-220.623993,,,,True,True,,,CollectableBolt (30),Environment/Collectables/Bolts/CollectableBolt (30),CollectableBolt,233319,level15,
level15:233320,Winter,Bolt,CollectableBolt (150),-875.025616,84.264276,-145.922213,,,level15:226021,True,False,,,CollectableBolt (150),Environment/MISC/Chests/Other Chests/Chests (1)/SM_Prop_Chest_Wood_01 (4)/Bolt Holder/CollectableBolt (150),CollectableBolt,233320,level15,
level15:233321,Winter,Bolt,CollectableBolt (149),-272.038892,5.878687,58.101857,,,level15:226221,True,False,,,CollectableBolt (149),Environment/MISC/Chests/Other Chests/Chests (1)/SM_Prop_Chest_Wood_01 (2)/Bolt Holder/CollectableBolt (149),CollectableBolt,233321,level15,
level15:233322,Winter,Bolt,CollectableBolt (53),-399.339996,60.549999,449.420013,,,,True,True,,,CollectableBolt (53),Environment/Collectables/Bolts/CollectableBolt (53),CollectableBolt,233322,level15,
level15:233323,Winter,Bolt,CollectableBolt (149),-667.468636,0.401064,-33.155505,,,level15:226060,True,False,,,CollectableBolt (149),Environment/MISC/Chests/SM_Prop_Chest_Wood_01 (2)/Bolt Holder/CollectableBolt (149),CollectableBolt,233323,level15,
level15:233324,Winter,Bolt,CollectableBolt (94),-208.299042,5.316715,75.79303,,,,True,True,,,CollectableBolt (94),Environment/Collectables/Bolts/CollectableBolt (94),CollectableBolt,233324,level15,
level15:233325,Winter,Bolt,CollectableBolt (93),-183.813004,3.617,141.162003,,,,True,True,,,CollectableBolt (93),Environment/Collectables/Bolts/CollectableBolt (93),CollectableBolt,233325,level15,
level15:233326,Winter,Bolt,CollectableBolt (95),-116.877594,3.770959,17.677574,,,,True,True,,,CollectableBolt (95),Environment/Collectables/Bolts/CollectableBolt (95),CollectableBolt,233326,level15,
level15:233327,Winter,Bolt,CollectableBolt (149),-615.328749,200.950676,141.107039,,,level15:226146,True,False,,,CollectableBolt (149),Environment/MISC/Chests/SM_Prop_Chest_Wood_01 (1)/Bolt Holder/CollectableBolt (149),CollectableBolt,233327,level15,
level15:233328,Winter,Bolt,CollectableBolt (87),-843.5,229.916,146.218002,,,,True,True,,,CollectableBolt (87),Environment/Collectables/Bolts/CollectableBolt (87),CollectableBolt,233328,level15,
level15:233329,Winter,Bolt,CollectableBolt (150),-792.382738,30.605558,-136.76094,,,level15:226309,True,False,,,CollectableBolt (150),Environment/MISC/Chests/Other Chests/Chests (1)/SM_Prop_Chest_Wood_01 (3)/Bolt Holder/CollectableBolt (150),CollectableBolt,233329,level15,
level15:233330,Winter,Bolt,CollectableBolt (150),-625.261486,3.505278,-279.189385,,,level15:226184,True,False,,,CollectableBolt (150),Environment/MISC/Chests/Other Chests/Chests (1)/SM_Prop_Chest_Wood_01 (5)/Bolt Holder/CollectableBolt (150),CollectableBolt,233330,level15,
level15:233331,Winter,Bolt,CollectableBolt (41),-858.346985,14.239,-37.186001,,,,True,True,,,CollectableBolt (41),Environment/Collectables/Bolts/CollectableBolt (41),CollectableBolt,233331,level15,
level15:233332,Winter,Bolt,CollectableBolt (46),-725.245972,6.315,257.799988,,,,True,True,,,CollectableBolt (46),Environment/Collectables/Bolts/CollectableBolt (46),CollectableBolt,233332,level15,
level15:233333,Winter,Bolt,CollectableBolt (86),-891.323975,140.264999,166.889999,,,,False,False,,,CollectableBolt (86),Environment/Collectables/Bolts/CollectableBolt (86),CollectableBolt,233333,level15,
level15:233334,Winter,Bolt,CollectableBolt (130),-618.994995,186.059998,435.10199,,,,True,True,,,CollectableBolt (130),Environment/Collectables/Bolts/CollectableBolt (130),CollectableBolt,233334,level15,
level15:233335,Winter,Bolt,CollectableBolt (72),-526.484009,103.803001,414.226013,,,,True,True,,,CollectableBolt (72),Environment/Collectables/Bolts/CollectableBolt (72),CollectableBolt,233335,level15,
level15:233336,Winter,Bolt,CollectableBolt (73),-659.521599,0.211907,-39.100139,,,level15:235528,True,False,,,CollectableBolt (73),Environment/MISC/Suitcase/suitcase-big (Bolts)/Container OBJ/CollectableBolt (73),CollectableBolt,233336,level15,
level15:233337,Winter,Bolt,CollectableBolt (149),-874.985352,84.264276,-146.67591,,,level15:226021,True,False,,,CollectableBolt (149),Environment/MISC/Chests/Other Chests/Chests (1)/SM_Prop_Chest_Wood_01 (4)/Bolt Holder/CollectableBolt (149),CollectableBolt,233337,level15,
level15:233338,Winter,Bolt,CollectableBolt (73),-838.546724,0.239911,145.667036,,,level15:235519,True,False,,,CollectableBolt (73),Environment/MISC/Suitcase/suitcase-big (Bolts) (1)/Container OBJ/CollectableBolt (73),CollectableBolt,233338,level15,
level15:233339,Winter,Bolt,CollectableBolt (150),-271.758646,5.858245,57.69955,,,level15:226221,True,False,,,CollectableBolt (150),Environment/MISC/Chests/Other Chests/Chests (1)/SM_Prop_Chest_Wood_01 (2)/Bolt Holder/CollectableBolt (150),CollectableBolt,233339,level15,
level15:233340,Winter,Bolt,CollectableBolt (24),-134.994003,1.34,-56.390999,,,,True,True,,,CollectableBolt (24),Environment/Collectables/Bolts/CollectableBolt (24),CollectableBolt,233340,level15,
level15:233341,Winter,Bolt,CollectableBolt (51),-267.688995,40.101002,348.924011,,,,True,True,,,CollectableBolt (51),Environment/Collectables/Bolts/CollectableBolt (51),CollectableBolt,233341,level15,
level15:233342,Winter,Bolt,CollectableBolt (79),-654.757996,247.604004,-127.222,,,,True,True,,,CollectableBolt (79),Environment/Collectables/Bolts/CollectableBolt (79),CollectableBolt,233342,level15,
level15:233343,Winter,Bolt,CollectableBolt (71),-204.809998,150.190002,-43.959999,,,,True,True,,,CollectableBolt (71),Environment/Collectables/Bolts/CollectableBolt (71),CollectableBolt,233343,level15,
level15:233344,Winter,Bolt,CollectableBolt (149),-843.044295,13.608277,-376.723916,,,level15:226647,True,False,,,CollectableBolt (149),Environment/MISC/Chests/Other Chests/Chests (1)/SM_Prop_Chest_Wood_01 (19)/Bolt Holder/CollectableBolt (149),CollectableBolt,233344,level15,
level15:233345,Winter,Bolt,CollectableBolt (70),-128.440002,54.639999,172.259995,,,,True,True,,,CollectableBolt (70),Environment/Collectables/Bolts/CollectableBolt (70),CollectableBolt,233345,level15,
level15:233346,Winter,Bolt,CollectableBolt (149),-446.397656,26.051854,-168.191924,,,level15:226492,True,False,,,CollectableBolt (149),Environment/MISC/Chests/Other Chests/Chests (1)/SM_Prop_Chest_Wood_01 (24)/Bolt Holder/CollectableBolt (149),CollectableBolt,233346,level15,
level15:233347,Winter,Bolt,CollectableBolt (149),-673.593315,2.362992,255.302214,,,level15:226490,True,False,,,CollectableBolt (149),Environment/MISC/Chests/Other Chests/Chests (1)/SM_Prop_Chest_Wood_01 (23)/Bolt Holder/CollectableBolt (149),CollectableBolt,233347,level15,
level15:233348,Winter,Bolt,CollectableBolt (67),-369.302185,2.007785,195.903884,,,,True,False,,,CollectableBolt (67),Environment/Manmade/Residential/Farms/Gardening Club/FlowerTrigger/Flower Holder/CollectableBolt (67),CollectableBolt,233348,level15,
level15:233349,Winter,Bolt,CollectableBolt (11),-56.23,9.266,209.246002,,,,True,True,,,CollectableBolt (11),Environment/Collectables/Bolts/CollectableBolt (11),CollectableBolt,233349,level15,
level15:233350,Winter,Bolt,CollectableBolt (149),-26.448932,3.914277,-229.729005,,,level15:226518,True,False,,,CollectableBolt (149),Environment/MISC/Chests/Other Chests/Chests (1)/SM_Prop_Chest_Wood_01 (17)/Bolt Holder/CollectableBolt (149),CollectableBolt,233350,level15,
level15:233351,Winter,Bolt,CollectableBolt (150),-642.842398,0.401064,-52.778281,,,level15:226349,True,False,,,CollectableBolt (150),Environment/MISC/Chests/SM_Prop_Chest_Wood_01 (4)/Bolt Holder/CollectableBolt (150),CollectableBolt,233351,level15,
level15:233352,Winter,Bolt,CollectableBolt (72),-175.223935,1.912548,252.181457,,,level15:235525,True,False,,,CollectableBolt (72),Environment/MISC/Suitcase/suitcase-big (Bolts) (2)/Container OBJ/CollectableBolt (72),CollectableBolt,233352,level15,
level15:233353,Winter,Bolt,CollectableBolt (143),-252.167435,0.903366,-374.123138,,,,True,True,,,CollectableBolt (143),Environment/Collectables/Bolts/CollectableBolt (143),CollectableBolt,233353,level15,
level15:233354,Winter,Bolt,CollectableBolt (47),-709.044983,36.138,76.463997,,,,True,True,,,CollectableBolt (47),Environment/Collectables/Bolts/CollectableBolt (47),CollectableBolt,233354,level15,
level15:233355,Winter,Bolt,CollectableBolt (98),-121.660004,37.299999,-182.490005,,,,True,True,,,CollectableBolt (98),Environment/Collectables/Bolts/CollectableBolt (98),CollectableBolt,233355,level15,
level15:233356,Winter,Bolt,CollectableBolt (150),-842.41697,13.608278,-377.143611,,,level15:226647,True,False,,,CollectableBolt (150),Environment/MISC/Chests/Other Chests/Chests (1)/SM_Prop_Chest_Wood_01 (19)/Bolt Holder/CollectableBolt (150),CollectableBolt,233356,level15,
level15:233357,Winter,Bolt,CollectableBolt (136),26.950001,12.95,267.040009,,,,True,True,,,CollectableBolt (136),Environment/Collectables/Bolts/CollectableBolt (136),CollectableBolt,233357,level15,
level15:233358,Winter,Bolt,CollectableBolt (74),-401.42099,81.480003,-63.546001,,,,False,False,,,CollectableBolt (74),Environment/Collectables/Bolts/CollectableBolt (74),CollectableBolt,233358,level15,
level15:233359,Winter,Bolt,CollectableBolt (149),-642.388441,0.401064,-53.059681,,,level15:226349,True,False,,,CollectableBolt (149),Environment/MISC/Chests/SM_Prop_Chest_Wood_01 (4)/Bolt Holder/CollectableBolt (149),CollectableBolt,233359,level15,
level15:233360,Winter,Bolt,CollectableBolt (150),-27.203649,3.914278,-229.738086,,,level15:226518,True,False,,,CollectableBolt (150),Environment/MISC/Chests/Other Chests/Chests (1)/SM_Prop_Chest_Wood_01 (17)/Bolt Holder/CollectableBolt (150),CollectableBolt,233360,level15,
level15:233361,Winter,Bolt,CollectableBolt (102),-353.162994,9.455,-373.790985,,,,True,True,,,CollectableBolt (102),Environment/Collectables/Bolts/CollectableBolt (102),CollectableBolt,233361,level15,
level15:233362,Winter,Bolt,CollectableBolt (150),-447.148657,26.036028,-168.265595,,,level15:226492,True,False,,,CollectableBolt (150),Environment/MISC/Chests/Other Chests/Chests (1)/SM_Prop_Chest_Wood_01 (24)/Bolt Holder/CollectableBolt (150),CollectableBolt,233362,level15,
level15:233363,Winter,Bolt,CollectableBolt (150),-674.345499,2.421982,255.322694,,,level15:226490,True,False,,,CollectableBolt (150),Environment/MISC/Chests/Other Chests/Chests (1)/SM_Prop_Chest_Wood_01 (23)/Bolt Holder/CollectableBolt (150),CollectableBolt,233363,level15,
level15:233364,Winter,Bolt,CollectableBolt (126),5.26329,11.98,420.946198,,,,True,True,,,CollectableBolt (126),Environment/Collectables/Bolts/CollectableBolt (126),CollectableBolt,233364,level15,
level15:233365,Winter,Bolt,CollectableBolt (27),-35.766998,10.293,-210.819,,,,True,True,,,CollectableBolt (27),Environment/Collectables/Bolts/CollectableBolt (27),CollectableBolt,233365,level15,
level15:233366,Winter,Bolt,CollectableBolt (31),-462.606995,3.768,-395.824005,,,,True,True,,,CollectableBolt (31),Environment/Collectables/Bolts/CollectableBolt (31),CollectableBolt,233366,level15,
level15:233367,Winter,Bolt,CollectableBolt (88),-672.84198,171.367996,479.104004,,,,True,True,,,CollectableBolt (88),Environment/Collectables/Bolts/CollectableBolt (88),CollectableBolt,233367,level15,
level15:233368,Winter,Bolt,CollectableBolt (16),-263.272888,26.988331,348.297821,,,,True,True,,,CollectableBolt (16),Environment/Collectables/Bolts/CollectableBolt (16),CollectableBolt,233368,level15,
level15:233369,Winter,Bolt,CollectableBolt (72),-549.729814,2.39807,38.836007,,,level15:235533,True,False,,,CollectableBolt (72),Environment/MISC/Suitcase/suitcase-big (Bolts) (3)/Container OBJ/CollectableBolt (72),CollectableBolt,233369,level15,
level15:233370,Winter,Bolt,CollectableBolt (81),-677.794006,237.104004,-120.968002,,,,True,True,,,CollectableBolt (81),Environment/Collectables/Bolts/CollectableBolt (81),CollectableBolt,233370,level15,
level15:233371,Winter,Bolt,CollectableBolt (117),-644.684998,9.1,271.058014,,,,True,True,,,CollectableBolt (117),Environment/Collectables/Bolts/CollectableBolt (117),CollectableBolt,233371,level15,
level15:233372,Winter,Bolt,CollectableBolt (82),-436.477997,43.653,-47.491001,,,,True,True,,,CollectableBolt (82),Environment/Collectables/Bolts/CollectableBolt (82),CollectableBolt,233372,level15,
level15:233373,Winter,Bolt,CollectableBolt (55),-480.554993,66.051003,488.988007,,,,True,True,,,CollectableBolt (55),Environment/Collectables/Bolts/CollectableBolt (55),CollectableBolt,233373,level15,
level15:233374,Winter,Bolt,CollectableBolt (44),-786.531982,9.896,258.339996,,,,True,True,,,CollectableBolt (44),Environment/Collectables/Bolts/CollectableBolt (44),CollectableBolt,233374,level15,
level15:233375,Winter,Bolt,CollectableBolt (22),-230.641998,21.042,-8.071,,,,True,True,,,CollectableBolt (22),Environment/Collectables/Bolts/CollectableBolt (22),CollectableBolt,233375,level15,
level15:233376,Winter,Bolt,CollectableBolt (149),-352.319258,24.315719,268.404666,,,level15:225538,True,False,,,CollectableBolt (149),Environment/MISC/Chests/Other Chests/Chests (1)/SM_Prop_Chest_Wood_01 (10)/Bolt Holder/CollectableBolt (149),CollectableBolt,233376,level15,
level15:233377,Winter,Bolt,CollectableBolt (48),-627.546997,5.551,298.06601,,,,False,False,,,CollectableBolt (48),Environment/Collectables/Bolts/CollectableBolt (48),CollectableBolt,233377,level15,
level15:233378,Winter,Bolt,CollectableBolt (56),-520.719971,69.989998,478.040009,,,,True,True,,,CollectableBolt (56),Environment/Collectables/Bolts/CollectableBolt (56),CollectableBolt,233378,level15,
level15:233379,Winter,Bolt,CollectableBolt (150),-672.365043,0.443064,-67.779266,,,level15:225119,True,False,,,CollectableBolt (150),Environment/MISC/Chests/SM_Prop_Chest_Wood_01 (3)/Bolt Holder/CollectableBolt (150),CollectableBolt,233379,level15,
level15:233380,Winter,Bolt,CollectableBolt (150),-860.320306,14.854278,261.105564,,,level15:225125,True,False,,,CollectableBolt (150),Environment/MISC/Chests/Other Chests/Chests (1)/SM_Prop_Chest_Wood_01 (22)/Bolt Holder/CollectableBolt (150),CollectableBolt,233380,level15,
level15:233381,Winter,Bolt,CollectableBolt (149),-837.23203,12.036277,-238.926509,,,level15:225452,True,False,,,CollectableBolt (149),Environment/MISC/Chests/Other Chests/Chests (1)/SM_Prop_Chest_Wood_01 (20)/Bolt Holder/CollectableBolt (149),CollectableBolt,233381,level15,
level15:233382,Winter,Bolt,CollectableBolt (145),-557.86499,11.052,268.472992,,,,True,True,,,CollectableBolt (145),Environment/Collectables/Bolts/CollectableBolt (145),CollectableBolt,233382,level15,
level15:233383,Winter,Bolt,CollectableBolt (60),-885.674011,60.936001,419.730011,,,,True,True,,,CollectableBolt (60),Environment/Collectables/Bolts/CollectableBolt (60),CollectableBolt,233383,level15,
level15:233384,Winter,Bolt,CollectableBolt (149),-844.382242,221.579057,156.858453,,,level15:225459,True,False,,,CollectableBolt (149),Environment/MISC/Chests/SM_Prop_Chest_Wood_01 (5)/Bolt Holder/CollectableBolt (149),CollectableBolt,233384,level15,
level15:233385,Winter,Bolt,CollectableBolt (108),-553.935974,26.552,-272.509003,,,,True,True,,,CollectableBolt (108),Environment/Collectables/Bolts/CollectableBolt (108),CollectableBolt,233385,level15,
level15:233386,Winter,Bolt,CollectableBolt (66),-366.018005,1.646,187.458998,,,,True,False,,,CollectableBolt (66),Environment/Manmade/Residential/Farms/Gardening Club/FlowerTrigger/Flower Holder/CollectableBolt (66),CollectableBolt,233386,level15,
level15:233387,Winter,Bolt,CollectableBolt (38),-801.809998,16.5,-233.229996,,,,True,True,,,CollectableBolt (38),Environment/Collectables/Bolts/CollectableBolt (38),CollectableBolt,233387,level15,
level15:233388,Winter,Bolt,CollectableBolt (150),-352.88643,24.331043,268.902422,,,level15:225538,True,False,,,CollectableBolt (150),Environment/MISC/Chests/Other Chests/Chests (1)/SM_Prop_Chest_Wood_01 (10)/Bolt Holder/CollectableBolt (150),CollectableBolt,233388,level15,
level15:233389,Winter,Bolt,CollectableBolt (149),-860.788764,14.854277,261.697364,,,level15:225125,True,False,,,CollectableBolt (149),Environment/MISC/Chests/Other Chests/Chests (1)/SM_Prop_Chest_Wood_01 (22)/Bolt Holder/CollectableBolt (149),CollectableBolt,233389,level15,
level15:233390,Winter,Bolt,CollectableBolt (149),-671.87069,0.443064,-67.57708,,,level15:225119,True,False,,,CollectableBolt (149),Environment/MISC/Chests/SM_Prop_Chest_Wood_01 (3)/Bolt Holder/CollectableBolt (149),CollectableBolt,233390,level15,
level15:233391,Winter,Bolt,CollectableBolt (35),-741.971008,8.478,-331.858002,,,,True,True,,,CollectableBolt (35),Environment/Collectables/Bolts/CollectableBolt (35),CollectableBolt,233391,level15,
level15:233392,Winter,Bolt,CollectableBolt (150),-837.866595,12.036278,-239.335174,,,level15:225452,True,False,,,CollectableBolt (150),Environment/MISC/Chests/Other Chests/Chests (1)/SM_Prop_Chest_Wood_01 (20)/Bolt Holder/CollectableBolt (150),CollectableBolt,233392,level15,
level15:233393,Winter,Bolt,CollectableBolt (72),-297.137787,0.24,42.360001,,,level15:235521,True,False,,,CollectableBolt (72),Environment/MISC/Suitcase/suitcase-big (Bolts) (4)/Container OBJ/CollectableBolt (72),CollectableBolt,233393,level15,
level15:233394,Winter,Bolt,CollectableBolt (59),-866.145996,67.393997,526.171021,,,,True,True,,,CollectableBolt (59),Environment/Collectables/Bolts/CollectableBolt (59),CollectableBolt,233394,level15,
level15:233395,Winter,Bolt,CollectableBolt (146),-533.35498,27.914,260.438995,,,,True,True,,,CollectableBolt (146),Environment/Collectables/Bolts/CollectableBolt (146),CollectableBolt,233395,level15,
level15:233396,Winter,Bolt,CollectableBolt (104),-546.650024,13.76,-355.790009,,,,True,True,,,CollectableBolt (104),Environment/Collectables/Bolts/CollectableBolt (104),CollectableBolt,233396,level15,
level15:233397,Winter,Bolt,CollectableBolt (90),-583.150024,365.709991,462.970001,,,,True,True,,,CollectableBolt (90),Environment/Collectables/Bolts/CollectableBolt (90),CollectableBolt,233397,level15,
level15:233398,Winter,Bolt,CollectableBolt (150),-844.336862,221.579058,157.390622,,,level15:225459,True,False,,,CollectableBolt (150),Environment/MISC/Chests/SM_Prop_Chest_Wood_01 (5)/Bolt Holder/CollectableBolt (150),CollectableBolt,233398,level15,
level15:233399,Winter,Bolt,CollectableBolt (150),-612.794662,171.938065,-118.778752,,,level15:225680,True,False,,,CollectableBolt (150),Environment/MISC/Chests/SM_Prop_Chest_Wood_01 (8)/Bolt Holder/CollectableBolt (150),CollectableBolt,233399,level15,
level15:233400,Winter,Bolt,CollectableBolt (1),-73.920998,10.549,-10.186,,,,True,True,,,CollectableBolt (1),Environment/Collectables/Bolts/CollectableBolt (1),CollectableBolt,233400,level15,
level15:233401,Winter,Bolt,CollectableBolt (111),-876.794678,22.806,22.926392,,,,True,True,,,CollectableBolt (111),Environment/Collectables/Bolts/CollectableBolt (111),CollectableBolt,233401,level15,
level15:233402,Winter,Bolt,CollectableBolt (100),-104.236,42.457001,-290.428986,,,,True,True,,,CollectableBolt (100),Environment/Collectables/Bolts/CollectableBolt (100),CollectableBolt,233402,level15,
level15:233403,Winter,Bolt,CollectableBolt (69),-370.273986,1.77,191.568999,,,,True,False,,,CollectableBolt (69),Environment/Manmade/Residential/Farms/Gardening Club/FlowerTrigger/Flower Holder/CollectableBolt (69),CollectableBolt,233403,level15,
level15:233404,Winter,Bolt,CollectableBolt (52),-458.549011,89.500999,417.570007,,,,True,True,,,CollectableBolt (52),Environment/Collectables/Bolts/CollectableBolt (52),CollectableBolt,233404,level15,
level15:233405,Winter,Bolt,CollectableBolt (128),-626.35199,133.600006,422.960999,,,,True,True,,,CollectableBolt (128),Environment/Collectables/Bolts/CollectableBolt (128),CollectableBolt,233405,level15,
level15:233406,Winter,Bolt,CollectableBolt (23),-157.268005,10.679,-2.553,,,,True,True,,,CollectableBolt (23),Environment/Collectables/Bolts/CollectableBolt (23),CollectableBolt,233406,level15,
level15:233407,Winter,Bolt,CollectableBolt (149),-540.66482,5.380005,-306.13541,,,level15:225912,True,False,,,CollectableBolt (149),Environment/MISC/Chests/Other Chests/Chests (1)/SM_Prop_Chest_Wood_01 (18)/Bolt Holder/CollectableBolt (149),CollectableBolt,233407,level15,
level15:233408,Winter,Bolt,CollectableBolt (70),-362.109984,1.48,185.240004,,,,True,False,,,CollectableBolt (70),Environment/Manmade/Residential/Farms/Gardening Club/FlowerTrigger/Flower Holder/CollectableBolt (70),CollectableBolt,233408,level15,
level15:233409,Winter,Bolt,CollectableBolt (63),-823.312988,92.286003,514.323975,,,,True,True,,,CollectableBolt (63),Environment/Collectables/Bolts/CollectableBolt (63),CollectableBolt,233409,level15,
level15:233410,Winter,Bolt,CollectableBolt (142),-167.639999,14.53,-355.100006,,,,True,True,,,CollectableBolt (142),Environment/Collectables/Bolts/CollectableBolt (142),CollectableBolt,233410,level15,
level15:233411,Winter,Bolt,CollectableBolt (96),-57.743999,8.455,-66.707001,,,,True,True,,,CollectableBolt (96),Environment/Collectables/Bolts/CollectableBolt (96),CollectableBolt,233411,level15,
level15:233412,Winter,Bolt,CollectableBolt (124),-197.882004,0.854,539.914001,,,,True,True,,,CollectableBolt (124),Environment/Collectables/Bolts/CollectableBolt (124),CollectableBolt,233412,level15,
level15:233413,Winter,Bolt,CollectableBolt (149),-61.66799,0.657004,-59.781431,,,level15:225794,True,False,,,CollectableBolt (149),Environment/MISC/Chests/Other Chests/Chests (1)/SM_Prop_Chest_Wood_01 (14)/Bolt Holder/CollectableBolt (149),CollectableBolt,233413,level15,
level15:233414,Winter,Bolt,CollectableBolt (137),-70.677002,2.661,513.965027,,,,True,True,,,CollectableBolt (137),Environment/Collectables/Bolts/CollectableBolt (137),CollectableBolt,233414,level15,
level15:233415,Winter,Bolt,CollectableBolt (150),-583.154674,340.810915,492.469947,,,level15:225617,True,False,,,CollectableBolt (150),Environment/MISC/Chests/Other Chests/Chests (1)/SM_Prop_Chest_Wood_01 (25)/Bolt Holder/CollectableBolt (150),CollectableBolt,233415,level15,
level15:233416,Winter,Bolt,CollectableBolt (67),-455.559998,42.830002,334.109985,,,,True,True,,,CollectableBolt (67),Environment/Collectables/Bolts/CollectableBolt (67),CollectableBolt,233416,level15,
level15:233417,Winter,Bolt,CollectableBolt (7),-348.651001,1.351,384.320007,,,,True,True,,,CollectableBolt (7),Environment/Collectables/Bolts/CollectableBolt (7),CollectableBolt,233417,level15,
level15:233418,Winter,Bolt,CollectableBolt (150),-634.268812,201.08089,244.125546,,,level15:225599,True,False,,,CollectableBolt (150),Environment/MISC/Chests/Other Chests/Chests (1)/SM_Prop_Chest_Wood_01 (1)/Bolt Holder/CollectableBolt (150),CollectableBolt,233418,level15,
level15:233419,Winter,Bolt,CollectableBolt (64),-871.192932,76.22863,452.062439,,,,True,True,,,CollectableBolt (64),Environment/Collectables/Bolts/CollectableBolt (64),CollectableBolt,233419,level15,
level15:233420,Winter,Bolt,CollectableBolt (77),-522.086975,7.548,-366.075012,,,,True,True,,,CollectableBolt (77),Environment/Collectables/Bolts/CollectableBolt (77),CollectableBolt,233420,level15,
level15:233421,Winter,Bolt,CollectableBolt (89),-633.340027,238.949997,471.779999,,,,True,True,,,CollectableBolt (89),Environment/Collectables/Bolts/CollectableBolt (89),CollectableBolt,233421,level15,
level15:233422,Winter,Bolt,CollectableBolt (149),-612.752149,171.796149,-119.246576,,,level15:225680,True,False,,,CollectableBolt (149),Environment/MISC/Chests/SM_Prop_Chest_Wood_01 (8)/Bolt Holder/CollectableBolt (149),CollectableBolt,233422,level15,
level15:233423,Winter,Bolt,CollectableBolt (92),-435.982819,62.92318,519.50531,,,,True,True,,,CollectableBolt (92),Environment/Collectables/Bolts/CollectableBolt (92),CollectableBolt,233423,level15,
level15:233424,Winter,Bolt,CollectableBolt (150),-539.913473,5.39098,-306.064443,,,level15:225912,True,False,,,CollectableBolt (150),Environment/MISC/Chests/Other Chests/Chests (1)/SM_Prop_Chest_Wood_01 (18)/Bolt Holder/CollectableBolt (150),CollectableBolt,233424,level15,
level15:233425,Winter,Bolt,CollectableBolt (150),-61.270236,0.66826,-60.422793,,,level15:225794,True,False,,,CollectableBolt (150),Environment/MISC/Chests/Other Chests/Chests (1)/SM_Prop_Chest_Wood_01 (14)/Bolt Holder/CollectableBolt (150),CollectableBolt,233425,level15,
level15:233426,Winter,Bolt,CollectableBolt (149),-634.233505,201.080889,244.710647,,,level15:225599,True,False,,,CollectableBolt (149),Environment/MISC/Chests/Other Chests/Chests (1)/SM_Prop_Chest_Wood_01 (1)/Bolt Holder/CollectableBolt (149),CollectableBolt,233426,level15,
level15:233427,Winter,Bolt,CollectableBolt (149),-582.736127,340.740805,491.845781,,,level15:225617,True,False,,,CollectableBolt (149),Environment/MISC/Chests/Other Chests/Chests (1)/SM_Prop_Chest_Wood_01 (25)/Bolt Holder/CollectableBolt (149),CollectableBolt,233427,level15,
level15:233428,Winter,Bolt,CollectableBolt (140),-197.727219,4.081846,-310.047028,,,,True,True,,,CollectableBolt (140),Environment/Collectables/Bolts/CollectableBolt (140),CollectableBolt,233428,level15,
level15:233429,Winter,Bolt,CollectableBolt (125),-127.863998,8.059,490.252014,,,,True,True,,,CollectableBolt (125),Environment/Collectables/Bolts/CollectableBolt (125),CollectableBolt,233429,level15,
level15:233430,Winter,Bolt,CollectableBolt (9),-390.677002,4.665,6.105,,,,True,True,,,CollectableBolt (9),Environment/Collectables/Bolts/CollectableBolt (9),CollectableBolt,233430,level15,
level15:233431,Winter,Bolt,CollectableBolt (150),-618.189487,1.010931,293.710744,,,level15:227490,True,False,,,CollectableBolt (150),Environment/MISC/Chests/SM_Prop_Chest_Wood_01 (6)/Bolt Holder/CollectableBolt (150),CollectableBolt,233431,level15,
level15:233432,Winter,Bolt,CollectableBolt (118),-694.610657,69.596008,353.484344,,,,True,True,,,CollectableBolt (118),Environment/Collectables/Bolts/CollectableBolt (118),CollectableBolt,233432,level15,
level15:233433,Winter,Bolt,CollectableBolt (150),-472.350538,6.310559,233.690758,,,level15:227551,True,False,,,CollectableBolt (150),Environment/MISC/Chests/Other Chests/Chests (1)/SM_Prop_Chest_Wood_01 (2)/Bolt Holder/CollectableBolt (150),CollectableBolt,233433,level15,
level15:233434,Winter,Bolt,CollectableBolt (72),-659.521599,0.211907,-39.100139,,,level15:235528,True,False,,,CollectableBolt (72),Environment/MISC/Suitcase/suitcase-big (Bolts)/Container OBJ/CollectableBolt (72),CollectableBolt,233434,level15,
level15:233435,Winter,Bolt,CollectableBolt (149),13.938487,2.518765,284.405176,,,level15:227758,True,False,,,CollectableBolt (149),Environment/MISC/Chests/Other Chests/Chests (1)/SM_Prop_Chest_Wood_01 (13)/Bolt Holder/CollectableBolt (149),CollectableBolt,233435,level15,
level15:233436,Winter,Bolt,CollectableBolt (5),-338.591003,19.261,217.697006,,,,True,True,,,CollectableBolt (5),Environment/Collectables/Bolts/CollectableBolt (5),CollectableBolt,233436,level15,
level15:233437,Winter,Bolt,CollectableBolt (57),-730.039978,77.699997,533.710022,,,,True,True,,,CollectableBolt (57),Environment/Collectables/Bolts/CollectableBolt (57),CollectableBolt,233437,level15,
level15:233438,Winter,Bolt,CollectableBolt (149),-622.198479,220.387768,-133.575306,,,level15:227603,True,False,,,CollectableBolt (149),Environment/MISC/Chests/Other Chests/Chests (1)/SM_Prop_Chest_Wood_01 (7)/Bolt Holder/CollectableBolt (149),CollectableBolt,233438,level15,
level15:233439,Winter,Bolt,CollectableBolt (149),-302.512444,15.245588,-28.584121,,,level15:227629,True,False,,,CollectableBolt (149),Environment/MISC/Chests/Other Chests/Chests (1)/SM_Prop_Chest_Wood_01 (9)/Bolt Holder/CollectableBolt (149),CollectableBolt,233439,level15,
level15:233440,Winter,Bolt,CollectableBolt (120),-518.150024,33.950001,-135.729996,,,,True,True,,,CollectableBolt (120),Environment/Collectables/Bolts/CollectableBolt (120),CollectableBolt,233440,level15,
level15:233441,Winter,Bolt,CollectableBolt (13),-158.533997,12.423,490.705994,,,,True,True,,,CollectableBolt (13),Environment/Collectables/Bolts/CollectableBolt (13),CollectableBolt,233441,level15,
level15:233442,Winter,Bolt,CollectableBolt (138),-236.705002,8.166,551.729004,,,,True,True,,,CollectableBolt (138),Environment/Collectables/Bolts/CollectableBolt (138),CollectableBolt,233442,level15,
level15:233443,Winter,Bolt,CollectableBolt (149),-618.019532,0.986786,294.216507,,,level15:227490,True,False,,,CollectableBolt (149),Environment/MISC/Chests/SM_Prop_Chest_Wood_01 (6)/Bolt Holder/CollectableBolt (149),CollectableBolt,233443,level15,
level15:233444,Winter,Bolt,CollectableBolt (105),-707.898987,7.771,-317.114014,,,,True,True,,,CollectableBolt (105),Environment/Collectables/Bolts/CollectableBolt (105),CollectableBolt,233444,level15,
level15:233445,Winter,Bolt,CollectableBolt (110),-881.955017,50.717999,-118.407997,,,,True,True,,,CollectableBolt (110),Environment/Collectables/Bolts/CollectableBolt (110),CollectableBolt,233445,level15,
level15:233446,Winter,Bolt,CollectableBolt (123),-252.848007,4.963,490.075012,,,,True,True,,,CollectableBolt (123),Environment/Collectables/Bolts/CollectableBolt (123),CollectableBolt,233446,level15,
level15:233447,Winter,Bolt,CollectableBolt (150),14.012269,2.41849,283.660742,,,level15:227758,True,False,,,CollectableBolt (150),Environment/MISC/Chests/Other Chests/Chests (1)/SM_Prop_Chest_Wood_01 (13)/Bolt Holder/CollectableBolt (150),CollectableBolt,233447,level15,
level15:233448,Winter,Bolt,CollectableBolt (149),-472.345551,6.310558,234.373112,,,level15:227551,True,False,,,CollectableBolt (149),Environment/MISC/Chests/Other Chests/Chests (1)/SM_Prop_Chest_Wood_01 (2)/Bolt Holder/CollectableBolt (149),CollectableBolt,233448,level15,
level15:233449,Winter,Bolt,CollectableBolt (141),-345.60083,3.735725,-334.071228,,,,True,True,,,CollectableBolt (141),Environment/Collectables/Bolts/CollectableBolt (141),CollectableBolt,233449,level15,
level15:233450,Winter,Bolt,CollectableBolt (73),-160.199997,151.25,-99.779999,,,,True,True,,,CollectableBolt (73),Environment/Collectables/Bolts/CollectableBolt (73),CollectableBolt,233450,level15,
level15:233451,Winter,Bolt,CollectableBolt (150),-622.635425,220.58346,-132.991814,,,level15:227603,True,False,,,CollectableBolt (150),Environment/MISC/Chests/Other Chests/Chests (1)/SM_Prop_Chest_Wood_01 (7)/Bolt Holder/CollectableBolt (150),CollectableBolt,233451,level15,
level15:233452,Winter,Bolt,CollectableBolt (150),-302.31836,15.294926,-27.856401,,,level15:227629,True,False,,,CollectableBolt (150),Environment/MISC/Chests/Other Chests/Chests (1)/SM_Prop_Chest_Wood_01 (9)/Bolt Holder/CollectableBolt (150),CollectableBolt,233452,level15,
level15:233453,Winter,Bolt,CollectableBolt (12),13.636,1.761,399.088989,,,,True,True,,,CollectableBolt (12),Environment/Collectables/Bolts/CollectableBolt (12),CollectableBolt,233453,level15,
level15:233454,Winter,Bolt,CollectableBolt (133),-617.976013,84.035004,184.886993,,,,True,True,,,CollectableBolt (133),Environment/Collectables/Bolts/CollectableBolt (133),CollectableBolt,233454,level15,
level15:233455,Winter,Bolt,CollectableBolt (68),-371.730011,1.67,186.740004,,,,True,False,,,CollectableBolt (68),Environment/Manmade/Residential/Farms/Gardening Club/FlowerTrigger/Flower Holder/CollectableBolt (68),CollectableBolt,233455,level15,
level15:233456,Winter,Bolt,CollectableBolt (33),-599.159973,22.459999,-165.940002,,,,True,True,,,CollectableBolt (33),Environment/Collectables/Bolts/CollectableBolt (33),CollectableBolt,233456,level15,
level15:233457,Winter,Bolt,CollectableBolt (131),-601.549011,344.520996,495.735992,,,,True,True,,,CollectableBolt (131),Environment/Collectables/Bolts/CollectableBolt (131),CollectableBolt,233457,level15,
level15:233458,Winter,Bolt,CollectableBolt (119),-681.249451,89.320168,364.913269,,,,True,True,,,CollectableBolt (119),Environment/Collectables/Bolts/CollectableBolt (119),CollectableBolt,233458,level15,
level15:233459,Winter,Bolt,CollectableBolt (132),-745.697021,19.455,124.001999,,,,True,True,,,CollectableBolt (132),Environment/Collectables/Bolts/CollectableBolt (132),CollectableBolt,233459,level15,
level15:233460,Winter,Bolt,CollectableBolt (26),-63.380001,7.77,-114.003998,,,,True,True,,,CollectableBolt (26),Environment/Collectables/Bolts/CollectableBolt (26),CollectableBolt,233460,level15,
level15:233461,Winter,Bolt,CollectableBolt (99),-165.050003,40.989208,-297.680878,,,,True,True,,,CollectableBolt (99),Environment/Collectables/Bolts/CollectableBolt (99),CollectableBolt,233461,level15,
level15:233462,Winter,Bolt,CollectableBolt (149),-356.753978,1.598277,165.026311,,,level15:228034,True,False,,,CollectableBolt (149),Environment/MISC/Chests/Other Chests/Chests (1)/SM_Prop_Chest_Wood_01 (8)/Bolt Holder/CollectableBolt (149),CollectableBolt,233462,level15,
level15:233463,Winter,Bolt,CollectableBolt (21),-296.559998,6.675,18.504,,,,True,True,,,CollectableBolt (21),Environment/Collectables/Bolts/CollectableBolt (21),CollectableBolt,233463,level15,
level15:233464,Winter,Bolt,CollectableBolt (147),-773.746155,30.967949,56.02681,,,,True,True,,,CollectableBolt (147),Environment/Collectables/Bolts/CollectableBolt (147),CollectableBolt,233464,level15,
level15:233465,Winter,Bolt,CollectableBolt (49),-501.220825,7.627789,292.44162,,,,True,True,,,CollectableBolt (49),Environment/Collectables/Bolts/CollectableBolt (49),CollectableBolt,233465,level15,
level15:233466,Winter,Bolt,CollectableBolt (150),-102.023291,5.608072,334.194315,,,level15:227890,True,False,,,CollectableBolt (150),Environment/MISC/Chests/SM_Prop_Chest_Wood_01 (1)/Bolt Holder/CollectableBolt (150),CollectableBolt,233466,level15,
level15:233467,Winter,Bolt,CollectableBolt (150),-825.76276,12.886707,189.306701,,,level15:227774,True,False,,,CollectableBolt (150),Environment/MISC/Chests/SM_Prop_Chest_Wood_01 (5)/Bolt Holder/CollectableBolt (150),CollectableBolt,233467,level15,
level15:233468,Winter,Bolt,CollectableBolt (72),-838.546724,0.239911,145.667036,,,level15:235519,True,False,,,CollectableBolt (72),Environment/MISC/Suitcase/suitcase-big (Bolts) (1)/Container OBJ/CollectableBolt (72),CollectableBolt,233468,level15,
level15:233469,Winter,Bolt,CollectableBolt (149),-898.231222,1.751361,115.229958,,,level15:227988,True,False,,,CollectableBolt (149),Environment/MISC/Chests/Other Chests/Chests (1)/SM_Prop_Chest_Wood_01 (21)/Bolt Holder/CollectableBolt (149),CollectableBolt,233469,level15,
level15:233470,Winter,Bolt,CollectableBolt (129),-651.72998,123.650002,437.130005,,,,True,True,,,CollectableBolt (129),Environment/Collectables/Bolts/CollectableBolt (129),CollectableBolt,233470,level15,
level15:233471,Winter,Bolt,CollectableBolt (54),-485.454987,73.702003,467.041992,,,,True,True,,,CollectableBolt (54),Environment/Collectables/Bolts/CollectableBolt (54),CollectableBolt,233471,level15,
level15:233472,Winter,Bolt,CollectableBolt (149),-827.678786,270.036949,-302.935045,,,level15:228008,True,False,,,CollectableBolt (149),Environment/MISC/Chests/SM_Prop_Chest_Wood_01 (9)/Bolt Holder/CollectableBolt (149),CollectableBolt,233472,level15,
level15:233473,Winter,Bolt,CollectableBolt (101),-278.221985,5.527,-297.050995,,,,True,True,,,CollectableBolt (101),Environment/Collectables/Bolts/CollectableBolt (101),CollectableBolt,233473,level15,
level15:233474,Winter,Bolt,CollectableBolt (14),-195.399994,5.85,487.640015,,,,True,True,,,CollectableBolt (14),Environment/Collectables/Bolts/CollectableBolt (14),CollectableBolt,233474,level15,
level15:233475,Winter,Bolt,CollectableBolt (109),-884.745972,69.933998,-147.960999,,,,True,True,,,CollectableBolt (109),Environment/Collectables/Bolts/CollectableBolt (109),CollectableBolt,233475,level15,
level15:233476,Winter,Bolt,CollectableBolt (84),-864.642029,107.060997,146.076004,,,,False,False,,,CollectableBolt (84),Environment/Collectables/Bolts/CollectableBolt (84),CollectableBolt,233476,level15,
level15:233477,Winter,Bolt,CollectableBolt (148),-138.408997,76.925003,-255.371002,,,,True,True,,,CollectableBolt (148),Environment/Collectables/Bolts/CollectableBolt (148),CollectableBolt,233477,level15,
level15:233478,Winter,Bolt,CollectableBolt (80),-637.179993,204.292999,152.546005,,,,False,False,,,CollectableBolt (80),Environment/Collectables/Bolts/CollectableBolt (80),CollectableBolt,233478,level15,
level15:233479,Winter,Bolt,CollectableBolt (150),-356.480393,1.598278,164.322868,,,level15:228034,True,False,,,CollectableBolt (150),Environment/MISC/Chests/Other Chests/Chests (1)/SM_Prop_Chest_Wood_01 (8)/Bolt Holder/CollectableBolt (150),CollectableBolt,233479,level15,
level15:233480,Winter,Bolt,CollectableBolt (10),-58.877998,13.216,163.386002,,,,True,True,,,CollectableBolt (10),Environment/Collectables/Bolts/CollectableBolt (10),CollectableBolt,233480,level15,
level15:233481,Winter,Bolt,CollectableBolt (149),-101.736144,5.460685,334.795526,,,level15:227890,True,False,,,CollectableBolt (149),Environment/MISC/Chests/SM_Prop_Chest_Wood_01 (1)/Bolt Holder/CollectableBolt (149),CollectableBolt,233481,level15,
level15:233482,Winter,Bolt,CollectableBolt (4),-213.845001,7.405,-75.399002,,,,True,True,,,CollectableBolt (4),Environment/Collectables/Bolts/CollectableBolt (4),CollectableBolt,233482,level15,
level15:233483,Winter,Bolt,CollectableBolt (34),-682.372986,2.188,-196.014999,,,,True,True,,,CollectableBolt (34),Environment/Collectables/Bolts/CollectableBolt (34),CollectableBolt,233483,level15,
level15:233484,Winter,Bolt,CollectableBolt (73),-297.137787,0.24,42.360001,,,level15:235521,True,False,,,CollectableBolt (73),Environment/MISC/Suitcase/suitcase-big (Bolts) (4)/Container OBJ/CollectableBolt (73),CollectableBolt,233484,level15,
level15:233485,Winter,Bolt,CollectableBolt (106),-709.036011,26.267,-142.828003,,,,True,True,,,CollectableBolt (106),Environment/Collectables/Bolts/CollectableBolt (106),CollectableBolt,233485,level15,
level15:233486,Winter,Bolt,CollectableBolt (149),-826.176236,12.957249,188.976057,,,level15:227774,True,False,,,CollectableBolt (149),Environment/MISC/Chests/SM_Prop_Chest_Wood_01 (5)/Bolt Holder/CollectableBolt (149),CollectableBolt,233486,level15,
level15:233487,Winter,Bolt,CollectableBolt (114),-788.630981,26.212,79.908997,,,,True,True,,,CollectableBolt (114),Environment/Collectables/Bolts/CollectableBolt (114),CollectableBolt,233487,level15,
level15:233488,Winter,Bolt,CollectableBolt (29),-224.322266,7.123489,-314.749451,,,,False,False,,,CollectableBolt (29),Environment/Collectables/Bolts/CollectableBolt (29),CollectableBolt,233488,level15,
level15:233489,Winter,Bolt,CollectableBolt (150),-828.173912,269.997573,-302.73867,,,level15:228008,True,False,,,CollectableBolt (150),Environment/MISC/Chests/SM_Prop_Chest_Wood_01 (9)/Bolt Holder/CollectableBolt (150),CollectableBolt,233489,level15,
level15:233490,Winter,Bolt,CollectableBolt (83),-603.882019,328.436005,189.393997,,,,True,True,,,CollectableBolt (83),Environment/Collectables/Bolts/CollectableBolt (83),CollectableBolt,233490,level15,
level15:233491,Winter,Bolt,CollectableBolt (150),-898.270008,1.738146,115.983617,,,level15:227988,True,False,,,CollectableBolt (150),Environment/MISC/Chests/Other Chests/Chests (1)/SM_Prop_Chest_Wood_01 (21)/Bolt Holder/CollectableBolt (150),CollectableBolt,233491,level15,
level15:233492,Winter,Bolt,CollectableBolt (150),-94.337241,174.686908,397.741082,,,level15:226785,True,False,,,CollectableBolt (150),Environment/MISC/Chests/SM_Prop_Chest_Wood_01 (6)/Bolt Holder/CollectableBolt (150),CollectableBolt,233492,level15,
level15:233493,Winter,Bolt,CollectableBolt (112),-910.690002,4.737,70.207001,,,,True,True,,,CollectableBolt (112),Environment/Collectables/Bolts/CollectableBolt (112),CollectableBolt,233493,level15,
level15:233494,Winter,Bolt,CollectableBolt (85),-851.466003,106.207001,127.033997,,,,True,True,,,CollectableBolt (85),Environment/Collectables/Bolts/CollectableBolt (85),CollectableBolt,233494,level15,
level15:233495,Winter,Bolt,CollectableBolt (76),-563.23999,246.509995,-351.600006,,,,True,True,,,CollectableBolt (76),Environment/Collectables/Bolts/CollectableBolt (76),CollectableBolt,233495,level15,
level15:233496,Winter,Bolt,CollectableBolt (144),-320.790009,1.61,-362.829987,,,,True,True,,,CollectableBolt (144),Environment/Collectables/Bolts/CollectableBolt (144),CollectableBolt,233496,level15,
level15:233497,Winter,Bolt,CollectableBolt (73),-175.223935,1.912548,252.181457,,,level15:235525,True,False,,,CollectableBolt (73),Environment/MISC/Suitcase/suitcase-big (Bolts) (2)/Container OBJ/CollectableBolt (73),CollectableBolt,233497,level15,
level15:233498,Winter,Bolt,CollectableBolt (116),-610.421997,6.647,201.091995,,,,True,True,,,CollectableBolt (116),Environment/Collectables/Bolts/CollectableBolt (116),CollectableBolt,233498,level15,
level15:233499,Winter,Bolt,CollectableBolt (127),-900.193909,197.914612,164.662918,,,,True,True,,,CollectableBolt (127),Environment/Collectables/Bolts/CollectableBolt (127),CollectableBolt,233499,level15,
level15:233500,Winter,Bolt,CollectableBolt (36),-735.780029,14.75,-416.350006,,,,True,True,,,CollectableBolt (36),Environment/Collectables/Bolts/CollectableBolt (36),CollectableBolt,233500,level15,
level15:233501,Winter,Bolt,CollectableBolt (28),-163.214996,25.362,-184.447998,,,,True,True,,,CollectableBolt (28),Environment/Collectables/Bolts/CollectableBolt (28),CollectableBolt,233501,level15,
level15:233502,Winter,Bolt,CollectableBolt (139),-108.913002,6.731,-344.619995,,,,True,True,,,CollectableBolt (139),Environment/Collectables/Bolts/CollectableBolt (139),CollectableBolt,233502,level15,
level15:233503,Winter,Bolt,CollectableBolt (149),-332.748952,9.056885,66.487095,,,level15:226878,True,False,,,CollectableBolt (149),Environment/MISC/Chests/SM_Prop_Chest_Wood_01 (2)/Bolt Holder/CollectableBolt (149),CollectableBolt,233503,level15,
level15:233504,Winter,Bolt,CollectableBolt (149),-429.923219,64.965495,-44.78172,,,level15:226888,True,False,,,CollectableBolt (149),Environment/MISC/Chests/SM_Prop_Chest_Wood_01 (3)/Bolt Holder/CollectableBolt (149),CollectableBolt,233504,level15,
level15:233505,Winter,Bolt,CollectableBolt (150),-162.984242,20.592109,-173.943721,,,level15:226742,True,False,,,CollectableBolt (150),Environment/MISC/Chests/Other Chests/Chests (1)/SM_Prop_Chest_Wood_01 (15)/Bolt Holder/CollectableBolt (150),CollectableBolt,233505,level15,
level15:233506,Winter,Bolt,CollectableBolt (97),-90.650002,15.336,-110.980003,,,,True,True,,,CollectableBolt (97),Environment/Collectables/Bolts/CollectableBolt (97),CollectableBolt,233506,level15,
level15:233507,Winter,Bolt,CollectableBolt (149),-57.709921,2.648309,515.787697,,,level15:226883,True,False,,,CollectableBolt (149),Environment/MISC/Chests/Other Chests/Chests (1)/SM_Prop_Chest_Wood_01 (12)/Bolt Holder/CollectableBolt (149),CollectableBolt,233507,level15,
level15:233508,Winter,Bolt,CollectableBolt (150),-267.196213,28.503279,357.747908,,,level15:226752,True,False,,,CollectableBolt (150),Environment/MISC/Chests/Other Chests/Chests (1)/SM_Prop_Chest_Wood_01 (11)/Bolt Holder/CollectableBolt (150),CollectableBolt,233508,level15,
level15:233509,Winter,Bolt,CollectableBolt (113),-787.083008,33.598,32.396999,,,,True,True,,,CollectableBolt (113),Environment/Collectables/Bolts/CollectableBolt (113),CollectableBolt,233509,level15,
level15:233510,Winter,Bolt,CollectableBolt (19),-340.972992,6.578,133.608002,,,,True,True,,,CollectableBolt (19),Environment/Collectables/Bolts/CollectableBolt (19),CollectableBolt,233510,level15,
level15:233511,Winter,Bolt,CollectableBolt (149),-94.864712,174.664257,397.660301,,,level15:226785,True,False,,,CollectableBolt (149),Environment/MISC/Chests/SM_Prop_Chest_Wood_01 (6)/Bolt Holder/CollectableBolt (149),CollectableBolt,233511,level15,
level15:233512,Winter,Bolt,CollectableBolt (82),-316.978709,0.900511,484.923547,,,level15:235536,True,False,,,CollectableBolt (82),suitcase-big (14)/Container OBJ/CollectableBolt (82),CollectableBolt,233512,level15,
level15:233513,Winter,Bolt,CollectableBolt (69),-274.609985,130.589996,199.75,,,,True,True,,,CollectableBolt (69),Environment/Collectables/Bolts/CollectableBolt (69),CollectableBolt,233513,level15,
level15:233514,Winter,Bolt,CollectableBolt (107),-474.158997,24.785999,-256.843994,,,,True,True,,,CollectableBolt (107),Environment/Collectables/Bolts/CollectableBolt (107),CollectableBolt,233514,level15,
level15:233515,Winter,Bolt,CollectableBolt (15),-315.515991,0.698,484.571014,,,,True,True,,,CollectableBolt (15),Environment/Collectables/Bolts/CollectableBolt (15),CollectableBolt,233515,level15,
level15:233516,Winter,Bolt,CollectableBolt (68),-245.610001,60.639999,174.559998,,,,True,True,,,CollectableBolt (68),Environment/Collectables/Bolts/CollectableBolt (68),CollectableBolt,233516,level15,
level15:233517,Winter,Bolt,CollectableBolt (150),-332.751806,9.056886,66.977808,,,level15:226878,True,False,,,CollectableBolt (150),Environment/MISC/Chests/SM_Prop_Chest_Wood_01 (2)/Bolt Holder/CollectableBolt (150),CollectableBolt,233517,level15,
level15:233518,Winter,Bolt,CollectableBolt (66),-847.349976,0.895,155.822998,,,,True,True,,,CollectableBolt (66),Environment/Collectables/Bolts/CollectableBolt (66),CollectableBolt,233518,level15,
level15:233519,Winter,Bolt,CollectableBolt (149),-267.19623,28.503278,358.50268,,,level15:226752,True,False,,,CollectableBolt (149),Environment/MISC/Chests/Other Chests/Chests (1)/SM_Prop_Chest_Wood_01 (11)/Bolt Holder/CollectableBolt (149),CollectableBolt,233519,level15,
level15:233520,Winter,Bolt,CollectableBolt (150),-57.131811,2.644297,516.272931,,,level15:226883,True,False,,,CollectableBolt (150),Environment/MISC/Chests/Other Chests/Chests (1)/SM_Prop_Chest_Wood_01 (12)/Bolt Holder/CollectableBolt (150),CollectableBolt,233520,level15,
level15:233521,Winter,Bolt,CollectableBolt (6),-252.835007,22.691999,310.147003,,,,True,True,,,CollectableBolt (6),Environment/Collectables/Bolts/CollectableBolt (6),CollectableBolt,233521,level15,
level15:233522,Winter,Bolt,CollectableBolt (150),-430.410003,64.917217,-44.742765,,,level15:226888,True,False,,,CollectableBolt (150),Environment/MISC/Chests/SM_Prop_Chest_Wood_01 (3)/Bolt Holder/CollectableBolt (150),CollectableBolt,233522,level15,
level15:233523,Winter,Bolt,CollectableBolt (149),-163.056066,20.611793,-174.69481,,,level15:226742,True,False,,,CollectableBolt (149),Environment/MISC/Chests/Other Chests/Chests (1)/SM_Prop_Chest_Wood_01 (15)/Bolt Holder/CollectableBolt (149),CollectableBolt,233523,level15,
level15:233524,Winter,Bolt,CollectableBolt (25),-38.580002,3.228,-31.687,,,,True,True,,,CollectableBolt (25),Environment/Collectables/Bolts/CollectableBolt (25),CollectableBolt,233524,level15,
level15:233525,Winter,Bolt,CollectableBolt (40),-553.484802,41.870998,-179.396973,,,,True,True,,,CollectableBolt (40),Environment/Collectables/Bolts/CollectableBolt (40),CollectableBolt,233525,level15,
level15:233526,Winter,Bolt,CollectableBolt (45),-714.947998,8.099,239.126007,,,,True,True,,,CollectableBolt (45),Environment/Collectables/Bolts/CollectableBolt (45),CollectableBolt,233526,level15,
level15:233527,Winter,Bolt,CollectableBolt (149),-792.442054,26.690558,31.922146,,,level15:227371,True,False,,,CollectableBolt (149),Environment/MISC/Chests/Other Chests/Chests (1)/SM_Prop_Chest_Wood_01 (1)/Bolt Holder/CollectableBolt (149),CollectableBolt,233527,level15,
level15:233528,Winter,Bolt,CollectableBolt (149),-220.334432,15.548466,-306.575727,,,level15:227384,True,False,,,CollectableBolt (149),Environment/MISC/Chests/Other Chests/Chests (1)/SM_Prop_Chest_Wood_01 (6)/Bolt Holder/CollectableBolt (149),CollectableBolt,233528,level15,
level15:233529,Winter,Bolt,CollectableBolt (135),-75.167999,13.176,334.490997,,,,True,True,,,CollectableBolt (135),Environment/Collectables/Bolts/CollectableBolt (135),CollectableBolt,233529,level15,
level15:233530,Winter,Bolt,CollectableBolt (134),-136.753998,16.929001,217.483994,,,,True,True,,,CollectableBolt (134),Environment/Collectables/Bolts/CollectableBolt (134),CollectableBolt,233530,level15,
level15:233531,Winter,Bolt,CollectableBolt (150),-714.399024,60.490065,338.519803,,,level15:227069,True,False,,,CollectableBolt (150),Environment/MISC/Chests/SM_Prop_Chest_Wood_01 (5)/Bolt Holder/CollectableBolt (150),CollectableBolt,233531,level15,
level15:233532,Winter,Bolt,CollectableBolt (149),-689.070446,2.418975,-231.254189,,,level15:227246,True,False,,,CollectableBolt (149),Environment/MISC/Chests/SM_Prop_Chest_Wood_01 (5)/Bolt Holder/CollectableBolt (149),CollectableBolt,233532,level15,
level15:233533,Winter,Bolt,CollectableBolt (20),-331.279999,20.023001,109.985001,,,,True,True,,,CollectableBolt (20),Environment/Collectables/Bolts/CollectableBolt (20),CollectableBolt,233533,level15,
level15:233534,Winter,Bolt,CollectableBolt (150),-367.605767,175.781286,-196.448399,,,level15:227143,True,False,,,CollectableBolt (150),Environment/MISC/Chests/SM_Prop_Chest_Wood_01 (7)/Bolt Holder/CollectableBolt (150),CollectableBolt,233534,level15,
level15:233535,Winter,Bolt,CollectableBolt (149),-141.980638,40.753782,-296.924102,,,level15:227251,True,False,,,CollectableBolt (149),Environment/MISC/Chests/Other Chests/Chests (1)/SM_Prop_Chest_Wood_01 (16)/Bolt Holder/CollectableBolt (149),CollectableBolt,233535,level15,
level15:233536,Winter,Bolt,CollectableBolt (121),-535.072998,77.007004,556.560974,,,,True,True,,,CollectableBolt (121),Environment/Collectables/Bolts/CollectableBolt (121),CollectableBolt,233536,level15,
level15:233537,Winter,Bolt,CollectableBolt (115),-827.33197,24.309,203.899002,,,,True,True,,,CollectableBolt (115),Environment/Collectables/Bolts/CollectableBolt (115),CollectableBolt,233537,level15,
level15:233538,Winter,Bolt,CollectableBolt (3),-170.880005,3.96,30.91,,,,True,True,,,CollectableBolt (3),Environment/Collectables/Bolts/CollectableBolt (3),CollectableBolt,233538,level15,
level15:233539,Winter,Bolt,CollectableBolt (73),-549.729814,2.39807,38.836007,,,level15:235533,True,False,,,CollectableBolt (73),Environment/MISC/Suitcase/suitcase-big (Bolts) (3)/Container OBJ/CollectableBolt (73),CollectableBolt,233539,level15,
level15:233540,Winter,Bolt,CollectableBolt (78),-803.669006,150.330994,-274.147003,,,,True,True,,,CollectableBolt (78),Environment/Collectables/Bolts/CollectableBolt (78),CollectableBolt,233540,level15,
level15:233541,Winter,Bolt,CollectableBolt (150),-792.461558,26.690559,32.60424,,,level15:227371,True,False,,,CollectableBolt (150),Environment/MISC/Chests/Other Chests/Chests (1)/SM_Prop_Chest_Wood_01 (1)/Bolt Holder/CollectableBolt (150),CollectableBolt,233541,level15,
level15:233542,Winter,Bolt,CollectableBolt (150),-221.020209,15.729288,-306.833977,,,level15:227384,True,False,,,CollectableBolt (150),Environment/MISC/Chests/Other Chests/Chests (1)/SM_Prop_Chest_Wood_01 (6)/Bolt Holder/CollectableBolt (150),CollectableBolt,233542,level15,
level15:233543,Winter,Bolt,CollectableBolt (39),-807.577026,39.352001,-103.697998,,,,True,True,,,CollectableBolt (39),Environment/Collectables/Bolts/CollectableBolt (39),CollectableBolt,233543,level15,
level15:233544,Winter,Bolt,CollectableBolt (149),-714.79329,60.490064,338.880106,,,level15:227069,True,False,,,CollectableBolt (149),Environment/MISC/Chests/SM_Prop_Chest_Wood_01 (5)/Bolt Holder/CollectableBolt (149),CollectableBolt,233544,level15,
level15:233545,Winter,Bolt,CollectableBolt (103),-484.221985,3.711,-333.464996,,,,True,True,,,CollectableBolt (103),Environment/Collectables/Bolts/CollectableBolt (103),CollectableBolt,233545,level15,
level15:233546,Winter,Bolt,CollectableBolt (61),-818.223022,60.966,357.131012,,,,True,True,,,CollectableBolt (61),Environment/Collectables/Bolts/CollectableBolt (61),CollectableBolt,233546,level15,
level15:233547,Winter,Bolt,CollectableBolt (150),-689.598693,2.433454,-231.176675,,,level15:227246,True,False,,,CollectableBolt (150),Environment/MISC/Chests/SM_Prop_Chest_Wood_01 (5)/Bolt Holder/CollectableBolt (150),CollectableBolt,233547,level15,
level15:233548,Winter,Bolt,CollectableBolt (150),-141.231592,40.776107,-296.834031,,,level15:227251,True,False,,,CollectableBolt (150),Environment/MISC/Chests/Other Chests/Chests (1)/SM_Prop_Chest_Wood_01 (16)/Bolt Holder/CollectableBolt (150),CollectableBolt,233548,level15,
level15:233549,Winter,Bolt,CollectableBolt (17),-183.529999,8.45,335.619995,,,,True,True,,,CollectableBolt (17),Environment/Collectables/Bolts/CollectableBolt (17),CollectableBolt,233549,level15,
level15:233550,Winter,Bolt,CollectableBolt (149),-368.089649,175.707839,-196.412752,,,level15:227143,True,False,,,CollectableBolt (149),Environment/MISC/Chests/SM_Prop_Chest_Wood_01 (7)/Bolt Holder/CollectableBolt (149),CollectableBolt,233550,level15,
level15:233551,Winter,Bolt,CollectableBolt (91),-444.589996,37.055,334.321991,,,,True,True,,,CollectableBolt (91),Environment/Collectables/Bolts/CollectableBolt (91),CollectableBolt,233551,level15,
level15:233561,Winter,NPC,Linda,-83.667274,7.891,185.426208,,,,True,True,,,SkinnyFrogPrefab,Patrolling/Bicycle/Bike Patrol Holder_Skinny/BikeMesh/SkinnyFrogPrefab,NpcBase,233561,level15,
level15:233572,Winter,Juice,Blueberry Juice #1,0.0,0.0,0.0,,,,True,False,Blueberry,1,ShopPointArmLength (Blueberry),Environment/Shop Areas/~Shop6Area~/ShopPointArmLength (Blueberry),JuiceCollectable,233572,level15,
level15:233573,Winter,Juice,Lime Juice #5,-880.359985,244.449997,183.630005,,,,True,True,Lime,5,Lime Juice Variant (5),Environment/Collectables/Juice Boxes/Winter/Lime 5/Lime Juice Variant (5),JuiceCollectable,233573,level15,
level15:233574,Winter,Juice,Apple Juice #1,0.0,0.0,0.0,,,,True,False,Apple,1,ShopPointHearing (Apple),Environment/Shop Areas/~Shop7Area~/ShopPointHearing (Apple),JuiceCollectable,233574,level15,
level15:233575,Winter,Juice,Lime Juice #7,-599.599976,209.170395,234.36377,,,,True,True,Lime,7,Lime Juice Variant (7),Environment/Collectables/Juice Boxes/Winter/Lime 5/Lime Juice Variant (7),JuiceCollectable,233575,level15,
level15:233576,Winter,Juice,Watermelon Juice #7,-804.950012,33.549999,-66.730003,,,,True,True,Watermelon,7,Watermelon Juice Variant (4),Environment/Collectables/Juice Boxes/Winter/Waterlon 5/Watermelon Juice Variant (4),JuiceCollectable,233576,level15,
level15:233577,Winter,Juice,Grapefruit Juice #1,0.0,0.0,0.0,,,,True,False,Grapefruit,1,ShopPointClimbingJumpHeight (Banana),Environment/Shop Areas/~Shop4Area~/ShopPointClimbingJumpHeight (Banana),JuiceCollectable,233577,level15,
level15:233578,Winter,Juice,Lime Juice #3,-727.827759,90.18,427.123627,,,,True,True,Lime,3,Lime Juice Variant (3),Environment/Collectables/Juice Boxes/Winter/Lime 5/Lime Juice Variant (3),JuiceCollectable,233578,level15,
level15:233579,Winter,Juice,Apple Juice #2,0.0,0.0,0.0,,,,True,False,Apple,2,ShopPointHearing (Apple),Environment/Shop Areas/~Shop4Area~/ShopPointHearing (Apple),JuiceCollectable,233579,level15,
level15:233580,Winter,Juice,Grapefruit Juice #2,0.0,0.0,0.0,,,,True,False,Grapefruit,2,ShopPointClimbingJumpHeight (Banana),Environment/Shop Areas/~Shop2Area~/ShopPointClimbingJumpHeight (Banana),JuiceCollectable,233580,level15,
level15:233581,Winter,Juice,Watermelon Juice #1,0.0,0.0,0.0,,,,True,False,Watermelon,1,ShopPointClimbSpeed (Watermelon),Environment/Shop Areas/~Shop2Area~/ShopPointClimbSpeed (Watermelon),JuiceCollectable,233581,level15,
level15:233582,Winter,Juice,Lime Juice #1,0.0,0.0,0.0,,,,True,False,Lime,1,ShopPointWeight (Lime),Environment/Shop Areas/~Shop3Area~/ShopPointWeight (Lime),JuiceCollectable,233582,level15,
level15:233583,Winter,Juice,Watermelon Juice #2,0.0,0.0,0.0,,,,True,False,Watermelon,2,ShopPointClimbSpeed (Watermelon),Environment/Shop Areas/~Shop5Area~/ShopPointClimbSpeed (Watermelon),JuiceCollectable,233583,level15,
level15:233584,Winter,Juice,Lime Juice #4,-459.51001,98.349998,427.850006,,,,True,True,Lime,4,Lime Juice Variant (4),Environment/Collectables/Juice Boxes/Winter/Lime 5/Lime Juice Variant (4),JuiceCollectable,233584,level15,
level15:233585,Winter,Juice,Blueberry Juice #2,0.0,0.0,0.0,,,,True,False,Blueberry,2,ShopPointArmLength (Blueberry),Environment/Shop Areas/~Shop3Area~/ShopPointArmLength (Blueberry),JuiceCollectable,233585,level15,
level15:233586,Winter,Juice,Watermelon Juice #4,-113.541534,154.669998,-97.27166,,,,True,True,Watermelon,4,Watermelon Juice Variant (1),Environment/Collectables/Juice Boxes/Winter/Waterlon 5/Watermelon Juice Variant (1),JuiceCollectable,233586,level15,
level15:233587,Winter,Juice,Watermelon Juice #6,-382.799988,20.518,291.169006,,,,True,True,Watermelon,6,Watermelon Juice Variant (3),Environment/Collectables/Juice Boxes/Winter/Waterlon 5/Watermelon Juice Variant (3),JuiceCollectable,233587,level15,
level15:233588,Winter,Juice,Watermelon Juice #3,-379.369995,129.241287,-167.639999,,,,True,True,Watermelon,3,Watermelon Juice Variant,Environment/Collectables/Juice Boxes/Winter/Waterlon 5/Watermelon Juice Variant,JuiceCollectable,233588,level15,
level15:233589,Winter,Juice,Lime Juice #6,-870.426025,84.771004,-145.371994,,,,True,True,Lime,6,Lime Juice Variant (6),Environment/Collectables/Juice Boxes/Winter/Lime 5/Lime Juice Variant (6),JuiceCollectable,233589,level15,
level15:233590,Winter,Juice,Lime Juice #2,0.0,0.0,0.0,,,,True,False,Lime,2,ShopPointWeight (Lime),Environment/Shop Areas/~Shop5Area~/ShopPointWeight (Lime),JuiceCollectable,233590,level15,
level15:233591,Winter,Juice,Watermelon Juice #5,2.44,2.351,243.033005,,,,True,True,Watermelon,5,Watermelon Juice Variant (2),Environment/Collectables/Juice Boxes/Winter/Waterlon 5/Watermelon Juice Variant (2),JuiceCollectable,233591,level15,
level15:234266,Winter,Egg,Egg,-796.371155,16.565001,62.951,,,,True,False,,,Egg,Environment/MISC/Eggs/Empty Eggs/Egg Holder Empty/Egg,EggCrackingScript,234266,level15,
level15:234267,Winter,Egg,Egg,-832.86499,0.174,139.815994,,,,True,True,,,Egg,Environment/MISC/Eggs/Empty Eggs/Egg Holder Empty (19)/Egg,EggCrackingScript,234267,level15,
level15:234268,Winter,Egg,Egg,-677.112,0.891,-70.071999,,,,True,False,,,Egg,Environment/MISC/Eggs/Empty Eggs/Egg Holder Empty (1)/Egg,EggCrackingScript,234268,level15,
level15:234269,Winter,Egg,Egg,-691.710632,17.954,73.184837,,,,True,True,,,Egg,Environment/MISC/Eggs/Empty Eggs/Egg Holder Empty (10)/Egg,EggCrackingScript,234269,level15,
level15:234270,Winter,Egg,Egg,-699.20697,2.226,-237.397995,,,,True,True,,,Egg,Environment/MISC/Eggs/Empty Eggs/Egg Holder Empty (26)/Egg,EggCrackingScript,234270,level15,
level15:234271,Winter,Egg,Egg,-805.528015,1.652,-199.126999,,,,True,True,,,Egg,Environment/MISC/Eggs/Empty Eggs/Egg Holder Empty (27)/Egg,EggCrackingScript,234271,level15,
level15:234272,Winter,Egg,Egg,-700.323975,19.372,54.789001,,,,True,False,,,Egg,Environment/MISC/Eggs/Empty Eggs/Egg Holder Empty (12)/Egg,EggCrackingScript,234272,level15,
level15:234273,Winter,Egg,Egg,-832.638,12.055,0.208,,,,True,True,,,Egg,Environment/MISC/Eggs/Empty Eggs/Egg Holder Empty (20)/Egg,EggCrackingScript,234273,level15,
level15:234274,Winter,Egg,Egg,-379.125,2.767,317.149994,,,,True,True,,,Egg,Environment/MISC/Eggs/Empty Eggs/Egg Holder Empty (16)/Egg,EggCrackingScript,234274,level15,
level15:234275,Winter,Egg,Egg,-803.828003,33.460999,-69.091003,,,,True,False,,,Egg,Environment/MISC/Eggs/Empty Eggs/Egg Holder Empty (25)/Egg,EggCrackingScript,234275,level15,
level15:234276,Winter,Egg,Egg,-380.096985,2.727,316.381012,,,,True,True,,,Egg,Environment/MISC/Eggs/Empty Eggs/Egg Holder Empty (15)/Egg,EggCrackingScript,234276,level15,
level15:234277,Winter,Egg,Egg,-221.830002,3.953,-302.178986,,,,True,True,,,Egg,Environment/MISC/Eggs/Empty Eggs/Egg Holder Empty (6)/Egg,EggCrackingScript,234277,level15,
level15:234278,Winter,Egg,Egg,-767.552002,16.66,67.607002,,,,True,True,,,Egg,Environment/MISC/Eggs/Empty Eggs/Egg Holder Empty (21)/Egg,EggCrackingScript,234278,level15,
level15:234279,Winter,Egg,Egg,-674.059998,17.9,84.510002,,,,True,True,,,Egg,Environment/MISC/Eggs/Empty Eggs/Egg Holder Empty (9)/Egg,EggCrackingScript,234279,level15,
level15:234280,Winter,Egg,Egg,-803.758972,33.536999,-70.125,,,,True,False,,,Egg,Environment/MISC/Eggs/Empty Eggs/Egg Holder Empty (24)/Egg,EggCrackingScript,234280,level15,
level15:234281,Winter,Egg,Egg,-68.500999,4.975,111.237,,,,True,False,,,Egg,Environment/MISC/Eggs/Empty Eggs/Egg Holder Empty (17)/Egg,EggCrackingScript,234281,level15,
level15:234282,Winter,Egg,Egg,-225.984985,5.247,-283.707001,,,,True,True,,,Egg,Environment/MISC/Eggs/Mushroom Eggs/Egg Holder Reward (2)/Egg,EggCrackingScript,234282,level15,
level15:234283,Winter,Egg,Egg,-336.451996,3.525,102.599998,,,,True,True,,,Egg,Environment/MISC/Eggs/Empty Eggs/Egg Holder Empty (18)/Egg,EggCrackingScript,234283,level15,
level15:234284,Winter,Egg,Egg,-844.564026,-0.029,-308.321014,,,,True,True,,,Egg,Environment/MISC/Eggs/Empty Eggs/Egg Holder Empty (28)/Egg,EggCrackingScript,234284,level15,
level15:234285,Winter,Egg,Egg,-349.786011,2.638,316.501007,,,,True,True,,,Egg,Environment/MISC/Eggs/Mushroom Eggs/Egg Holder Reward (5)/Egg,EggCrackingScript,234285,level15,
level15:234286,Winter,Egg,Egg,-691.642029,17.888,71.459999,,,,True,True,,,Egg,Environment/MISC/Eggs/Mushroom Eggs/Egg Holder Reward (4)/Egg,EggCrackingScript,234286,level15,
level15:234287,Winter,Egg,Egg,-716.991028,20.934999,-402.628998,,,,True,True,,,Egg,Environment/MISC/Eggs/Mushroom Eggs/Egg Holder Reward (11)/Egg,EggCrackingScript,234287,level15,
level15:234288,Winter,Egg,Egg,-91.833,8.758,-116.820999,,,,True,False,,,Egg,Environment/MISC/Eggs/Mushroom Eggs/Egg Holder Reward (6)/Egg,EggCrackingScript,234288,level15,
level15:234289,Winter,Egg,Egg,-720.627991,12.036,-401.591003,,,,True,False,,,Egg,Environment/MISC/Eggs/Empty Eggs/Egg Holder Empty (29)/Egg,EggCrackingScript,234289,level15,
level15:234290,Winter,Egg,Egg,-512.122009,39.981998,-37.705002,,,,True,True,,,Egg,Environment/MISC/Eggs/Empty Eggs/Egg Holder Empty (32)/Egg,EggCrackingScript,234290,level15,
level15:234291,Winter,Egg,Egg,-509.209991,16.200001,-222.350006,,,,True,False,,,Egg,Environment/MISC/Eggs/Empty Eggs/Egg Holder Empty (31)/Egg,EggCrackingScript,234291,level15,
level15:234292,Winter,Egg,Egg,-869.062012,256.355011,144.585999,,,,True,True,,,Egg,Environment/MISC/Eggs/Mushroom Eggs/Egg Holder Reward (3)/Egg,EggCrackingScript,234292,level15,
level15:234293,Winter,Egg,Egg,-672.640015,17.948999,83.247002,,,,True,True,,,Egg,Environment/MISC/Eggs/Empty Eggs/Egg Holder Empty (7)/Egg,EggCrackingScript,234293,level15,
level15:234294,Winter,Egg,Egg,-673.02002,17.940001,84.230003,,,,True,False,,,Egg,Environment/MISC/Eggs/Empty Eggs/Egg Holder Empty (8)/Egg,EggCrackingScript,234294,level15,
level15:234295,Winter,Egg,Egg,-698.403992,19.372,55.570999,,,,True,True,,,Egg,Environment/MISC/Eggs/Empty Eggs/Egg Holder Empty (11)/Egg,EggCrackingScript,234295,level15,
level15:234296,Winter,Egg,Egg,-804.117004,1.899,-199.533005,,,,True,True,,,Egg,Environment/MISC/Eggs/Mushroom Eggs/Egg Holder Reward (9)/Egg,EggCrackingScript,234296,level15,
level15:234297,Winter,Egg,Egg,-844.070312,-0.071,-309.661011,,,,True,True,,,Egg,Environment/MISC/Eggs/Mushroom Eggs/Egg Holder Reward (10)/Egg,EggCrackingScript,234297,level15,
level15:234298,Winter,Egg,Egg,-376.576874,2.823,298.626617,,,,True,True,,,Egg,Environment/MISC/Eggs/Empty Eggs/Egg Holder Empty (13)/Egg,EggCrackingScript,234298,level15,
level15:234299,Winter,Egg,Egg,-795.294006,16.533001,63.59,,,,True,True,,,Egg,Environment/MISC/Eggs/Mushroom Eggs/Egg Holder Reward/Egg,EggCrackingScript,234299,level15,
level15:234300,Winter,Egg,Egg,-679.091003,0.904,-71.190002,,,,True,False,,,Egg,Environment/MISC/Eggs/Mushroom Eggs/Egg Holder Reward (1)/Egg,EggCrackingScript,234300,level15,
level15:234301,Winter,Egg,Egg,-375.559998,2.823,298.029999,,,,True,True,,,Egg,Environment/MISC/Eggs/Empty Eggs/Egg Holder Empty (14)/Egg,EggCrackingScript,234301,level15,
level15:234302,Winter,Egg,Egg,-899.817017,1.174,193.979996,,,,True,True,,,Egg,Environment/MISC/Eggs/Mushroom Eggs/Egg Holder Reward (7)/Egg,EggCrackingScript,234302,level15,
level15:234472,Winter,Quest pickup,QI-Teddy,-849.338013,214.681,144.584,Samia's Lost Teddy!,pickup,,False,False,,,QI-Teddy,Environment/Quest Items/QI-Teddy,CollectableQuestItem,234472,level15,
level15:234750,Winter,Quest giver,Leanard,-714.093994,1.724,-228.813004,Building with bones!,giver,,True,True,,,Arceheologist,Frog Folder/Quest/Done/Bolts/Arceheologist,NpcBase,234750,level15,
level15:234753,Winter,NPC,Lisa,-32.500722,1.791,249.62703,,,,False,False,,,BoneFrog1,Frog Folder/Huts/Demo Area/BoneFrog1,NpcBase,234753,level15,
level15:234756,Winter,NPC,Jamie,-127.064774,20.047001,-176.534585,,,,True,True,,,ScaredFrog1,Frog Folder/Misc/Spooky Area/Winter/ScaredFrog1,NpcBase,234756,level15,
level15:234758,Winter,NPC,Honey,-832.731689,60.830002,476.967865,,,,True,True,,,Snowman4,Frog Folder/Plateaua/Snowmen/Snowman4,NpcBase,234758,level15,
level15:234762,Winter,NPC,Greta,-70.887075,4.916338,124.39244,,,,True,True,,,NaturisticFrog,Frog Folder/Huts/Demo Area/Winter/NaturisticFrog,NpcBase,234762,level15,
level15:234763,Winter,NPC,Ploob,-471.81601,5.743,203.354004,,,,True,True,,,LakeFrog1,Frog Folder/Other Towns/LakeFrog1,NpcBase,234763,level15,
level15:234767,Winter,NPC,Fern,-533.820007,8.81,-284.269989,,,,True,True,,,MushroomHouse1,Frog Folder/Misc/Mushroom Forest/Winter/MushroomHouse1,NpcBase,234767,level15,
level15:234770,Winter,NPC,Ella,-530.104746,200.191016,192.513431,,,,True,True,,,Mt.ThunderFrog8,Frog Folder/Mountains/Mt.Thunder/Winter/Mt.ThunderFrog8,NpcBase,234770,level15,
level15:234772,Winter,NPC,Ethel,-842.723999,221.171005,162.563004,,,,True,True,,,Mt.TownFrog7,Frog Folder/Mountains/Mt.Town/Winter/Mt.TownFrog7,NpcBase,234772,level15,
level15:234773,Winter,NPC,Caroline,-263.896774,19.071,336.505413,,,,True,True,,,ClimbingCenterFrog1(DialogueHolder),Frog Folder/Climbing Center/ClimbingCenterFrog1(DialogueHolder),NpcBase,234773,level15,
level15:234780,Winter,Quest target,Greta,-29.445038,3.653338,238.072418,Rescue the Queen!,target,,True,True,,,BoneQueen,Frog Folder/Quest/Targets/BoneQueen,NpcBase,234780,level15,This NPC has a later quest position; coordinates shown are the initial scene placement.
level15:234784,Winter,NPC,Cooper,-353.170013,23.01,8.53,,,,True,True,,,ClimbLookOut3,Frog Folder/Misc/Lookout Tower/Winter/ClimbLookOut3,NpcBase,234784,level15,
level15:234786,Winter,NPC,Lowri,-805.619995,60.68,469.170013,,,,True,True,,,Snowman2,Frog Folder/Plateaua/Snowmen/Snowman2,NpcBase,234786,level15,
level15:234789,Winter,NPC,Gaz,-70.013702,120.094856,371.332184,,,,False,False,,,Mt.CroobFrog5 (2),Frog Folder/Quest/Targets/Mt.CroobFrog5 (2),NpcBase,234789,level15,
level15:234791,Winter,NPC,Ed,-555.546021,0.330932,116.473625,,,,False,False,,,Airport2,Frog Folder/Misc/Airport/Airport2,NpcBase,234791,level15,
level15:234792,Winter,Quest giver,Hof,-710.97998,59.991001,339.049988,Pot Lovers!,giver,,True,True,,,Plateau4,Frog Folder/Quest/Done/Gacha/Plateau4,NpcBase,234792,level15,
level15:234794,Winter,NPC,Al,-192.536772,149.791003,-54.438587,,,,True,True,,,SittingIdleFrog1,Frog Folder/Mountains/Mt.Tree/Winter/SittingIdleFrog1,NpcBase,234794,level15,
level15:234797,Winter,NPC,Jira,-548.10199,2.28,35.883999,,,,True,True,,,LeafForest2,Frog Folder/Misc/Leaf Zone/Winter/LeafForest2,NpcBase,234797,level15,
level15:234800,Winter,NPC,Alfie,-347.230011,176.809998,-204.880005,,,,True,True,,,Mt.Steg4,Frog Folder/Mountains/Mt. Steg/Winter/Mt.Steg4,NpcBase,234800,level15,
level15:234803,Winter,NPC,Roi,-689.047974,61.435001,125.929001,,,,True,True,,,ClimbLookOut2,Frog Folder/Misc/Lookout Tower/Winter/ClimbLookOut2,NpcBase,234803,level15,
level15:234808,Winter,NPC,Lucy,-332.936768,3.687,103.105423,,,,True,True,,,KneelingFrogTown,Frog Folder/Town/Winter/KneelingFrogTown,NpcBase,234808,level15,
level15:234810,Winter,NPC,Jeanne,-169.365043,8.840338,195.713425,,,,True,True,,,HappyHutFrog,Frog Folder/Huts/Demo Area/Winter/HappyHutFrog,NpcBase,234810,level15,
level15:234814,Winter,NPC,Yusuf,-663.960022,-0.04,-38.389999,,,,True,True,,,Festival3,Frog Folder/Misc/Winter Festival/Festival3,NpcBase,234814,level15,
level15:234817,Winter,NPC,Stacey,-803.271973,3.076,-223.397003,,,,True,True,,,Punk4,Frog Folder/Punk Camp/Punk4,NpcBase,234817,level15,
level15:234824,Winter,NPC,Jill,-555.73999,2.08,37.049999,,,,True,True,,,LeafForest3,Frog Folder/Misc/Leaf Zone/Winter/LeafForest3,NpcBase,234824,level15,
level15:234826,Winter,NPC,Emille,-159.088774,70.950999,-110.54258,,,,True,True,,,SittingIdleFrog2,Frog Folder/Mountains/Mt.Tree/Winter/SittingIdleFrog2,NpcBase,234826,level15,
level15:234834,Winter,NPC,Carl,-325.704776,3.2318,106.540621,,,,True,True,,,SearchingFrog,Frog Folder/Town/Winter/SearchingFrog,NpcBase,234834,level15,
level15:234836,Winter,NPC,Lint,-472.658997,2.729,-386.809998,,,,True,True,,,CampDad,Frog Folder/Water/River/Winter/CampDad,NpcBase,234836,level15,
level15:234838,Winter,Quest giver,Scone,-309.527069,0.185338,482.202393,Scone's Lost Matches!,giver,,True,True,,,SittingIdleFrog3,Frog Folder/Quest/Done/Bolts/SittingIdleFrog3,NpcBase,234838,level15,
level15:234842,Winter,NPC,Astrid,-518.619995,6.36,147.619995,,,,True,True,,,LakeFrog2,Frog Folder/Water/Lake/Winter/LakeFrog2,NpcBase,234842,level15,
level15:234845,Winter,NPC,Mikey,-417.399994,6.289,-239.677994,,,,True,True,,,Pottery3,Frog Folder/Other Towns/Pottery Town/Pottery3,NpcBase,234845,level15,
level15:234847,Winter,NPC,Shirley,-293.34704,-0.030662,44.212431,,,,True,True,,,StrugglingOnFloor,Frog Folder/Huts/Demo Area/Winter/StrugglingOnFloor,NpcBase,234847,level15,
level15:234849,Winter,NPC,Ruby,-284.422363,2.831,-127.643373,,,,True,True,,,PierFrog,Frog Folder/Water/Beach Bay/PierFrog,NpcBase,234849,level15,
level15:234852,Winter,NPC,Ghost,-533.059021,10.993,256.274994,,,,True,True,,,Ghost,Frog Folder/Other Towns/Book Town/Ghost,NpcBase,234852,level15,
level15:234855,Winter,NPC,Leaper,-805.036926,150.192764,-267.900818,,,,True,True,,,Mt.AnatolFrog1,Frog Folder/Mountains/Mt. Anatol/Winter/Mt.AnatolFrog1,NpcBase,234855,level15,
level15:234856,Winter,Quest target,Sandrine,-547.210022,86.544998,392.98999,Pot Lovers!,target,,True,True,,,PotLover3,Frog Folder/Quest/Targets/Pot Lovers/PotLover3,NpcBase,234856,level15,This NPC has a later quest position; coordinates shown are the initial scene placement.
level15:234859,Winter,NPC,Elizabeth,-346.517054,0.305338,155.552413,,,,True,True,,,SnowWitch,Frog Folder/Huts/Demo Area/Winter/SnowWitch,NpcBase,234859,level15,
level15:234861,Winter,Quest giver,Loocy,-679.099976,-0.011,-42.240002,Forgotten Blanket!,giver,,True,True,,,Festival2,Frog Folder/Quest/Done/Mush/Festival2,NpcBase,234861,level15,
level15:234868,Winter,Quest giver,Gaz,-43.880768,89.023003,350.24942,Missing Matches!,giver,,True,True,,,MtCroobFrog5,Frog Folder/Quest/Done/Bolts/MtCroobFrog5,NpcBase,234868,level15,
level15:234905,Winter,NPC,Vendor,-544.098022,8.991,238.423996,,,,True,True,,,CouponSeller2,Frog Folder/CouponVendors/CouponSeller2,NpcBase,234905,level15,
level15:234906,Winter,NPC,Tony,-136.703995,20.15,72.945,,,,True,True,,,AssertiveFrog,Frog Folder/AssertiveFrog,NpcBase,234906,level15,
level15:234909,Winter,NPC,Vendor,-416.040009,4.957,-225.580002,,,,True,True,,,CouponSeller4,Frog Folder/CouponVendors/CouponSeller4,NpcBase,234909,level15,
level15:234910,Winter,NPC,Vendor,-197.75,2.98,165.240005,,,,True,True,,,CouponSeller8,Frog Folder/CouponVendors/CouponSeller8,NpcBase,234910,level15,
level15:234913,Winter,NPC,Vendor,-256.929993,19.540001,340.399994,,,,True,True,,,CouponSeller3,Frog Folder/CouponVendors/CouponSeller3,NpcBase,234913,level15,
level15:234914,Winter,NPC,Vendor,-779.109009,16.676001,41.187,,,,True,True,,,CouponSeller6,Frog Folder/CouponVendors/CouponSeller6,NpcBase,234914,level15,
level15:234917,Winter,NPC,Dodger,-271.592773,27.863004,353.041424,,,,True,True,,,Climbing Member2,Frog Folder/Climbing Center/Winter/Climbing Member2,NpcBase,234917,level15,
level15:234918,Winter,NPC,Constance,-260.544769,19.023,351.657415,,,,True,True,,,ClimbingMember4,Frog Folder/Climbing Center/Winter/ClimbingMember4,NpcBase,234918,level15,
level15:234920,Winter,NPC,Vendor,-856.409973,-0.017,-328.799988,,,,True,True,,,CouponSeller5,Frog Folder/CouponVendors/CouponSeller5,NpcBase,234920,level15,
level15:234922,Winter,NPC,Vendor,-652.176025,199.903,187.628998,,,,True,True,,,CouponSeller7,Frog Folder/CouponVendors/CouponSeller7,NpcBase,234922,level15,
level15:234924,Winter,NPC,Tony,-678.164551,0.162087,-57.009926,,,,False,False,,,TonyFinalCutscene,Cutscenes/Repair/Scenes/Tony Cutscene 1/TonyFinalCutscene,NpcBase,234924,level15,
level15:234925,Winter,NPC,Vendor,-297.984436,0.76,83.066994,,,,True,True,,,CouponSeller1,Frog Folder/CouponVendors/CouponSeller1,NpcBase,234925,level15,
level15:234928,Winter,NPC,Dodger,-276.288788,18.375,360.865423,,,,True,True,,,Climbing Member3,Frog Folder/Climbing Center/Winter/Climbing Member3,NpcBase,234928,level15,
level15:235124,Winter,Juice,Kiwi Juice #1,-273.140015,24.32,-27.129,,,,True,True,Kiwi,1,Kiwi Juice Variant (2),Environment/Collectables/Juice Boxes/Winter/Kiwi 5/Kiwi Juice Variant (2),JuiceCollectable,235124,level15,
level15:235125,Winter,Juice,Kiwi Juice #3,-682.48999,70.129997,124.980003,,,,True,True,Kiwi,3,Kiwi Juice Variant (4),Environment/Collectables/Juice Boxes/Winter/Kiwi 5/Kiwi Juice Variant (4),JuiceCollectable,235125,level15,
level15:235126,Winter,Juice,Kiwi Juice #2,-98.050003,1.04,-312.369995,,,,True,True,Kiwi,2,Kiwi Juice Variant (3),Environment/Collectables/Juice Boxes/Winter/Kiwi 5/Kiwi Juice Variant (3),JuiceCollectable,235126,level15,
level15:235127,Winter,Juice,Kiwi Juice #4,-511.100006,17.1,-218.979996,,,,True,True,Kiwi,4,Kiwi Juice Variant (5),Environment/Collectables/Juice Boxes/Winter/Kiwi 5/Kiwi Juice Variant (5),JuiceCollectable,235127,level15,
level15:235128,Winter,Juice,Kiwi Juice #5,-417.438599,21.790001,-251.850006,,,,True,True,Kiwi,5,Kiwi Juice Variant (6),Environment/Collectables/Juice Boxes/Winter/Kiwi 5/Kiwi Juice Variant (6),JuiceCollectable,235128,level15,
level15:235508,Winter,Mushroom,CollectableMushroom_35 (1),-254.027517,4.341377,492.575311,,,,False,False,,,CollectableMushroom_35 (1),Environment/Manmade/Residential/Misc Manmade Areas/Drifting Tractors/RepairableTractor/RepairedConstructParent/CollectableMushroom_35 (1),CollectableMushroom,235508,level15,
level15:235516,Winter,Suitcase,suitcase-big (7),-841.164978,11.873,-4.301,,,,False,False,,,suitcase-big (7),Environment/MISC/Suitcase/suitcase-big (7),SuitcaseOpenScript,235516,level15,
level15:235517,Winter,Suitcase,suitcase-big (1),-504.649994,60.006001,518.530029,,,,True,True,,,suitcase-big (1),Environment/MISC/Suitcase/suitcase-big (1),SuitcaseOpenScript,235517,level15,
level15:235518,Winter,Suitcase,suitcase-big (1),-875.049011,235.934998,183.664673,,,,True,True,,,suitcase-big (1),Environment/MISC/Suitcase/suitcase-big (1),SuitcaseOpenScript,235518,level15,
level15:235519,Winter,Suitcase,suitcase-big (Bolts) (1),-838.546814,0.04,145.673004,,,,True,True,,,suitcase-big (Bolts) (1),Environment/MISC/Suitcase/suitcase-big (Bolts) (1),SuitcaseOpenScript,235519,level15,
level15:235520,Winter,Suitcase,suitcase-big (4),-66.315002,4.995,113.813004,,,,True,True,,,suitcase-big (4),Environment/MISC/Suitcase/suitcase-big (4),SuitcaseOpenScript,235520,level15,
level15:235521,Winter,Suitcase,suitcase-big (Bolts) (4),-297.137787,0.04,42.360001,,,,True,True,,,suitcase-big (Bolts) (4),Environment/MISC/Suitcase/suitcase-big (Bolts) (4),SuitcaseOpenScript,235521,level15,
level15:235522,Winter,Suitcase,suitcase-big (1),-739.762024,16.393,131.973999,,,,True,True,,,suitcase-big (1),Environment/MISC/Suitcase/suitcase-big (1),SuitcaseOpenScript,235522,level15,
level15:235523,Winter,Suitcase,suitcase-big (11),-65.433998,144.966995,347.276001,,,,True,True,,,suitcase-big (11),Environment/MISC/Suitcase/suitcase-big (11),SuitcaseOpenScript,235523,level15,
level15:235524,Winter,Suitcase,suitcase-big (8),-511.569,39.985001,-49.744999,,,,True,True,,,suitcase-big (8),Environment/MISC/Suitcase/suitcase-big (8),SuitcaseOpenScript,235524,level15,
level15:235525,Winter,Suitcase,suitcase-big (Bolts) (2),-175.278,1.72,252.182999,,,,False,False,,,suitcase-big (Bolts) (2),Environment/MISC/Suitcase/suitcase-big (Bolts) (2),SuitcaseOpenScript,235525,level15,
level15:235526,Winter,Suitcase,suitcase-big (12),-587.809021,200.317001,144.897995,,,,True,True,,,suitcase-big (12),Environment/MISC/Suitcase/suitcase-big (12),SuitcaseOpenScript,235526,level15,
level15:235527,Winter,Suitcase,suitcase-big (9),-268.178986,6.894,139.505997,,,,True,True,,,suitcase-big (9),Environment/MISC/Suitcase/suitcase-big (9),SuitcaseOpenScript,235527,level15,
level15:235528,Winter,Suitcase,suitcase-big (Bolts),-659.526978,0.012,-39.103001,,,,True,True,,,suitcase-big (Bolts),Environment/MISC/Suitcase/suitcase-big (Bolts),SuitcaseOpenScript,235528,level15,
level15:235529,Winter,Suitcase,suitcase-big,-506.730011,59.990002,525.330017,,,,True,True,,,suitcase-big,Environment/MISC/Suitcase/suitcase-big,SuitcaseOpenScript,235529,level15,
level15:235530,Winter,Suitcase,suitcase-big (2),-845.924988,83.487999,457.002014,,,,True,True,,,suitcase-big (2),Environment/MISC/Suitcase/suitcase-big (2),SuitcaseOpenScript,235530,level15,
level15:235531,Winter,Suitcase,suitcase-big (5),-828.773987,0.142,-325.07901,,,,True,True,,,suitcase-big (5),Environment/MISC/Suitcase/suitcase-big (5),SuitcaseOpenScript,235531,level15,
level15:235532,Winter,Suitcase,suitcase-big (13),-267.179993,80.290001,211.830002,,,,True,True,,,suitcase-big (13),Environment/MISC/Suitcase/suitcase-big (13),SuitcaseOpenScript,235532,level15,
level15:235533,Winter,Suitcase,suitcase-big (Bolts) (3),-549.725037,2.198132,38.834595,,,,True,True,,,suitcase-big (Bolts) (3),Environment/MISC/Suitcase/suitcase-big (Bolts) (3),SuitcaseOpenScript,235533,level15,
level15:235534,Winter,Suitcase,suitcase-big (10),-542.508972,86.739998,404.371002,,,,True,True,,,suitcase-big (10),Environment/MISC/Suitcase/suitcase-big (10),SuitcaseOpenScript,235534,level15,
level15:235535,Winter,Suitcase,suitcase-big (6),-812.40802,2.424,-216.085999,,,,True,True,,,suitcase-big (6),Environment/MISC/Suitcase/suitcase-big (6),SuitcaseOpenScript,235535,level15,
level15:235536,Winter,Suitcase,suitcase-big (14),-317.082001,0.186,484.829987,,,,False,False,,,suitcase-big (14),suitcase-big (14),SuitcaseOpenScript,235536,level15,
level15:235537,Winter,Suitcase,suitcase-big (3),-89.836044,1.984,453.788483,,,,True,True,,,suitcase-big (3),Environment/MISC/Suitcase/suitcase-big (3),SuitcaseOpenScript,235537,level15,
level15:235711,Winter,Juice,Cherry Juice #1,0.0,0.0,0.0,,,,True,False,Cherry,1,ShopPointJumpHeight (Cherry),Environment/Shop Areas/~Shop7Area~/ShopPointJumpHeight (Cherry),JuiceCollectable,235711,level15,
level15:235712,Winter,Juice,Cherry Juice #2,0.0,0.0,0.0,,,,True,False,Cherry,2,ShopPointJumpHeight (Cherry),Environment/Shop Areas/~Shop1Area~/ShopPointJumpHeight (Cherry),JuiceCollectable,235712,level15,
level15:235718,Winter,NPC,Toothless,-148.410995,60.058998,-259.509003,,,,True,True,,,EggHuntFrog,Environment/Manmade/Mini Games/EggHunt/EggHuntFrog,NpcBase,235718,level15,
level15:235901,Winter,Mushroom,CollectableMushroom,-296.021178,4.258931,197.224644,,,,False,False,,,CollectableMushroom,Environment/MISC/Bird Boxes/birdhouse-b (1)/CollectableMushroom,CollectableMushroom,235901,level15,
level15:235902,Winter,Mushroom,CollectableMushroom,-404.512044,4.729098,-45.808988,,,,False,False,,,CollectableMushroom,Environment/MISC/Bird Boxes/birdhouse-b (2)/CollectableMushroom,CollectableMushroom,235902,level15,
level15:235903,Winter,Mushroom,CollectableMushroom,-250.260989,9.473,63.981963,,,,False,False,,,CollectableMushroom,Environment/MISC/Bird Boxes/birdhouse-b/CollectableMushroom,CollectableMushroom,235903,level15,
level15:236042,Winter,Mushroom,CollectableMushroom_30 (1),-410.93786,6.581778,-249.319117,,,,False,False,,,CollectableMushroom_30 (1),Environment/MISC/Reactive Jars/Jar Holder (9)/Reward/CollectableMushroom_30 (1),CollectableMushroom,236042,level15,
level15:236043,Winter,Mushroom,CollectableMushroom_30 (1),-630.99122,3.857545,296.829875,,,,False,False,,,CollectableMushroom_30 (1),Environment/MISC/Reactive Jars/Jar Holder (21)/Reward/CollectableMushroom_30 (1),CollectableMushroom,236043,level15,
level15:236044,Winter,Mushroom,CollectableMushroom_30 (1),-414.911396,15.335049,133.806942,,,,False,False,,,CollectableMushroom_30 (1),Environment/MISC/Reactive Jars/Jar Holder (24)/Reward/CollectableMushroom_30 (1),CollectableMushroom,236044,level15,
level15:236045,Winter,Mushroom,CollectableMushroom_30 (1),-458.889211,9.042967,287.831079,,,,False,False,,,CollectableMushroom_30 (1),Environment/MISC/Reactive Jars/Jar Holder (23)/Reward/CollectableMushroom_30 (1),CollectableMushroom,236045,level15,
level15:236046,Winter,Mushroom,CollectableMushroom_30 (1),-426.674299,62.420367,364.799799,,,,False,False,,,CollectableMushroom_30 (1),Environment/MISC/Reactive Jars/Jar Holder (58)/Reward/CollectableMushroom_30 (1),CollectableMushroom,236046,level15,
level15:236047,Winter,Mushroom,CollectableMushroom_30 (1),-681.177267,28.841088,125.722115,,,,False,False,,,CollectableMushroom_30 (1),Environment/MISC/Reactive Jars/Jar Holder (20)/Reward/CollectableMushroom_30 (1),CollectableMushroom,236047,level15,
level15:236048,Winter,Mushroom,CollectableMushroom_30 (1),-653.15236,152.620366,442.602586,,,,False,False,,,CollectableMushroom_30 (1),Environment/MISC/Reactive Jars/Jar Holder (52)/Reward/CollectableMushroom_30 (1),CollectableMushroom,236048,level15,
level15:236049,Winter,Mushroom,CollectableMushroom_30 (1),-899.429653,1.798899,180.894445,,,,False,False,,,CollectableMushroom_30 (1),Environment/MISC/Reactive Jars/Jar Holder (42)/Reward/CollectableMushroom_30 (1),CollectableMushroom,236049,level15,
level15:236050,Winter,Mushroom,CollectableMushroom_30 (1),-319.035264,2.728181,204.392669,,,,False,False,,,CollectableMushroom_30 (1),Environment/MISC/Reactive Jars/Jar Holder (25)/Reward/CollectableMushroom_30 (1),CollectableMushroom,236050,level15,
level15:236051,Winter,Mushroom,CollectableMushroom_30 (1),-363.056332,176.740596,-184.548236,,,,False,False,,,CollectableMushroom_30 (1),Environment/MISC/Reactive Jars/Jar Holder (53)/Reward/CollectableMushroom_30 (1),CollectableMushroom,236051,level15,
level15:236052,Winter,Mushroom,CollectableMushroom_30 (1),-199.385768,149.756221,-76.952542,,,,False,False,,,CollectableMushroom_30 (1),Environment/MISC/Reactive Jars/Jar Holder (36)/Reward/CollectableMushroom_30 (1),CollectableMushroom,236052,level15,
level15:236053,Winter,Mushroom,CollectableMushroom_30 (1),-27.506982,4.746447,-238.611632,,,,False,False,,,CollectableMushroom_30 (1),Environment/MISC/Reactive Jars/Jar Holder (4)/Reward/CollectableMushroom_30 (1),CollectableMushroom,236053,level15,
level15:236054,Winter,Mushroom,CollectableMushroom_30 (1),-148.754105,142.97358,406.335179,,,,False,False,,,CollectableMushroom_30 (1),Environment/MISC/Reactive Jars/Jar Holder (32)/Reward/CollectableMushroom_30 (1),CollectableMushroom,236054,level15,
level15:236055,Winter,Mushroom,CollectableMushroom_30 (1),-666.76906,236.443216,-100.404593,,,,False,False,,,CollectableMushroom_30 (1),Environment/MISC/Reactive Jars/Jar Holder (41)/Reward/CollectableMushroom_30 (1),CollectableMushroom,236055,level15,
level15:236056,Winter,Mushroom,CollectableMushroom_30 (1),-294.537038,1.954079,70.886788,,,,False,False,,,CollectableMushroom_30 (1),Environment/MISC/Reactive Jars/Jar Holder (29)/Reward/CollectableMushroom_30 (1),CollectableMushroom,236056,level15,
level15:236057,Winter,Mushroom,CollectableMushroom_30 (1),-504.604467,61.3359,531.574444,,,,False,False,,,CollectableMushroom_30 (1),Environment/MISC/Reactive Jars/Jar Holder (56)/Reward/CollectableMushroom_30 (1),CollectableMushroom,236057,level15,
level15:236058,Winter,Mushroom,CollectableMushroom_30 (1),-540.646593,88.29509,412.287281,,,,False,False,,,CollectableMushroom_30 (1),Environment/MISC/Reactive Jars/Jar Holder (57)/Reward/CollectableMushroom_30 (1),CollectableMushroom,236058,level15,
level15:236059,Winter,Mushroom,CollectableMushroom_30 (1),-541.0756,201.711613,198.668507,,,,False,False,,,CollectableMushroom_30 (1),Environment/MISC/Reactive Jars/Jar Holder (49)/Reward/CollectableMushroom_30 (1),CollectableMushroom,236059,level15,
level15:236060,Winter,Mushroom,CollectableMushroom_30 (1),-106.341636,216.966624,395.945109,,,,False,False,,,CollectableMushroom_30 (1),Environment/MISC/Reactive Jars/Jar Holder (33)/Reward/CollectableMushroom_30 (1),CollectableMushroom,236060,level15,
level15:236061,Winter,Mushroom,CollectableMushroom_30 (1),-826.674616,261.721779,-279.63096,,,,False,False,,,CollectableMushroom_30 (1),Environment/MISC/Reactive Jars/Jar Holder (40)/Reward/CollectableMushroom_30 (1),CollectableMushroom,236061,level15,
level15:236062,Winter,Mushroom,CollectableMushroom_30 (1),-463.769107,4.011625,-385.232009,,,,False,False,,,CollectableMushroom_30 (1),Environment/MISC/Reactive Jars/Jar Holder (10)/Reward/CollectableMushroom_30 (1),CollectableMushroom,236062,level15,
level15:236063,Winter,Mushroom,CollectableMushroom_30 (1),-710.456567,61.077755,327.809018,,,,False,False,,,CollectableMushroom_30 (1),Environment/MISC/Reactive Jars/Jar Holder (61)/Reward/CollectableMushroom_30 (1),CollectableMushroom,236063,level15,
level15:236064,Winter,Mushroom,CollectableMushroom_30 (1),-641.480645,201.4986,153.297838,,,,False,False,,,CollectableMushroom_30 (1),Environment/MISC/Reactive Jars/Jar Holder (48)/Reward/CollectableMushroom_30 (1),CollectableMushroom,236064,level15,
level15:236065,Winter,Mushroom,CollectableMushroom_30 (1),-131.852009,98.498803,142.560039,,,,False,False,,,CollectableMushroom_30 (1),Environment/MISC/Reactive Jars/Jar Holder (31)/Reward/CollectableMushroom_30 (1),CollectableMushroom,236065,level15,
level15:236066,Winter,Mushroom,CollectableMushroom_30 (1),-792.811191,65.54957,505.481647,,,,False,False,,,CollectableMushroom_30 (1),Environment/MISC/Reactive Jars/Jar Holder (59)/Reward/CollectableMushroom_30 (1),CollectableMushroom,236066,level15,
level15:236067,Winter,Mushroom,CollectableMushroom_30 (1),-130.718413,99.018794,135.920295,,,,False,False,,,CollectableMushroom_30 (1),Environment/MISC/Reactive Jars/Jar Holder (2)/Reward/CollectableMushroom_30 (1),CollectableMushroom,236067,level15,
level15:236068,Winter,Mushroom,CollectableMushroom_30 (1),-623.062827,201.268604,192.526621,,,,False,False,,,CollectableMushroom_30 (1),Environment/MISC/Reactive Jars/Jar Holder (50)/Reward/CollectableMushroom_30 (1),CollectableMushroom,236068,level15,
level15:236069,Winter,Mushroom,CollectableMushroom_30 (1),-798.036767,17.963088,70.678237,,,,False,False,,,CollectableMushroom_30 (1),Environment/MISC/Reactive Jars/Jar Holder (18)/Reward/CollectableMushroom_30 (1),CollectableMushroom,236069,level15,
level15:236070,Winter,Mushroom,CollectableMushroom_30 (1),-864.391621,105.335088,140.330015,,,,False,False,,,CollectableMushroom_30 (1),Environment/MISC/Reactive Jars/Jar Holder (43)/Reward/CollectableMushroom_30 (1),CollectableMushroom,236070,level15,
level15:236071,Winter,Mushroom,CollectableMushroom_30 (1),-117.466558,21.425532,-180.975013,,,,False,False,,,CollectableMushroom_30 (1),Environment/MISC/Reactive Jars/Jar Holder (5)/Reward/CollectableMushroom_30 (1),CollectableMushroom,236071,level15,
level15:236072,Winter,Mushroom,CollectableMushroom_30 (1),-812.252335,1.28239,-322.019893,,,,False,False,,,CollectableMushroom_30 (1),Environment/MISC/Reactive Jars/Jar Holder (14)/Reward/CollectableMushroom_30 (1),CollectableMushroom,236072,level15,
level15:236073,Winter,Mushroom,CollectableMushroom_30 (1),-525.753517,66.125693,483.26266,,,,False,False,,,CollectableMushroom_30 (1),Environment/MISC/Reactive Jars/Jar Holder (55)/Reward/CollectableMushroom_30 (1),CollectableMushroom,236073,level15,
level15:236074,Winter,Mushroom,CollectableMushroom_30 (1),-101.495396,4.142778,395.947326,,,,False,False,,,CollectableMushroom_30 (1),Environment/MISC/Reactive Jars/Jar Holder (62)/Reward/CollectableMushroom_30 (1),CollectableMushroom,236074,level15,
level15:236075,Winter,Mushroom,CollectableMushroom_30 (1),-223.569237,4.952609,-313.616146,,,,False,False,,,CollectableMushroom_30 (1),Environment/MISC/Reactive Jars/Jar Holder (6)/Reward/CollectableMushroom_30 (1),CollectableMushroom,236075,level15,
level15:236076,Winter,Mushroom,CollectableMushroom_30 (1),-150.990456,150.450945,-102.277015,,,,False,False,,,CollectableMushroom_30 (1),Environment/MISC/Reactive Jars/Jar Holder (35)/Reward/CollectableMushroom_30 (1),CollectableMushroom,236076,level15,
level15:236077,Winter,Mushroom,CollectableMushroom_30 (1),-887.264437,140.04384,163.944606,,,,False,False,,,CollectableMushroom_30 (1),Environment/MISC/Reactive Jars/Jar Holder (44)/Reward/CollectableMushroom_30 (1),CollectableMushroom,236077,level15,
level15:236078,Winter,Mushroom,CollectableMushroom_30 (1),-819.83863,88.760004,518.216132,,,,False,False,,,CollectableMushroom_30 (1),Environment/MISC/Reactive Jars/Jar Holder (60)/Reward/CollectableMushroom_30 (1),CollectableMushroom,236078,level15,
level15:236079,Winter,Mushroom,CollectableMushroom_30 (1),-68.075596,6.287746,124.262962,,,,False,False,,,CollectableMushroom_30 (1),Environment/MISC/Reactive Jars/Jar Holder (27)/Reward/CollectableMushroom_30 (1),CollectableMushroom,236079,level15,
level15:236080,Winter,Mushroom,CollectableMushroom_30 (1),-109.329341,232.443106,377.152292,,,,False,False,,,CollectableMushroom_30 (1),Environment/MISC/Reactive Jars/Jar Holder (51)/Reward/CollectableMushroom_30 (1),CollectableMushroom,236080,level15,
level15:236081,Winter,Mushroom,CollectableMushroom_30 (1),-267.676368,137.154079,197.776857,,,,False,False,,,CollectableMushroom_30 (1),Environment/MISC/Reactive Jars/Jar Holder (30)/Reward/CollectableMushroom_30 (1),CollectableMushroom,236081,level15,
level15:236082,Winter,Mushroom,CollectableMushroom_30 (1),-566.305407,227.170805,-354.065191,,,,False,False,,,CollectableMushroom_30 (1),Environment/MISC/Reactive Jars/Jar Holder (39)/Reward/CollectableMushroom_30 (1),CollectableMushroom,236082,level15,
level15:236083,Winter,Mushroom,CollectableMushroom_30 (1),-265.195549,20.438691,351.476736,,,,False,False,,,CollectableMushroom_30 (1),Environment/MISC/Reactive Jars/Jar Holder/Reward/CollectableMushroom_30 (1),CollectableMushroom,236083,level15,
level15:236084,Winter,Mushroom,CollectableMushroom_30 (1),-756.112046,10.142058,-417.660349,,,,False,False,,,CollectableMushroom_30 (1),Environment/MISC/Reactive Jars/Jar Holder (13)/Reward/CollectableMushroom_30 (1),CollectableMushroom,236084,level15,
level15:236085,Winter,Mushroom,CollectableMushroom_30 (1),-152.393253,80.728005,356.109108,,,,False,False,,,CollectableMushroom_30 (1),Environment/MISC/Reactive Jars/Jar Holder (34)/Reward/CollectableMushroom_30 (1),CollectableMushroom,236085,level15,
level15:236086,Winter,Mushroom,CollectableMushroom_30 (1),-705.26747,2.921797,-215.73727,,,,False,False,,,CollectableMushroom_30 (1),Environment/MISC/Reactive Jars/Jar Holder (12)/Reward/CollectableMushroom_30 (1),CollectableMushroom,236086,level15,
level15:236087,Winter,Mushroom,CollectableMushroom_30 (1),-379.029208,9.869731,-244.01396,,,,False,False,,,CollectableMushroom_30 (1),Environment/MISC/Reactive Jars/Jar Holder (7)/Reward/CollectableMushroom_30 (1),CollectableMushroom,236087,level15,
level15:236088,Winter,Mushroom,CollectableMushroom_30 (1),-569.388068,18.290087,238.984053,,,,False,False,,,CollectableMushroom_30 (1),Environment/MISC/Reactive Jars/Jar Holder (22)/Reward/CollectableMushroom_30 (1),CollectableMushroom,236088,level15,
level15:236089,Winter,Mushroom,CollectableMushroom_30 (1),-403.987618,84.408211,-71.2572,,,,False,False,,,CollectableMushroom_30 (1),Environment/MISC/Reactive Jars/Jar Holder (37)/Reward/CollectableMushroom_30 (1),CollectableMushroom,236089,level15,
level15:236090,Winter,Mushroom,CollectableMushroom_30 (1),-712.245506,13.16039,-141.425386,,,,False,False,,,CollectableMushroom_30 (1),Environment/MISC/Reactive Jars/Jar Holder (15)/Reward/CollectableMushroom_30 (1),CollectableMushroom,236090,level15,
level15:236091,Winter,Mushroom,CollectableMushroom_30 (1),-339.425859,10.449746,64.19411,,,,False,False,,,CollectableMushroom_30 (1),Environment/MISC/Reactive Jars/Jar Holder (28)/Reward/CollectableMushroom_30 (1),CollectableMushroom,236091,level15,
level15:236092,Winter,Mushroom,CollectableMushroom_30 (1),-172.733889,3.936307,260.006003,,,,False,False,,,CollectableMushroom_30 (1),Environment/MISC/Reactive Jars/Jar Holder (1)/Reward/CollectableMushroom_30 (1),CollectableMushroom,236092,level15,
level15:236093,Winter,Mushroom,CollectableMushroom_30 (1),-661.00115,1.250506,-35.356329,,,,False,False,,,CollectableMushroom_30 (1),Environment/MISC/Reactive Jars/Jar Holder (16)/Reward/CollectableMushroom_30 (1),CollectableMushroom,236093,level15,
level15:236094,Winter,Mushroom,CollectableMushroom_30 (1),-401.892946,11.430938,-260.252608,,,,False,False,,,CollectableMushroom_30 (1),Environment/MISC/Reactive Jars/Jar Holder (8)/Reward/CollectableMushroom_30 (1),CollectableMushroom,236094,level15,
level15:236095,Winter,Mushroom,CollectableMushroom_30 (1),-66.19446,9.678181,206.377295,,,,False,False,,,CollectableMushroom_30 (1),Environment/MISC/Reactive Jars/Jar Holder (26)/Reward/CollectableMushroom_30 (1),CollectableMushroom,236095,level15,
level15:236096,Winter,Mushroom,CollectableMushroom_30 (1),-595.105947,346.066605,469.133313,,,,False,False,,,CollectableMushroom_30 (1),Environment/MISC/Reactive Jars/Jar Holder (54)/Reward/CollectableMushroom_30 (1),CollectableMushroom,236096,level15,
level15:236097,Winter,Mushroom,CollectableMushroom_30 (1),-529.47698,10.535654,-277.571284,,,,False,False,,,CollectableMushroom_30 (1),Environment/MISC/Reactive Jars/Jar Holder (11)/Reward/CollectableMushroom_30 (1),CollectableMushroom,236097,level15,
level15:236098,Winter,Mushroom,CollectableMushroom_30 (1),-883.305007,236.561166,182.657682,,,,False,False,,,CollectableMushroom_30 (1),Environment/MISC/Reactive Jars/Jar Holder (45)/Reward/CollectableMushroom_30 (1),CollectableMushroom,236098,level15,
level15:236099,Winter,Mushroom,CollectableMushroom_30 (1),-835.470228,75.340611,-113.998748,,,,False,False,,,CollectableMushroom_30 (1),Environment/MISC/Reactive Jars/Jar Holder (17)/Reward/CollectableMushroom_30 (1),CollectableMushroom,236099,level15,
level15:236100,Winter,Mushroom,CollectableMushroom_30 (1),-92.75001,10.613124,-107.219742,,,,False,False,,,CollectableMushroom_30 (1),Environment/MISC/Reactive Jars/Jar Holder (3)/Reward/CollectableMushroom_30 (1),CollectableMushroom,236100,level15,
level15:236101,Winter,Mushroom,CollectableMushroom_30 (1),-615.608817,327.760288,195.033559,,,,False,False,,,CollectableMushroom_30 (1),Environment/MISC/Reactive Jars/Jar Holder (46)/Reward/CollectableMushroom_30 (1),CollectableMushroom,236101,level15,
level15:236102,Winter,Mushroom,CollectableMushroom_30 (1),-895.944024,2.261088,224.936716,,,,False,False,,,CollectableMushroom_30 (1),Environment/MISC/Reactive Jars/Jar Holder (19)/Reward/CollectableMushroom_30 (1),CollectableMushroom,236102,level15,
level15:236103,Winter,Mushroom,CollectableMushroom_30 (1),-359.2342,138.06327,-153.214732,,,,False,False,,,CollectableMushroom_30 (1),Environment/MISC/Reactive Jars/Jar Holder (38)/Reward/CollectableMushroom_30 (1),CollectableMushroom,236103,level15,
level15:236104,Winter,Mushroom,CollectableMushroom_30 (1),-642.401797,201.41161,171.7025,,,,False,False,,,CollectableMushroom_30 (1),Environment/MISC/Reactive Jars/Jar Holder (47)/Reward/CollectableMushroom_30 (1),CollectableMushroom,236104,level15,
level15:236328,Winter,Shrine,present-box-base,-534.219971,10.984,247.300003,,,,True,False,,,present-box-base,Environment/MISC/Presents/present-box (6)/present-box-base,InteractableShrine,236328,level15,
level15:236329,Winter,Shrine,present-box-base,-824.105042,2.0434,-423.64801,,,,True,False,,,present-box-base,Environment/MISC/Presents/Small/present-box (3)/present-box-base,InteractableShrine,236329,level15,
level15:236330,Winter,Shrine,present-box-base,-506.724481,59.990002,525.797827,,,level15:235529,True,False,,,present-box-base,Environment/MISC/Suitcase/suitcase-big/Container OBJ/present-box (10)/present-box-base,InteractableShrine,236330,level15,
level15:236331,Winter,Shrine,present-box-base,-504.505049,60.006001,518.73339,,,level15:235517,True,False,,,present-box-base,Environment/MISC/Suitcase/suitcase-big (1)/Container OBJ/present-box (11)/present-box-base,InteractableShrine,236331,level15,
level15:236332,Winter,Shrine,present-box-base,-759.567932,22.603001,239.330444,,,,True,True,,,present-box-base,Environment/MISC/Presents/present-box (1)/present-box-base,InteractableShrine,236332,level15,
level15:236333,Winter,Shrine,present-box-base,-847.758972,100.399002,469.299988,,,,True,True,,,present-box-base,Environment/MISC/Presents/present-box (8)/present-box-base,InteractableShrine,236333,level15,
level15:236334,Winter,Shrine,present-box-base,-822.960022,2.09,-423.970001,,,,True,False,,,present-box-base,Environment/MISC/Presents/Small/present-box (5)/present-box-base,InteractableShrine,236334,level15,
level15:236335,Winter,Shrine,present-box-base,-688.078979,9.212,217.809998,,,,True,True,,,present-box-base,Environment/MISC/Presents/present-box (2)/present-box-base,InteractableShrine,236335,level15,
level15:236336,Winter,Shrine,present-box-base,-506.735661,59.990002,524.852037,,,level15:235529,True,False,,,present-box-base,Environment/MISC/Suitcase/suitcase-big/Container OBJ/present-box (9)/present-box-base,InteractableShrine,236336,level15,
level15:236337,Winter,Shrine,present-box-base,-608.93103,75.237999,357.968994,,,,True,True,,,present-box-base,Environment/MISC/Presents/present-box (5)/present-box-base,InteractableShrine,236337,level15,
level15:236338,Winter,Shrine,present-box-base,-517.054016,75.963997,421.398987,,,,True,True,,,present-box-base,Environment/MISC/Presents/present-box (4)/present-box-base,InteractableShrine,236338,level15,
level15:236339,Winter,Shrine,present-box-base,-533.942017,8.884,-278.029999,,,,True,False,,,present-box-base,Environment/MISC/Presents/present-box (7)/present-box-base,InteractableShrine,236339,level15,
level15:236340,Winter,Shrine,present-box-base,-263.269989,37.409,315.077301,,,,True,True,,,present-box-base,Environment/MISC/Presents/present-box (3)/present-box-base,InteractableShrine,236340,level15,
level15:236341,Winter,Shrine,present-box-base,-504.852257,60.006001,518.246249,,,level15:235517,True,False,,,present-box-base,Environment/MISC/Suitcase/suitcase-big (1)/Container OBJ/present-box (10)/present-box-base,InteractableShrine,236341,level15,
level15:236342,Winter,Shrine,present-box-base,-821.945007,2.2601,-423.65802,,,,True,False,,,present-box-base,Environment/MISC/Presents/Small/present-box (4)/present-box-base,InteractableShrine,236342,level15,
level15:236592,Winter,Mushroom,CollectableMushroom_30 (2),-498.98038,67.169009,478.615096,,,,False,False,,,CollectableMushroom_30 (2),Environment/MISC/Shrines/Shrines/RewardShrine (4)/Reward/CollectableMushroom_30 (2),CollectableMushroom,236592,level15,
level15:236593,Winter,Mushroom,CollectableMushroom_30 (2),-563.460022,2.26,292.868629,,,,False,False,,,CollectableMushroom_30 (2),Environment/MISC/Shrines/Shrines/RewardShrine/Reward/CollectableMushroom_30 (2),CollectableMushroom,236593,level15,
level15:236594,Winter,Mushroom,CollectableMushroom_30 (2),-594.447604,6.122662,-188.169721,,,,False,False,,,CollectableMushroom_30 (2),Environment/MISC/Shrines/Shrines/RewardShrine (3)/Reward/CollectableMushroom_30 (2),CollectableMushroom,236594,level15,
level15:236595,Winter,Mushroom,CollectableMushroom_30 (2),-90.644438,7.972936,-21.909554,,,,False,False,,,CollectableMushroom_30 (2),Environment/MISC/Shrines/Shrines/RewardShrine (1)/Reward/CollectableMushroom_30 (2),CollectableMushroom,236595,level15,
level15:236596,Winter,Mushroom,CollectableMushroom_30 (2),-249.392818,7.789263,-147.388241,,,,False,False,,,CollectableMushroom_30 (2),Environment/MISC/Shrines/Shrines/RewardShrine (2)/Reward/CollectableMushroom_30 (2),CollectableMushroom,236596,level15,
level15:237197,Winter,Mushroom,CollectableMushroom,-791.489348,10.68411,-57.031856,,,,False,False,,,CollectableMushroom,Environment/MISC/Bird Boxes/birdhouse-a (5)/CollectableMushroom,CollectableMushroom,237197,level15,
level15:237198,Winter,Mushroom,CollectableMushroom,-616.355487,23.656927,194.795418,,,,False,False,,,CollectableMushroom,Environment/MISC/Bird Boxes/birdhouse-a (6)/CollectableMushroom,CollectableMushroom,237198,level15,
level15:237199,Winter,Mushroom,CollectableMushroom,-160.254191,3.228581,138.354392,,,,False,False,,,CollectableMushroom,Environment/MISC/Bird Boxes/birdhouse-a/CollectableMushroom,CollectableMushroom,237199,level15,
level15:237200,Winter,Mushroom,CollectableMushroom,-795.447325,27.774655,-288.762556,,,,False,False,,,CollectableMushroom,Environment/MISC/Bird Boxes/birdhouse-a (4)/CollectableMushroom,CollectableMushroom,237200,level15,
level15:237201,Winter,Mushroom,CollectableMushroom,-473.508872,13.688987,-33.069262,,,,False,False,,,CollectableMushroom,Environment/MISC/Bird Boxes/birdhouse-a (3)/CollectableMushroom,CollectableMushroom,237201,level15,
level15:237202,Winter,Mushroom,CollectableMushroom,-381.046935,19.337305,393.179777,,,,False,False,,,CollectableMushroom,Environment/MISC/Bird Boxes/birdhouse-a (2)/CollectableMushroom,CollectableMushroom,237202,level15,
level15:237203,Winter,Mushroom,CollectableMushroom,-166.944533,3.337691,327.40212,,,,False,False,,,CollectableMushroom,Environment/MISC/Bird Boxes/birdhouse-a (1)/CollectableMushroom,CollectableMushroom,237203,level15,
level15:237358,Winter,NPC,EN,-147.548997,59.966999,-260.251003,,,,False,False,,,EggHuntFrog,Environment/Manmade/Mini Games/EggHunt/EggHuntFrog,NpcBase,237358,level15,
level15:238415,Winter,Bolt,CollectableBolt,-822.440002,1.663733,-426.48999,,,,True,False,,,CollectableBolt,Environment/MISC/Presents/Large/present-box - Large (3)/BoltHolder/CollectableBolt,CollectableBolt,238415,level15,
level15:238416,Winter,Bolt,CollectableBolt,-816.094971,1.742154,-421.880005,,,,True,False,,,CollectableBolt,Environment/MISC/Presents/Tall/present-box - Tall (2)/BoltHolder/CollectableBolt,CollectableBolt,238416,level15,
level15:238417,Winter,Bolt,CollectableBolt,-371.40799,0.272,189.031998,,,,True,False,,,CollectableBolt,Environment/MISC/Presents/present-box - Tall (10)/BoltHolder/CollectableBolt,CollectableBolt,238417,level15,
level15:238418,Winter,Bolt,CollectableBolt,-839.621094,-0.411,-332.553009,,,,True,False,,,CollectableBolt,Environment/MISC/Presents/present-box - Large (4)/BoltHolder/CollectableBolt,CollectableBolt,238418,level15,
level15:238419,Winter,Bolt,CollectableBolt,-354.940277,-0.046,436.408997,,,,True,False,,,CollectableBolt,Environment/MISC/Presents/present-box - Large (11)/BoltHolder/CollectableBolt,CollectableBolt,238419,level15,
level15:238420,Winter,Bolt,CollectableBolt,-820.940002,1.663733,-426.48999,,,,True,False,,,CollectableBolt,Environment/MISC/Presents/Large/present-box - Large (2)/BoltHolder/CollectableBolt,CollectableBolt,238420,level15,
level15:238421,Winter,Bolt,CollectableBolt,-287.8643,3.152965,-278.91824,,,,True,False,,,CollectableBolt,Environment/MISC/Presents/present-box - Tall (5)/BoltHolder/CollectableBolt,CollectableBolt,238421,level15,
level15:238422,Winter,Bolt,CollectableBolt,-817.094971,1.742154,-421.880005,,,,True,False,,,CollectableBolt,Environment/MISC/Presents/Tall/present-box - Tall (1)/BoltHolder/CollectableBolt,CollectableBolt,238422,level15,
level15:238423,Winter,Bolt,CollectableBolt,-786.89978,2.448,-216.300385,,,,True,False,,,CollectableBolt,Environment/MISC/Presents/present-box - Large (5)/BoltHolder/CollectableBolt,CollectableBolt,238423,level15,
level15:238424,Winter,Bolt,CollectableBolt,-108.62841,13.265329,295.616313,,,,True,False,,,CollectableBolt,Environment/MISC/Presents/present-box - Tall (11)/BoltHolder/CollectableBolt,CollectableBolt,238424,level15,
level15:238425,Winter,Bolt,CollectableBolt,-589.063599,0.025,-49.23172,,,,True,False,,,CollectableBolt,Environment/MISC/Presents/present-box - Large (6)/BoltHolder/CollectableBolt,CollectableBolt,238425,level15,
level15:238426,Winter,Bolt,CollectableBolt,-560.596105,4.829848,6.249841,,,,True,False,,,CollectableBolt,Environment/MISC/Presents/present-box - Large (7)/BoltHolder/CollectableBolt,CollectableBolt,238426,level15,
level15:238427,Winter,Bolt,CollectableBolt,-819.440002,1.663733,-426.48999,,,,True,False,,,CollectableBolt,Environment/MISC/Presents/Large/present-box - Large (1)/BoltHolder/CollectableBolt,CollectableBolt,238427,level15,
level15:238428,Winter,Bolt,CollectableBolt,-816.228027,1.663733,-424.295013,,,,True,False,,,CollectableBolt,Environment/MISC/Presents/Large/present-box - Large/BoltHolder/CollectableBolt,CollectableBolt,238428,level15,
level15:238429,Winter,Bolt,CollectableBolt,-591.25,160.810493,170.85876,,,,True,False,,,CollectableBolt,Environment/MISC/Presents/present-box - Large (10)/BoltHolder/CollectableBolt,CollectableBolt,238429,level15,
level15:238430,Winter,Bolt,CollectableBolt,-810.343798,8.491348,-35.673652,,,,True,False,,,CollectableBolt,Environment/MISC/Presents/present-box - Tall (9)/BoltHolder/CollectableBolt,CollectableBolt,238430,level15,
level15:238431,Winter,Bolt,CollectableBolt,-869.93103,72.205681,207.481839,,,,True,False,,,CollectableBolt,Environment/MISC/Presents/present-box - Tall (8)/BoltHolder/CollectableBolt,CollectableBolt,238431,level15,
level15:238432,Winter,Bolt,CollectableBolt,-545.635254,-0.113,112.489784,,,,True,False,,,CollectableBolt,Environment/MISC/Presents/present-box - Large (9)/BoltHolder/CollectableBolt,CollectableBolt,238432,level15,
level15:238433,Winter,Bolt,CollectableBolt,-447.670013,-0.115,-65.540489,,,,True,False,,,CollectableBolt,Environment/MISC/Presents/present-box - Large (8)/BoltHolder/CollectableBolt,CollectableBolt,238433,level15,
level15:238434,Winter,Bolt,CollectableBolt,-815.094971,1.742154,-421.880005,,,,True,False,,,CollectableBolt,Environment/MISC/Presents/Tall/present-box - Tall (3)/BoltHolder/CollectableBolt,CollectableBolt,238434,level15,
level15:238435,Winter,Bolt,CollectableBolt,-818.094971,1.742154,-421.880005,,,,True,False,,,CollectableBolt,Environment/MISC/Presents/Tall/present-box - Tall/BoltHolder/CollectableBolt,CollectableBolt,238435,level15,
level15:238436,Winter,Bolt,CollectableBolt,-244.762516,11.850461,-4.943056,,,,True,False,,,CollectableBolt,Environment/MISC/Presents/present-box - Tall (7)/BoltHolder/CollectableBolt,CollectableBolt,238436,level15,
level15:238437,Winter,Bolt,CollectableBolt,-57.078999,0.318,-201.084366,,,,True,False,,,CollectableBolt,Environment/MISC/Presents/present-box - Tall (6)/BoltHolder/CollectableBolt,CollectableBolt,238437,level15,
level15:238438,Winter,Bolt,CollectableBolt,-338.131989,-0.052,-214.126007,,,,True,False,,,CollectableBolt,Environment/MISC/Presents/present-box - Tall (4)/BoltHolder/CollectableBolt,CollectableBolt,238438,level15,
level15:238827,Winter,Polaroid,PolaroidCollectable 30,-417.260681,60.750503,428.643768,,,,True,True,,,PolaroidCollectable 30,PhotoStuff/Collectables/PolaroidCollectable 30,CollectablePolaroid,238827,level15,
level15:239031,Winter,Mushroom,CollectableMushroom_13 (1),-869.10228,256.478986,144.468498,,,,True,True,,,CollectableMushroom_13 (1),Environment/MISC/Eggs/Mushroom Eggs/Egg Holder Reward (3)/Cracked/CollectableMushroom_13 (1),CollectableMushroom,239031,level15,
level15:239032,Winter,Mushroom,CollectableMushroom_13 (1),-349.750195,2.817674,316.290463,,,,True,True,,,CollectableMushroom_13 (1),Environment/MISC/Eggs/Mushroom Eggs/Egg Holder Reward (5)/Cracked/CollectableMushroom_13 (1),CollectableMushroom,239032,level15,
level15:239033,Winter,Mushroom,CollectableMushroom_13 (1),-717.051249,21.055849,-402.752217,,,,True,True,,,CollectableMushroom_13 (1),Environment/MISC/Eggs/Mushroom Eggs/Egg Holder Reward (11)/Cracked/CollectableMushroom_13 (1),CollectableMushroom,239033,level15,
level15:239034,Winter,Mushroom,CollectableMushroom_13 (1),-691.484439,18.06657,71.357304,,,,True,True,,,CollectableMushroom_13 (1),Environment/MISC/Eggs/Mushroom Eggs/Egg Holder Reward (4)/Cracked/CollectableMushroom_13 (1),CollectableMushroom,239034,level15,
level15:239035,Winter,Mushroom,CollectableMushroom_13 (1),-91.796537,8.934091,-117.034439,,,,True,False,,,CollectableMushroom_13 (1),Environment/MISC/Eggs/Mushroom Eggs/Egg Holder Reward (6)/Cracked/CollectableMushroom_13 (1),CollectableMushroom,239035,level15,
level15:239036,Winter,Mushroom,CollectableMushroom_13 (1),-899.885215,1.273321,193.889289,,,,True,True,,,CollectableMushroom_13 (1),Environment/MISC/Eggs/Mushroom Eggs/Egg Holder Reward (7)/Cracked/CollectableMushroom_13 (1),CollectableMushroom,239036,level15,
level15:239037,Winter,Mushroom,CollectableMushroom_13 (1),-679.136756,1.011681,-71.28516,,,,True,False,,,CollectableMushroom_13 (1),Environment/MISC/Eggs/Mushroom Eggs/Egg Holder Reward (1)/Cracked/CollectableMushroom_13 (1),CollectableMushroom,239037,level15,
level15:239038,Winter,Mushroom,CollectableMushroom_13 (1),-843.997708,0.085295,-309.47384,,,,True,True,,,CollectableMushroom_13 (1),Environment/MISC/Eggs/Mushroom Eggs/Egg Holder Reward (10)/Cracked/CollectableMushroom_13 (1),CollectableMushroom,239038,level15,
level15:239039,Winter,Mushroom,CollectableMushroom_13 (1),-804.092303,2.025894,-199.376739,,,,True,True,,,CollectableMushroom_13 (1),Environment/MISC/Eggs/Mushroom Eggs/Egg Holder Reward (9)/Cracked/CollectableMushroom_13 (1),CollectableMushroom,239039,level15,
level15:239040,Winter,Mushroom,CollectableMushroom_13 (1),-795.100379,16.722337,63.522514,,,,True,True,,,CollectableMushroom_13 (1),Environment/MISC/Eggs/Mushroom Eggs/Egg Holder Reward/Cracked/CollectableMushroom_13 (1),CollectableMushroom,239040,level15,
level15:239041,Winter,Mushroom,CollectableMushroom_13 (1),-225.866662,5.360375,-283.754263,,,,True,True,,,CollectableMushroom_13 (1),Environment/MISC/Eggs/Mushroom Eggs/Egg Holder Reward (2)/Cracked/CollectableMushroom_13 (1),CollectableMushroom,239041,level15,
level15:239085,Winter,NPC,Loof,-559.776001,18.106001,-172.106995,,,,True,True,,,Windmill1,Frog Folder/Misc/Windmill1,NpcBase,239085,level15,
level15:239088,Winter,NPC,Keira,-678.450012,26.959999,122.300003,,,,True,True,,,ClimbLookOut1,Frog Folder/Misc/Lookout Tower/Winter/ClimbLookOut1,NpcBase,239088,level15,
level15:239091,Winter,NPC,Nabil,-420.660004,80.970001,-70.239998,,,,True,True,,,Mt.Steg2,Frog Folder/Mountains/Mt. Steg/Winter/Mt.Steg2,NpcBase,239091,level15,
level15:239093,Winter,NPC,Jurgen,-829.72998,260.772003,-282.800995,,,,True,True,,,Mt.AnatolFrog2,Frog Folder/Mountains/Mt. Anatol/Winter/Mt.AnatolFrog2,NpcBase,239093,level15,
level15:239096,Winter,NPC,Crob,-524.056274,97.186768,402.835175,,,,True,True,,,Plateau1(DialogueHolder),Frog Folder/Plateaua/Plateau1(DialogueHolder),NpcBase,239096,level15,
level15:239099,Winter,NPC,Larry,-666.682068,16.109867,198.874649,,,,True,True,,,Digger1,Frog Folder/Misc/Big Bone Site/Winter/Digger1,NpcBase,239099,level15,
level15:239103,Winter,NPC,Crackle,-863.098022,173.869995,-376.098999,,,,True,True,,,Mt.AnatolFrog3,Frog Folder/Mountains/Mt. Anatol/Winter/Mt.AnatolFrog3,NpcBase,239103,level15,
level15:239107,Winter,NPC,Bert,-245.610381,2.7526,161.544619,,,,True,True,,,Mt.OrangeStandFrog,Frog Folder/Mountains/Mt.Orange/Winter/Mt.OrangeStandFrog,NpcBase,239107,level15,
level15:239109,Winter,Quest giver,Andrew,-588.013794,0.338,119.345657,Time Travel!,giver,,True,True,,,Airport1,Frog Folder/Quest/Done/No Reward/Airport1,NpcBase,239109,level15,
level15:239112,Winter,NPC,Slasher,-708.781628,12.1006,-133.30895,,,,True,True,,,Mechanic1,Frog Folder/Misc/Garage/Winter/Mechanic1,NpcBase,239112,level15,
level15:239114,Winter,NPC,Ian,-171.503178,93.9062,348.565447,,,,True,True,,,Mt.CroobFrog4,Frog Folder/Mountains/Mt.Croob/Winter/Mt.CroobFrog4,NpcBase,239114,level15,
level15:239116,Winter,NPC,Spot,-586.682983,0.45,-36.028,,,,False,False,,,LeafForest1,Frog Folder/Misc/Leaf Zone/Winter/LeafForest1,NpcBase,239116,level15,
level15:239121,Winter,Quest giver,Teemo,-849.234009,-0.017,-307.050995,Rescue Teemo!,giver,,True,True,,,Cult4,Frog Folder/Quest/Done/Mush/Cult4,NpcBase,239121,level15,
level15:239123,Winter,NPC,Barry,-799.718018,64.825996,497.737,,,,True,True,,,Snowman3,Frog Folder/Plateaua/Snowmen/Snowman3,NpcBase,239123,level15,
level15:239125,Winter,Quest giver,Hopper,-227.229996,23.860001,-158.070007,Hopper's Lost Binoculars!!,giver,,True,True,,,ClimbLookOut4,Frog Folder/Quest/Done/Mush/ClimbLookOut4,NpcBase,239125,level15,
level15:239130,Winter,NPC,Sid,-248.889999,3.87,-280.75,,,,True,True,,,RiverHutFrog1,Frog Folder/Water/River Huts/Winter/RiverHutFrog1,NpcBase,239130,level15,
level15:239137,Winter,NPC,Winder,-562.63501,7.298,249.212997,,,,True,True,,,BookTown3,Frog Folder/Other Towns/Book Town/Winter/BookTown3,NpcBase,239137,level15,
level15:239139,Winter,NPC,Bron,-332.088776,8.735001,66.321418,,,,True,True,,,TownFrog1(CombinedDialogue),Frog Folder/Town/TownFrog1(CombinedDialogue),NpcBase,239139,level15,
level15:239144,Winter,NPC,Tombago,-753.859985,16.365999,126.309998,,,,False,False,,,Bazzar1,Frog Folder/Misc/Bazaar/Winter/Bazzar1,NpcBase,239144,level15,
level15:239150,Winter,NPC,Hanging On,-251.603622,53.254786,215.601871,,,,False,False,,,Hanging On,Frog Folder/Mountains/Mt.Orange/Hanging On,NpcBase,239150,level15,
level15:239151,Winter,NPC,Mel,-639.0088,200.075,167.66542,,,,False,False,,,Mt.ThunderFrog5,Frog Folder/Mountains/Mt.Thunder/Winter/Mt.ThunderFrog5,NpcBase,239151,level15,
level15:239155,Winter,NPC,Clegwell,-860.51001,167.399994,170.710007,,,,True,True,,,Mt.TownFrog2,Frog Folder/Mountains/Mt.Town/Winter/Mt.TownFrog2,NpcBase,239155,level15,
level15:239159,Winter,NPC,Robbie,-287.296774,1.839,-105.54258,,,,True,True,,,BeachGoer1,Frog Folder/Water/Beach Bay/BeachGoer1,NpcBase,239159,level15,
level15:239161,Winter,NPC,Robin,-504.25,60.146999,526.340027,,,,True,True,,,Plateau6,Frog Folder/Plateaua/Huts/Winter/Plateau6,NpcBase,239161,level15,
level15:239162,Winter,NPC,Fisher,-213.744774,153.686999,-49.846583,,,,True,True,,,Mt.TreeFrog1,Frog Folder/Mountains/Mt.Tree/Winter/Mt.TreeFrog1,NpcBase,239162,level15,
level15:239164,Winter,NPC,Hermes,-619.253845,168.55661,-81.640732,,,,True,True,,,Mt.HandsFrog3,Frog Folder/Mountains/Mt. Hands/Winter/Mt.HandsFrog3,NpcBase,239164,level15,
level15:239166,Winter,NPC,Olive,-238.440056,1.690338,-56.857578,,,,True,True,,,LaughingSittingFrog,Frog Folder/Huts/Demo Area/Winter/LaughingSittingFrog,NpcBase,239166,level15,
level15:239169,Winter,NPC,Crumb,-480.709991,2.05,-133.800003,,,,True,True,,,LumberJack,Frog Folder/Misc/Mushroom Forest/Winter/LumberJack,NpcBase,239169,level15,
level15:239173,Winter,NPC,Tooth,-81.603445,8.258228,464.019001,,,,True,True,,,TrainingFrog1,Frog Folder/Huts/Demo Area/Winter/TrainingFrog1,NpcBase,239173,level15,
level15:239176,Winter,NPC,Teemo,-388.390015,8.53,-249.520004,,,,False,False,,,Cult4Delivered,Frog Folder/Quest/Targets/Cult4Delivered,NpcBase,239176,level15,
level15:239177,Winter,NPC,Lentil,-848.830017,0.366,91.389999,,,,True,True,,,Mt.TownFrog1,Frog Folder/Mountains/Mt.Town/Winter/Mt.TownFrog1,NpcBase,239177,level15,
level15:239182,Winter,NPC,Cass,-280.584778,94.879002,180.897433,,,,True,True,,,SittingMt.OrangeFrog,Frog Folder/Mountains/Mt.Orange/Winter/SittingMt.OrangeFrog,NpcBase,239182,level15,
level15:239186,Winter,NPC,Len,-792.390015,2.784,-220.130005,,,,True,True,,,Punk5,Frog Folder/Punk Camp/Punk5,NpcBase,239186,level15,
level15:239190,Winter,NPC,Cultist,-842.875244,0.063,-303.340057,,,,True,True,,,Cult 5,Frog Folder/Cult/Cult 5,NpcBase,239190,level15,
level15:239192,Winter,NPC,Jeff,-70.910025,8.372338,205.755387,,,,True,True,,,Situps,Frog Folder/Huts/Demo Area/Winter/Situps,NpcBase,239192,level15,
level15:239195,Winter,NPC,Caly,-526.352793,198.687,229.193424,,,,True,True,,,Mt.ThunderFrog9,Frog Folder/Mountains/Mt.Thunder/Winter/Mt.ThunderFrog9,NpcBase,239195,level15,
level15:239199,Winter,NPC,Grain,-514.875986,2.4462,-370.669793,,,,True,True,,,Mt.ConeFrog2,Frog Folder/Mountains/Mt. Cone/Winter/Mt.ConeFrog2,NpcBase,239199,level15,
level15:239202,Winter,NPC,Keira,-786.330017,16.65,73.610001,,,,True,True,,,WallTown3,Frog Folder/Other Towns/Walled Town/Winter/WallTown3,NpcBase,239202,level15,
level15:239204,Winter,NPC,Mark,-435.980011,3.478,-342.808014,,,,True,True,,,LookingDownFrog(DialogueHolder),Frog Folder/Water/LookingDownFrog(DialogueHolder),NpcBase,239204,level15,
level15:239207,Winter,Shrine,GFX,-405.115997,3.851,-45.984001,,,,True,True,,,GFX,Environment/MISC/Bird Boxes/birdhouse-b (2)/GFX,InteractableShrine,239207,level15,
level15:239208,Winter,Shrine,GFX,-249.220001,9.19,63.93,,,,True,True,,,GFX,Environment/MISC/Bird Boxes/birdhouse-b/GFX,InteractableShrine,239208,level15,
level15:239209,Winter,Shrine,GFX,-295.095001,3.86,196.837997,,,,True,True,,,GFX,Environment/MISC/Bird Boxes/birdhouse-b (1)/GFX,InteractableShrine,239209,level15,
level15:239307,Winter,NPC,Lisa,-624.903397,1.800315,267.133789,,,,True,True,,,NormalFrogPrefab,Patrolling/Bicycle/Bike Patrol Holder_Norm/BikeMesh/NormalFrogPrefab,NpcBase,239307,level15,
level15:240517,Winter,Shrine,Reactive Jar,-569.580017,16.785,239.059998,,,,True,True,,,Reactive Jar,Environment/MISC/Reactive Jars/Jar Holder (22)/Reactive Jar,InteractableShrine,240517,level15,
level15:240518,Winter,Shrine,Reactive Jar,-379.119537,8.537,-243.87056,,,,True,True,,,Reactive Jar,Environment/MISC/Reactive Jars/Jar Holder (7)/Reactive Jar,InteractableShrine,240518,level15,
level15:240519,Winter,Shrine,Reactive Jar,-705.479065,1.352,-215.928284,,,,True,True,,,Reactive Jar,Environment/MISC/Reactive Jars/Jar Holder (12)/Reactive Jar,InteractableShrine,240519,level15,
level15:240520,Winter,Shrine,Reactive Jar,-339.51001,8.962,64.379997,,,,True,True,,,Reactive Jar,Environment/MISC/Reactive Jars/Jar Holder (28)/Reactive Jar,InteractableShrine,240520,level15,
level15:240521,Winter,Shrine,Reactive Jar,-403.964996,83.122002,-71.126999,,,,True,True,,,Reactive Jar,Environment/MISC/Reactive Jars/Jar Holder (37)/Reactive Jar,InteractableShrine,240521,level15,
level15:240522,Winter,Shrine,Reactive Jar,-712.093994,11.929,-141.5,,,,True,True,,,Reactive Jar,Environment/MISC/Reactive Jars/Jar Holder (15)/Reactive Jar,InteractableShrine,240522,level15,
level15:240523,Winter,Shrine,Reactive Jar,-265.0,18.879,351.390015,,,,True,True,,,Reactive Jar,Environment/MISC/Reactive Jars/Jar Holder/Reactive Jar,InteractableShrine,240523,level15,
level15:240524,Winter,Shrine,Reactive Jar,-152.820007,79.650002,355.98999,,,,True,True,,,Reactive Jar,Environment/MISC/Reactive Jars/Jar Holder (34)/Reactive Jar,InteractableShrine,240524,level15,
level15:240525,Winter,Shrine,Reactive Jar,-756.200012,8.71,-417.529999,,,,True,True,,,Reactive Jar,Environment/MISC/Reactive Jars/Jar Holder (13)/Reactive Jar,InteractableShrine,240525,level15,
level15:240526,Winter,Shrine,Reactive Jar,-819.732971,87.297997,518.125977,,,,True,True,,,Reactive Jar,Environment/MISC/Reactive Jars/Jar Holder (60)/Reactive Jar,InteractableShrine,240526,level15,
level15:240527,Winter,Shrine,Reactive Jar,-887.072998,138.701004,163.912003,,,,True,True,,,Reactive Jar,Environment/MISC/Reactive Jars/Jar Holder (44)/Reactive Jar,InteractableShrine,240527,level15,
level15:240528,Winter,Shrine,Reactive Jar,-267.52536,135.639999,197.919403,,,,True,False,,,Reactive Jar,Environment/MISC/Reactive Jars/Jar Holder (30)/Reactive Jar,InteractableShrine,240528,level15,
level15:240529,Winter,Shrine,Reactive Jar,-566.419983,225.649994,-354.220001,,,,True,True,,,Reactive Jar,Environment/MISC/Reactive Jars/Jar Holder (39)/Reactive Jar,InteractableShrine,240529,level15,
level15:240530,Winter,Shrine,Reactive Jar,-67.93,4.8,124.120003,,,,True,False,,,Reactive Jar,Environment/MISC/Reactive Jars/Jar Holder (27)/Reactive Jar,InteractableShrine,240530,level15,
level15:240531,Winter,Shrine,Reactive Jar,-109.190002,231.100006,377.149994,,,,True,True,,,Reactive Jar,Environment/MISC/Reactive Jars/Jar Holder (51)/Reactive Jar,InteractableShrine,240531,level15,
level15:240532,Winter,Shrine,Reactive Jar,-151.039993,148.869995,-102.550003,,,,True,True,,,Reactive Jar,Environment/MISC/Reactive Jars/Jar Holder (35)/Reactive Jar,InteractableShrine,240532,level15,
level15:240533,Winter,Shrine,Reactive Jar,-223.371994,3.648,-313.65799,,,,True,False,,,Reactive Jar,Environment/MISC/Reactive Jars/Jar Holder (6)/Reactive Jar,InteractableShrine,240533,level15,
level15:240534,Winter,Shrine,Reactive Jar,-92.57,9.074,-107.330002,,,,True,True,,,Reactive Jar,Environment/MISC/Reactive Jars/Jar Holder (3)/Reactive Jar,InteractableShrine,240534,level15,
level15:240535,Winter,Shrine,Reactive Jar,-642.210022,199.843002,171.800003,,,,True,True,,,Reactive Jar,Environment/MISC/Reactive Jars/Jar Holder (47)/Reactive Jar,InteractableShrine,240535,level15,
level15:240536,Winter,Shrine,Reactive Jar,-895.822144,0.756,224.770111,,,,True,True,,,Reactive Jar,Environment/MISC/Reactive Jars/Jar Holder (19)/Reactive Jar,InteractableShrine,240536,level15,
level15:240537,Winter,Shrine,Reactive Jar,-359.007996,136.791,-153.259003,,,,True,True,,,Reactive Jar,Environment/MISC/Reactive Jars/Jar Holder (38)/Reactive Jar,InteractableShrine,240537,level15,
level15:240538,Winter,Shrine,Reactive Jar,-615.690002,326.359985,194.899994,,,,True,True,,,Reactive Jar,Environment/MISC/Reactive Jars/Jar Holder (46)/Reactive Jar,InteractableShrine,240538,level15,
level15:240539,Winter,Shrine,Reactive Jar,-835.48999,73.721001,-114.220001,,,,True,True,,,Reactive Jar,Environment/MISC/Reactive Jars/Jar Holder (17)/Reactive Jar,InteractableShrine,240539,level15,
level15:240540,Winter,Shrine,Reactive Jar,-883.289978,235.350006,182.839996,,,,True,False,,,Reactive Jar,Environment/MISC/Reactive Jars/Jar Holder (45)/Reactive Jar,InteractableShrine,240540,level15,
level15:240541,Winter,Shrine,Reactive Jar,-595.041992,344.657013,468.908997,,,,True,True,,,Reactive Jar,Environment/MISC/Reactive Jars/Jar Holder (54)/Reactive Jar,InteractableShrine,240541,level15,
level15:240542,Winter,Shrine,Reactive Jar,-66.37355,8.3,206.316833,,,,True,False,,,Reactive Jar,Environment/MISC/Reactive Jars/Jar Holder (26)/Reactive Jar,InteractableShrine,240542,level15,
level15:240543,Winter,Shrine,Reactive Jar,-529.22998,8.74,-277.630005,,,,True,True,,,Reactive Jar,Environment/MISC/Reactive Jars/Jar Holder (11)/Reactive Jar,InteractableShrine,240543,level15,
level15:240544,Winter,Shrine,Reactive Jar,-172.621994,2.277,260.175995,,,,True,False,,,Reactive Jar,Environment/MISC/Reactive Jars/Jar Holder (1)/Reactive Jar,InteractableShrine,240544,level15,
level15:240545,Winter,Shrine,Reactive Jar,-402.022003,9.92,-260.40799,,,,True,True,,,Reactive Jar,Environment/MISC/Reactive Jars/Jar Holder (8)/Reactive Jar,InteractableShrine,240545,level15,
level15:240546,Winter,Shrine,Reactive Jar,-660.906006,-0.059,-35.203999,,,,True,True,,,Reactive Jar,Environment/MISC/Reactive Jars/Jar Holder (16)/Reactive Jar,InteractableShrine,240546,level15,
level15:240547,Winter,Shrine,Reactive Jar,-294.63269,0.44,71.071106,,,,True,True,,,Reactive Jar,Environment/MISC/Reactive Jars/Jar Holder (29)/Reactive Jar,InteractableShrine,240547,level15,
level15:240548,Winter,Shrine,Reactive Jar,-667.166809,235.001114,-100.069786,,,,True,True,,,Reactive Jar,Environment/MISC/Reactive Jars/Jar Holder (41)/Reactive Jar,InteractableShrine,240548,level15,
level15:240549,Winter,Shrine,Reactive Jar,-149.160004,141.720001,406.040009,,,,True,True,,,Reactive Jar,Environment/MISC/Reactive Jars/Jar Holder (32)/Reactive Jar,InteractableShrine,240549,level15,
level15:240550,Winter,Shrine,Reactive Jar,-504.512909,60.130001,531.436707,,,,True,True,,,Reactive Jar,Environment/MISC/Reactive Jars/Jar Holder (56)/Reactive Jar,InteractableShrine,240550,level15,
level15:240551,Winter,Shrine,Reactive Jar,-319.200012,1.35,204.300003,,,,True,True,,,Reactive Jar,Environment/MISC/Reactive Jars/Jar Holder (25)/Reactive Jar,InteractableShrine,240551,level15,
level15:240552,Winter,Shrine,Reactive Jar,-899.463013,0.306,181.240997,,,,True,True,,,Reactive Jar,Environment/MISC/Reactive Jars/Jar Holder (42)/Reactive Jar,InteractableShrine,240552,level15,
level15:240553,Winter,Shrine,Reactive Jar,-653.570007,151.108994,442.821991,,,,True,True,,,Reactive Jar,Environment/MISC/Reactive Jars/Jar Holder (52)/Reactive Jar,InteractableShrine,240553,level15,
level15:240554,Winter,Shrine,Reactive Jar,-27.591999,3.207,-238.421005,,,,True,True,,,Reactive Jar,Environment/MISC/Reactive Jars/Jar Holder (4)/Reactive Jar,InteractableShrine,240554,level15,
level15:240555,Winter,Shrine,Reactive Jar,-199.216003,148.261002,-77.511002,,,,True,True,,,Reactive Jar,Environment/MISC/Reactive Jars/Jar Holder (36)/Reactive Jar,InteractableShrine,240555,level15,
level15:240556,Winter,Shrine,Reactive Jar,-362.516998,175.578995,-184.725998,,,,True,True,,,Reactive Jar,Environment/MISC/Reactive Jars/Jar Holder (53)/Reactive Jar,InteractableShrine,240556,level15,
level15:240557,Winter,Shrine,Reactive Jar,-414.312317,14.08,133.8396,,,,True,False,,,Reactive Jar,Environment/MISC/Reactive Jars/Jar Holder (24)/Reactive Jar,InteractableShrine,240557,level15,
level15:240558,Winter,Shrine,Reactive Jar,-459.179993,7.54,288.339996,,,,True,True,,,Reactive Jar,Environment/MISC/Reactive Jars/Jar Holder (23)/Reactive Jar,InteractableShrine,240558,level15,
level15:240559,Winter,Shrine,Reactive Jar,-631.140015,2.37,297.100006,,,,True,False,,,Reactive Jar,Environment/MISC/Reactive Jars/Jar Holder (21)/Reactive Jar,InteractableShrine,240559,level15,
level15:240560,Winter,Shrine,Reactive Jar,-680.990417,27.336,125.80986,,,,True,True,,,Reactive Jar,Environment/MISC/Reactive Jars/Jar Holder (20)/Reactive Jar,InteractableShrine,240560,level15,
level15:240561,Winter,Shrine,Reactive Jar,-426.970001,60.869999,364.880005,,,,True,True,,,Reactive Jar,Environment/MISC/Reactive Jars/Jar Holder (58)/Reactive Jar,InteractableShrine,240561,level15,
level15:240562,Winter,Shrine,Reactive Jar,-410.727997,4.961,-249.460007,,,,True,False,,,Reactive Jar,Environment/MISC/Reactive Jars/Jar Holder (9)/Reactive Jar,InteractableShrine,240562,level15,
level15:240563,Winter,Shrine,Reactive Jar,-797.903015,16.458,70.521004,,,,True,True,,,Reactive Jar,Environment/MISC/Reactive Jars/Jar Holder (18)/Reactive Jar,InteractableShrine,240563,level15,
level15:240564,Winter,Shrine,Reactive Jar,-101.519318,2.484102,396.154541,,,,True,True,,,Reactive Jar,Environment/MISC/Reactive Jars/Jar Holder (62)/Reactive Jar,InteractableShrine,240564,level15,
level15:240565,Winter,Shrine,Reactive Jar,-525.539978,64.559998,483.23999,,,,True,True,,,Reactive Jar,Environment/MISC/Reactive Jars/Jar Holder (55)/Reactive Jar,InteractableShrine,240565,level15,
level15:240566,Winter,Shrine,Reactive Jar,-864.619995,103.839996,140.080002,,,,True,True,,,Reactive Jar,Environment/MISC/Reactive Jars/Jar Holder (43)/Reactive Jar,InteractableShrine,240566,level15,
level15:240567,Winter,Shrine,Reactive Jar,-117.349998,19.889999,-181.179993,,,,True,True,,,Reactive Jar,Environment/MISC/Reactive Jars/Jar Holder (5)/Reactive Jar,InteractableShrine,240567,level15,
level15:240568,Winter,Shrine,Reactive Jar,-812.254028,0.051,-321.851013,,,,True,True,,,Reactive Jar,Environment/MISC/Reactive Jars/Jar Holder (14)/Reactive Jar,InteractableShrine,240568,level15,
level15:240569,Winter,Shrine,Reactive Jar,-130.945999,97.384003,135.654999,,,,True,True,,,Reactive Jar,Environment/MISC/Reactive Jars/Jar Holder (2)/Reactive Jar,InteractableShrine,240569,level15,
level15:240570,Winter,Shrine,Reactive Jar,-793.054993,64.036003,505.097992,,,,True,True,,,Reactive Jar,Environment/MISC/Reactive Jars/Jar Holder (59)/Reactive Jar,InteractableShrine,240570,level15,
level15:240571,Winter,Shrine,Reactive Jar,-623.083252,199.699997,192.312454,,,,True,True,,,Reactive Jar,Environment/MISC/Reactive Jars/Jar Holder (50)/Reactive Jar,InteractableShrine,240571,level15,
level15:240572,Winter,Shrine,Reactive Jar,-641.669983,199.929993,153.399994,,,,True,True,,,Reactive Jar,Environment/MISC/Reactive Jars/Jar Holder (48)/Reactive Jar,InteractableShrine,240572,level15,
level15:240573,Winter,Shrine,Reactive Jar,-710.309998,59.779999,327.910004,,,,True,True,,,Reactive Jar,Environment/MISC/Reactive Jars/Jar Holder (61)/Reactive Jar,InteractableShrine,240573,level15,
level15:240574,Winter,Shrine,Reactive Jar,-463.532013,2.461,-385.252991,,,,True,True,,,Reactive Jar,Environment/MISC/Reactive Jars/Jar Holder (10)/Reactive Jar,InteractableShrine,240574,level15,
level15:240575,Winter,Shrine,Reactive Jar,-132.009995,97.238998,142.630005,,,,True,True,,,Reactive Jar,Environment/MISC/Reactive Jars/Jar Holder (31)/Reactive Jar,InteractableShrine,240575,level15,
level15:240576,Winter,Shrine,Reactive Jar,-540.825989,86.741997,412.518005,,,,True,True,,,Reactive Jar,Environment/MISC/Reactive Jars/Jar Holder (57)/Reactive Jar,InteractableShrine,240576,level15,
level15:240577,Winter,Shrine,Reactive Jar,-540.915466,200.143005,198.81218,,,,True,True,,,Reactive Jar,Environment/MISC/Reactive Jars/Jar Holder (49)/Reactive Jar,InteractableShrine,240577,level15,
level15:240578,Winter,Shrine,Reactive Jar,-826.780029,260.209991,-279.399994,,,,False,False,,,Reactive Jar,Environment/MISC/Reactive Jars/Jar Holder (40)/Reactive Jar,InteractableShrine,240578,level15,
level15:240579,Winter,Shrine,Reactive Jar,-106.514999,215.917007,396.375,,,,True,True,,,Reactive Jar,Environment/MISC/Reactive Jars/Jar Holder (33)/Reactive Jar,InteractableShrine,240579,level15,
level15:240582,Winter,NPC,Charlese,-170.715971,5.4206,317.267864,,,,True,True,,,Mt.CroobFrog2,Frog Folder/Mountains/Mt.Croob/Winter/Mt.CroobFrog2,NpcBase,240582,level15,
level15:240588,Winter,NPC,Max,-746.419983,16.440001,137.899994,,,,False,False,,,Bazzar2,Frog Folder/Misc/Bazaar/Bazzar2,NpcBase,240588,level15,
level15:240595,Winter,NPC,Milton,-578.104747,324.303005,183.169437,,,,True,True,,,Mt.ThunderFrog4,Frog Folder/Mountains/Mt.Thunder/Winter/Mt.ThunderFrog4,NpcBase,240595,level15,
level15:240596,Winter,NPC,Cultist,-848.679993,0.053,-331.269989,,,,True,True,,,Cult7,Frog Folder/Cult/Cult7,NpcBase,240596,level15,
level15:240600,Winter,NPC,Graham,-464.511993,7.46,283.662994,,,,True,True,,,LakeFrog3,Frog Folder/Water/Lake/Winter/LakeFrog3,NpcBase,240600,level15,
level15:240604,Winter,NPC,Tristan,-852.59552,70.145775,-149.195633,,,,True,True,,,CastleResident6,Frog Folder/Castle Holiday/Winter/CastleResident6,NpcBase,240604,level15,
level15:240607,Winter,Quest target,Lily,-384.170013,8.762,-248.369995,Rescue Teemo!,target,,True,True,,,Pottery2,Frog Folder/Quest/Targets/Pottery2,NpcBase,240607,level15,
level15:240609,Winter,NPC,Paddy,-847.365967,143.229996,162.199997,,,,True,True,,,Mt.TownFrog4,Frog Folder/Mountains/Mt.Town/Winter/Mt.TownFrog4,NpcBase,240609,level15,
level15:240616,Winter,NPC,Siena,-240.352782,58.518998,176.545425,,,,True,True,,,Mt.OrangeStandFrog2,Frog Folder/Mountains/Mt.Orange/Winter/Mt.OrangeStandFrog2,NpcBase,240616,level15,
level15:240620,Winter,NPC,Cam,-575.432749,225.959009,-354.102605,,,,True,True,,,Mt.ConeFrog1,Frog Folder/Mountains/Mt. Cone/Winter/Mt.ConeFrog1,NpcBase,240620,level15,
level15:240622,Winter,NPC,Welan,-635.442017,231.112,-119.569,,,,True,True,,,Mt.HandsFrog1,Frog Folder/Mountains/Mt. Hands/Winter/Mt.HandsFrog1,NpcBase,240622,level15,
level15:240625,Winter,NPC,Max,-648.85498,0.032,-56.523998,,,,True,True,,,PizzaFrog,Frog Folder/Misc/Winter Festival/PizzaFrog,NpcBase,240625,level15,
level15:240629,Winter,NPC,Potter,-793.890015,60.07,443.179993,,,,True,True,,,Snowman6,Frog Folder/Plateaua/Snowmen/Snowman6,NpcBase,240629,level15,
level15:240631,Winter,NPC,Chopper,-496.483002,60.032001,520.142029,,,,True,True,,,Plateau2,Frog Folder/Plateaua/Huts/Winter/Plateau2,NpcBase,240631,level15,
level15:240635,Winter,NPC,Alvin,-669.669983,0.03,-65.050003,,,,False,False,,,Festival1,Frog Folder/Misc/Winter Festival/Festival1,NpcBase,240635,level15,
level15:240636,Winter,Quest giver,Pliny,-253.008774,2.455,480.513428,Pliny's Tractor,giver,,True,True,,,ByStander1,Frog Folder/Quest/Done/Mush/ByStander1,NpcBase,240636,level15,
level15:240638,Winter,NPC,Foster,-817.130005,77.699997,496.839996,,,,True,True,,,Snowman5,Frog Folder/Plateaua/Snowmen/Snowman5,NpcBase,240638,level15,
level15:240640,Winter,NPC,Gino,-321.096772,1.1942,93.705422,,,,True,True,,,SignFrog,Frog Folder/Mountains/Mt.Blue/Winter/SignFrog,NpcBase,240640,level15,
level15:240645,Winter,NPC,Cultist,-837.859985,0.096,-322.869995,,,,True,True,,,Cult6,Frog Folder/Cult/Cult6,NpcBase,240645,level15,
level15:240647,Winter,NPC,Brenda,-601.264781,200.727002,246.529435,,,,True,True,,,Mt.ThunderFrog6,Frog Folder/Mountains/Mt.Thunder/Winter/Mt.ThunderFrog6,NpcBase,240647,level15,
level15:240650,Winter,NPC,Blair,-826.720947,40.295101,-79.046188,,,,True,True,,,CastleResident3,Frog Folder/Castle Holiday/Winter/CastleResident3,NpcBase,240650,level15,
level15:240652,Winter,NPC,Shopkeep,-543.98999,9.0,238.580002,,,,False,False,,,Seller Book Town,Frog Folder/Other Towns/Book Town/Winter/Seller Book Town,NpcBase,240652,level15,
level15:240655,Winter,NPC,Brindle,-876.153704,0.773338,74.643324,,,,False,False,,,HutFrog2,Frog Folder/Huts/Demo Area/Winter/HutFrog2,NpcBase,240655,level15,
level15:240659,Winter,NPC,Brent,-337.136047,1.897188,208.580688,,,,True,True,,,BriefCaseFrog(DialogueHolder),Frog Folder/Misc/BriefCaseFrog(DialogueHolder),NpcBase,240659,level15,
level15:240662,Winter,NPC,Bob,-160.880778,190.167004,-101.222609,,,,True,True,,,BriefCaseFrog2,Frog Folder/Mountains/Mt.Tree/Winter/BriefCaseFrog2,NpcBase,240662,level15,
level15:240665,Winter,NPC,Walter,-374.359985,3.03,293.339996,,,,True,True,,,Farmer2,Frog Folder/Misc/Farms/Farmer2,NpcBase,240665,level15,
level15:240667,Winter,Quest giver,Tobin,-436.536774,34.031002,91.953423,Broken Wind Turbine!,giver,,True,True,,,TownFrog3,Frog Folder/Quest/Done/Bolts/TownFrog3,NpcBase,240667,level15,
level15:240669,Winter,NPC,Tris,-841.39502,0.078,-235.951004,,,,False,False,,,Punk7,Frog Folder/Punk Camp/Punk7,NpcBase,240669,level15,
level15:240843,Winter,NPC,Cooper,-607.184448,0.641347,-1.850615,,,,True,True,,,TractorRaceFrog,Environment/Manmade/Mini Games/Tractor Racer/TractorRaceFrog,NpcBase,240843,level15,
level15:240895,Winter,Quest pickup,QI-OpenMatches,-79.024681,108.020836,357.733643,Missing Matches!,pickup,,False,False,,,QI-OpenMatches,Environment/Quest Items/QI-OpenMatches,CollectableQuestItem,240895,level15,
level15:240896,Winter,Quest pickup,QI-Guitar,-858.427124,66.127998,-179.509995,Lost Guitar!,pickup,,False,False,,,QI-Guitar,Environment/Quest Items/QI-Guitar,CollectableQuestItem,240896,level15,
level15:240897,Winter,Quest pickup,QI - Frog Detect,-531.01001,11.668,253.199997,Missing Book!,pickup,,False,False,,,QI - Frog Detect,Environment/Quest Items/QI - Frog Detect,CollectableQuestItem,240897,level15,
level15:240898,Winter,Quest pickup,QI-Hat2,-746.263,16.868999,130.261002,Crasher's Lost Hat!,pickup,,False,False,,,QI-Hat2,Environment/Quest Items/QI-Hat2,CollectableQuestItem,240898,level15,
level15:241054,Winter,Bolt,CollectableBolt,-822.292603,1.981437,-421.747314,,,,True,False,,,CollectableBolt,Environment/MISC/Presents/Small/present-box/BoltHolder/CollectableBolt,CollectableBolt,241054,level15,
level15:241551,Winter,Quest pickup,QI - Pink + Blue Blanket,-840.853027,12.425,-5.902,Forgotten Blanket!,pickup,,False,False,,,QI - Pink + Blue Blanket,Environment/Quest Items/QI - Pink + Blue Blanket,CollectableQuestItem,241551,level15,
level15:241552,Winter,Quest pickup,QI - Matches,-294.228455,2.462,109.217003,Scone's Lost Matches!,pickup,,False,False,,,QI - Matches,Environment/Quest Items/QI - Matches,CollectableQuestItem,241552,level15,
level15:241589,Winter,NPC,Tristan,-775.277544,0.732105,-341.452434,,,,True,True,,,NormalFrogPrefab,Patrolling/Motor/MotorBike Patrol Holder_Norm/motorbike-old/NormalFrogPrefab,NpcBase,241589,level15,
level15:242430,Winter,NPC,Linda,-769.903763,16.672246,70.410858,,,,True,True,,,WallTown1,Patrolling/Walk/PatrolFrogCurvy/WallTown1,NpcBase,242430,level15,
level15:242513,Winter,Bolt,CollectableBolt (120),-800.822361,2.704896,-183.53395,,,,False,False,,,CollectableBolt (120),Environment/MISC/Washing Lines/Clothes Line (6)/egypt-crate/CollectableBolt (120),CollectableBolt,242513,level15,
level15:242514,Winter,Bolt,CollectableBolt (120),-305.218267,0.919672,488.384436,,,,False,False,,,CollectableBolt (120),Environment/MISC/Washing Lines/Clothes Line/egypt-crate/CollectableBolt (120),CollectableBolt,242514,level15,
level15:242515,Winter,Bolt,CollectableBolt (120),-801.722281,65.466529,500.875586,,,,False,False,,,CollectableBolt (120),Environment/MISC/Washing Lines/Clothes Line (13)/egypt-crate/CollectableBolt (120),CollectableBolt,242515,level15,
level15:242516,Winter,Bolt,CollectableBolt (120),-637.120016,3.822189,295.380851,,,,False,False,,,CollectableBolt (120),Environment/MISC/Washing Lines/Clothes Line (1)/egypt-crate/CollectableBolt (120),CollectableBolt,242516,level15,
level15:242517,Winter,Bolt,CollectableBolt (120),-881.227754,1.235796,81.877816,,,,False,False,,,CollectableBolt (120),Environment/MISC/Washing Lines/Clothes Line (4)/egypt-crate/CollectableBolt (120),CollectableBolt,242517,level15,
level15:242518,Winter,Bolt,CollectableBolt (120),-420.353089,5.852547,-258.267508,,,,False,False,,,CollectableBolt (120),Environment/MISC/Washing Lines/Clothes Line (10)/egypt-crate/CollectableBolt (120),CollectableBolt,242518,level15,
level15:242519,Winter,Bolt,CollectableBolt (120),-784.233505,17.323535,80.283686,,,,False,False,,,CollectableBolt (120),Environment/MISC/Washing Lines/Clothes Line (3)/egypt-crate/CollectableBolt (120),CollectableBolt,242519,level15,
level15:242520,Winter,Bolt,CollectableBolt (120),-856.837926,70.704995,-135.03325,,,,False,False,,,CollectableBolt (120),Environment/MISC/Washing Lines/Clothes Line (7)/egypt-crate/CollectableBolt (120),CollectableBolt,242520,level15,
level15:242521,Winter,Bolt,CollectableBolt (120),-824.751154,2.252874,-231.11192,,,,False,False,,,CollectableBolt (120),Environment/MISC/Washing Lines/Clothes Line (8)/egypt-crate/CollectableBolt (120),CollectableBolt,242521,level15,
level15:242522,Winter,Bolt,CollectableBolt (120),-790.960593,65.283724,499.112013,,,,False,False,,,CollectableBolt (120),Environment/MISC/Washing Lines/Clothes Line (14)/egypt-crate/CollectableBolt (120),CollectableBolt,242522,level15,
level15:242523,Winter,Bolt,CollectableBolt (120),-102.1892,5.083614,337.746643,,,,False,False,,,CollectableBolt (120),Environment/MISC/Washing Lines/Clothes Line (12)/egypt-crate/CollectableBolt (120),CollectableBolt,242523,level15,
level15:242524,Winter,Bolt,CollectableBolt (120),-470.390436,3.094209,-377.611786,,,,False,False,,,CollectableBolt (120),Environment/MISC/Washing Lines/Clothes Line (11)/egypt-crate/CollectableBolt (120),CollectableBolt,242524,level15,
level15:242525,Winter,Bolt,CollectableBolt (120),-751.527027,17.066389,137.66346,,,,False,False,,,CollectableBolt (120),Environment/MISC/Washing Lines/Clothes Line (2)/egypt-crate/CollectableBolt (120),CollectableBolt,242525,level15,
level15:242526,Winter,Bolt,CollectableBolt (120),-550.354467,3.377769,28.797379,,,,False,False,,,CollectableBolt (120),Environment/MISC/Washing Lines/Clothes Line (5)/egypt-crate/CollectableBolt (120),CollectableBolt,242526,level15,
level15:242795,Winter,NPC,Vera,-675.570007,326.971985,485.559998,,,,True,True,,,Mt.ShroomFrog1,Frog Folder/Mountains/Mt. Shroom/Winter/Mt.ShroomFrog1,NpcBase,242795,level15,
level15:242801,Winter,NPC,Herla,-79.056766,5.4446,322.833416,,,,True,True,,,MtCroobFrog1,Frog Folder/Mountains/Mt.Croob/Winter/MtCroobFrog1,NpcBase,242801,level15,
level15:242804,Winter,NPC,Taylor,-250.244003,3.289,-302.506012,,,,True,True,,,RiverHutFrog3,Frog Folder/Water/River Huts/Winter/RiverHutFrog3,NpcBase,242804,level15,
level15:242807,Winter,NPC,Rico,-664.119995,-0.027,-54.359001,,,,True,True,,,Festival4,Frog Folder/Misc/Winter Festival/Festival4,NpcBase,242807,level15,
level15:242809,Winter,NPC,Rita,-818.007996,1.962,-214.988998,,,,True,True,,,Punk3,Frog Folder/Punk Camp/Punk3,NpcBase,242809,level15,
level15:242811,Winter,Quest giver,Crasher,-705.072754,11.999001,-145.206543,Crasher's Lost Hat!,giver,,True,True,,,Mechanic3,Frog Folder/Quest/Done/Bolts/Mechanic3,NpcBase,242811,level15,
level15:242817,Winter,NPC,Rose,-636.488768,3.839,-197.174582,,,,True,True,,,HutFrog1,Frog Folder/Huts/Demo Area/Winter/HutFrog1,NpcBase,242817,level15,
level15:242819,Winter,Quest giver,Samia,-861.419983,104.57,134.960007,Samia's Lost Teddy!,giver,,True,True,,,Mt.TownFrog5,Frog Folder/Quest/Done/Gacha/Mt.TownFrog5,NpcBase,242819,level15,
level15:242822,Winter,NPC,Rose,-160.855143,39.991801,-226.691373,,,,True,True,,,HutFrog3,Frog Folder/Misc/Spooky Area/Winter/HutFrog3,NpcBase,242822,level15,
level15:242824,Winter,NPC,Linda,-770.02002,16.681,67.851997,,,,False,False,,,WallTown1,Frog Folder/Other Towns/Walled Town/Winter/WallTown1,NpcBase,242824,level15,
level15:242826,Winter,NPC,Mimi,-624.897057,1.716338,293.904436,,,,True,True,,,HutFrog6,Frog Folder/Huts/Demo Area/Winter/HutFrog6,NpcBase,242826,level15,
level15:242829,Winter,NPC,Lynn,-153.457054,0.385338,8.232419,,,,True,True,,,ReadingMap,Frog Folder/Huts/Demo Area/Winter/ReadingMap,NpcBase,242829,level15,
level15:242832,Winter,NPC,Moose,-69.309573,119.367003,376.811053,,,,True,True,,,HangingFrog1,Frog Folder/Mountains/Mt.Croob/Winter/HangingFrog1,NpcBase,242832,level15,
level15:242833,Winter,Quest giver,Sim,-824.942993,1.508,-227.052002,Lost Guitar!,giver,,True,True,,,Punk2,Frog Folder/Quest/Done/Bolts/Punk2,NpcBase,242833,level15,
level15:242836,Winter,NPC,Gnash,-671.096008,1.124,249.838104,,,,False,False,,,Digger2,Frog Folder/Misc/Big Bone Site/Digger2,NpcBase,242836,level15,
level15:242841,Winter,Quest giver,Nickolai,-676.357971,17.99,85.582001,Nickolai's Glasses!,giver,,True,True,,,Farmer1,Frog Folder/Quest/Done/Mush/Farmer1,NpcBase,242841,level15,
level15:242846,Winter,Quest target,Mica,-223.033005,3.451,-309.90799,Present Delivery!,target,,True,True,,,RiverHutFrog2,Frog Folder/Quest/Targets/RiverHutFrog2,NpcBase,242846,level15,
level15:242849,Winter,NPC,Lea,-718.808777,11.471001,-396.094604,,,,False,False,,,SquareHouseFrog1,Frog Folder/Misc/Square Houses/SquareHouseFrog1,NpcBase,242849,level15,
level15:242852,Winter,Quest giver,Gina,-816.059021,2.166,-414.548004,Present Delivery!,giver,,True,True,,,SquareHouseFrog2,Frog Folder/Quest/Done/Gacha/SquareHouseFrog2,NpcBase,242852,level15,
level15:242855,Winter,NPC,Simone,-131.066373,110.656603,390.613422,,,,True,True,,,SittingOnRockSittingFrog1,Frog Folder/Mountains/Mt.Croob/Winter/SittingOnRockSittingFrog1,NpcBase,242855,level15,
level15:242858,Winter,Quest giver,Anna,-94.454025,9.352338,-115.929573,Missing Book!,giver,,True,True,,,CrazyGlasses,Frog Folder/Quest/Done/Bolts/CrazyGlasses,NpcBase,242858,level15,
level15:243015,Winter,Suitcase,suitcase-big,-842.825195,225.250992,161.911285,,,,True,True,,,suitcase-big,Environment/MISC/Suitcase/suitcase-big,SuitcaseOpenScript,243015,level15,
level15:243657,Winter,NPC,Basher,-587.869995,0.04,85.690002,,,,True,True,,,MemoryFrog,Environment/Manmade/Mini Games/Memory Game/MemoryFrog,NpcBase,243657,level15,
level15:244934,Winter,Quest pickup,QI-Hat1,-533.795715,11.787,248.626999,Coolio's Missing Hat!,pickup,,False,False,,,QI-Hat1,Environment/Quest Items/QI-Hat1,CollectableQuestItem,244934,level15,
level15:244940,Winter,NPC,EN,-357.378356,0.27,423.815156,,,,False,False,,,SpeedClimbFrog,Environment/Manmade/Mini Games/SpeedClimb/SpeedClimbFrog,NpcBase,244940,level15,
level15:245666,Winter,NPC,Jill,-169.727966,1.029562,-145.341507,,,,True,True,,,Cycle7,Patrolling/Bicycle/Bike Patrol Holder_Fat/BikeMesh/Cycle7,NpcBase,245666,level15,
level15:246242,Winter,Shrine,present-box-base,-786.89978,2.913,-216.300385,,,,True,True,,,present-box-base,Environment/MISC/Presents/present-box - Large (5)/present-box-base,InteractableShrine,246242,level15,
level15:246243,Winter,Shrine,present-box-base,-817.094971,2.124154,-421.880005,,,,True,False,,,present-box-base,Environment/MISC/Presents/Tall/present-box - Tall (1)/present-box-base,InteractableShrine,246243,level15,
level15:246244,Winter,Shrine,present-box-base,-287.76001,3.52,-278.899994,,,,True,True,,,present-box-base,Environment/MISC/Presents/present-box - Tall (5)/present-box-base,InteractableShrine,246244,level15,
level15:246245,Winter,Shrine,present-box-base,-820.940002,2.128733,-426.48999,,,,True,False,,,present-box-base,Environment/MISC/Presents/Large/present-box - Large (2)/present-box-base,InteractableShrine,246245,level15,
level15:246246,Winter,Shrine,present-box-base,-354.940277,0.419,436.408997,,,,True,True,,,present-box-base,Environment/MISC/Presents/present-box - Large (11)/present-box-base,InteractableShrine,246246,level15,
level15:246247,Winter,Shrine,present-box-base,-839.621094,0.054,-332.553009,,,,True,True,,,present-box-base,Environment/MISC/Presents/present-box - Large (4)/present-box-base,InteractableShrine,246247,level15,
level15:246248,Winter,Shrine,present-box-base,-816.094971,2.124154,-421.880005,,,,True,False,,,present-box-base,Environment/MISC/Presents/Tall/present-box - Tall (2)/present-box-base,InteractableShrine,246248,level15,
level15:246249,Winter,Shrine,present-box-base,-371.40799,0.654,189.031998,,,,True,True,,,present-box-base,Environment/MISC/Presents/present-box - Tall (10)/present-box-base,InteractableShrine,246249,level15,
level15:246250,Winter,Shrine,present-box-base,-822.440002,2.128733,-426.48999,,,,True,False,,,present-box-base,Environment/MISC/Presents/Large/present-box - Large (3)/present-box-base,InteractableShrine,246250,level15,
level15:246251,Winter,Shrine,present-box-base,-338.131989,0.33,-214.126007,,,,True,True,,,present-box-base,Environment/MISC/Presents/present-box - Tall (4)/present-box-base,InteractableShrine,246251,level15,
level15:246252,Winter,Shrine,present-box-base,-57.078999,0.7,-201.084366,,,,True,True,,,present-box-base,Environment/MISC/Presents/present-box - Tall (6)/present-box-base,InteractableShrine,246252,level15,
level15:246253,Winter,Shrine,present-box-base,-244.748001,12.231,-4.913,,,,True,True,,,present-box-base,Environment/MISC/Presents/present-box - Tall (7)/present-box-base,InteractableShrine,246253,level15,
level15:246254,Winter,Shrine,present-box-base,-818.094971,2.124154,-421.880005,,,,True,False,,,present-box-base,Environment/MISC/Presents/Tall/present-box - Tall/present-box-base,InteractableShrine,246254,level15,
level15:246255,Winter,Shrine,present-box-base,-815.094971,2.124154,-421.880005,,,,True,True,,,present-box-base,Environment/MISC/Presents/Tall/present-box - Tall (3)/present-box-base,InteractableShrine,246255,level15,
level15:246256,Winter,Shrine,present-box-base,-447.670013,0.35,-65.540489,,,,True,True,,,present-box-base,Environment/MISC/Presents/present-box - Large (8)/present-box-base,InteractableShrine,246256,level15,
level15:246257,Winter,Shrine,present-box-base,-545.635254,0.352,112.489784,,,,True,True,,,present-box-base,Environment/MISC/Presents/present-box - Large (9)/present-box-base,InteractableShrine,246257,level15,
level15:246258,Winter,Shrine,present-box-base,-869.93103,72.586998,207.459,,,,True,True,,,present-box-base,Environment/MISC/Presents/present-box - Tall (8)/present-box-base,InteractableShrine,246258,level15,
level15:246259,Winter,Shrine,present-box-base,-810.369995,8.859,-35.773998,,,,True,True,,,present-box-base,Environment/MISC/Presents/present-box - Tall (9)/present-box-base,InteractableShrine,246259,level15,
level15:246260,Winter,Shrine,present-box-base,-591.25,161.270004,170.929993,,,,True,True,,,present-box-base,Environment/MISC/Presents/present-box - Large (10)/present-box-base,InteractableShrine,246260,level15,
level15:246261,Winter,Shrine,present-box-base,-816.228027,2.128733,-424.295013,,,,True,True,,,present-box-base,Environment/MISC/Presents/Large/present-box - Large/present-box-base,InteractableShrine,246261,level15,
level15:246262,Winter,Shrine,present-box-base,-819.440002,2.128733,-426.48999,,,,True,False,,,present-box-base,Environment/MISC/Presents/Large/present-box - Large (1)/present-box-base,InteractableShrine,246262,level15,
level15:246263,Winter,Shrine,present-box-base,-560.617981,5.294,6.267434,,,,True,True,,,present-box-base,Environment/MISC/Presents/present-box - Large (7)/present-box-base,InteractableShrine,246263,level15,
level15:246264,Winter,Shrine,present-box-base,-589.063599,0.49,-49.23172,,,,True,True,,,present-box-base,Environment/MISC/Presents/present-box - Large (6)/present-box-base,InteractableShrine,246264,level15,
level15:246265,Winter,Shrine,present-box-base,-108.68,13.64,295.670013,,,,True,False,,,present-box-base,Environment/MISC/Presents/present-box - Tall (11)/present-box-base,InteractableShrine,246265,level15,
level15:246513,Winter,NPC,Alvin,-671.47377,0.029246,-62.919159,,,,True,True,,,Festival1,Patrolling/Walk/PatrolFrogFat (2)/Festival1,NpcBase,246513,level15,
level15:246516,Winter,NPC,Brindle,-876.113785,0.759246,73.730865,,,,True,True,,,HutFrog2,Patrolling/Walk/PatrolFrogFat/HutFrog2,NpcBase,246516,level15,
level15:246518,Winter,NPC,Tris,-842.783768,0.069246,-235.259125,,,,True,True,,,Punk7,Patrolling/Walk/PatrolFrogFat (1)/Punk7,NpcBase,246518,level15,
level15:246520,Winter,NPC,Lily,-384.823761,8.640245,-248.434113,,,,False,False,,,Pottery2,Patrolling/Walk/PatrolFrogFat (3)/Pottery2,NpcBase,246520,level15,
level15:246632,Winter,Polaroid,PolaroidCollectable 26,-740.020233,19.893503,41.988373,,,,True,True,,,PolaroidCollectable 26,PhotoStuff/Collectables/PolaroidCollectable 26,CollectablePolaroid,246632,level15,
level15:246633,Winter,Polaroid,PolaroidCollectable 17,-342.810425,2.586503,199.711666,,,,True,True,,,PolaroidCollectable 17,PhotoStuff/Collectables/PolaroidCollectable 17,CollectablePolaroid,246633,level15,
level15:246634,Winter,Polaroid,PolaroidCollectable 27,-615.831421,1.082502,269.825666,,,,True,True,,,PolaroidCollectable 27,PhotoStuff/Collectables/PolaroidCollectable 27,CollectablePolaroid,246634,level15,
level15:246635,Winter,Polaroid,PolaroidCollectable 29,-782.550934,1.073503,-285.540344,,,,True,True,,,PolaroidCollectable 29,PhotoStuff/Collectables/PolaroidCollectable 29,CollectablePolaroid,246635,level15,
level15:246636,Winter,Polaroid,PolaroidCollectable 19,-230.617941,9.799503,256.414398,,,,True,True,,,PolaroidCollectable 19,PhotoStuff/Collectables/PolaroidCollectable 19,CollectablePolaroid,246636,level15,
level15:246637,Winter,Polaroid,PolaroidCollectable 16,-280.69165,2.458429,-65.441101,,,,True,True,,,PolaroidCollectable 16,PhotoStuff/Collectables/PolaroidCollectable 16,CollectablePolaroid,246637,level15,
level15:246638,Winter,Polaroid,PolaroidCollectable 23,-693.060944,13.113503,-142.290344,,,,True,True,,,PolaroidCollectable 23,PhotoStuff/Collectables/PolaroidCollectable 23,CollectablePolaroid,246638,level15,
level15:246639,Winter,Polaroid,PolaroidCollectable 24,-477.022125,17.094502,230.892666,,,,True,True,,,PolaroidCollectable 24,PhotoStuff/Collectables/PolaroidCollectable 24,CollectablePolaroid,246639,level15,
level15:246640,Winter,Polaroid,PolaroidCollectable 18,-419.080261,1.053503,-108.96524,,,,True,True,,,PolaroidCollectable 18,PhotoStuff/Collectables/PolaroidCollectable 18,CollectablePolaroid,246640,level15,
level15:246641,Winter,Polaroid,PolaroidCollectable 20,-80.740936,8.383503,193.805954,,,,True,True,,,PolaroidCollectable 20,PhotoStuff/Collectables/PolaroidCollectable 20,CollectablePolaroid,246641,level15,
level15:246642,Winter,Polaroid,PolaroidCollectable 28,-584.070953,342.553504,480.900024,,,,True,True,,,PolaroidCollectable 28,PhotoStuff/Collectables/PolaroidCollectable 28,CollectablePolaroid,246642,level15,
level15:246643,Winter,Polaroid,PolaroidCollectable 22,-459.058945,10.290503,-223.829102,,,,True,True,,,PolaroidCollectable 22,PhotoStuff/Collectables/PolaroidCollectable 22,CollectablePolaroid,246643,level15,
level15:246644,Winter,Polaroid,PolaroidCollectable 21,-440.960938,34.993503,84.710754,,,,True,True,,,PolaroidCollectable 21,PhotoStuff/Collectables/PolaroidCollectable 21,CollectablePolaroid,246644,level15,
level15:246645,Winter,Polaroid,PolaroidCollectable 25,-552.70282,226.40351,-350.503723,,,,True,True,,,PolaroidCollectable 25,PhotoStuff/Collectables/PolaroidCollectable 25,CollectablePolaroid,246645,level15,
level15:246660,Winter,NPC,Ed,-554.853775,0.328246,118.230865,,,,True,True,,,Airport2,Patrolling/Walk/PatrolFrogSkinny/Airport2,NpcBase,246660,level15,
level15:246733,Winter,Bolt,CollectableBolt (149),-880.174552,236.146443,184.27758,,,level15:249621,True,False,,,CollectableBolt (149),Environment/MISC/Chests/SM_Prop_Chest_Wood_01/Bolt Holder/CollectableBolt (149),CollectableBolt,246733,level15,
level15:246734,Winter,Bolt,CollectableBolt (150),-880.846572,236.144057,184.159191,,,level15:249621,True,False,,,CollectableBolt (150),Environment/MISC/Chests/SM_Prop_Chest_Wood_01/Bolt Holder/CollectableBolt (150),CollectableBolt,246734,level15,
level15:246998,Winter,NPC,Granola,-499.968994,22.218,-235.654999,,,,True,True,,,MushroomFrog1,Frog Folder/Misc/Mushroom Forest/Winter/MushroomFrog1,NpcBase,246998,level15,
level15:247000,Winter,Quest target,Yvan,-783.719971,76.599998,515.599976,Pot Lovers!,target,,True,True,,,PotLover2,Frog Folder/Quest/Targets/Pot Lovers/PotLover2,NpcBase,247000,level15,This NPC has a later quest position; coordinates shown are the initial scene placement.
level15:247005,Winter,NPC,Cultist,-807.05188,-0.01,-312.621063,,,,True,True,,,Cult2,Frog Folder/Cult/Cult2,NpcBase,247005,level15,
level15:247007,Winter,NPC,Jeremy,-182.864714,184.257825,-86.661293,,,,True,True,,,SittingMt.Tree,Frog Folder/Mountains/Mt.Tree/Winter/SittingMt.Tree,NpcBase,247007,level15,
level15:247008,Winter,NPC,Reia,-96.923172,174.121399,390.950214,,,,True,True,,,FrogSittingOnBench,Frog Folder/Mountains/Mt.Croob/Winter/FrogSittingOnBench,NpcBase,247008,level15,
level15:247014,Winter,NPC,Cultist,-818.997192,0.024,-310.933502,,,,True,True,,,Cult 1(DialogueHolder),Frog Folder/Cult/Cult 1(DialogueHolder),NpcBase,247014,level15,
level15:247017,Winter,NPC,Hamdi,-646.447021,4.763744,-273.89032,,,,True,True,,,LoungerBeachAttender2,Frog Folder/Water/Beach 2/Winter/LoungerBeachAttender2,NpcBase,247017,level15,
level15:247018,Winter,NPC,Scoob,-594.942393,160.775012,177.708621,,,,True,True,,,Mt.ThunderFrog2,Frog Folder/Mountains/Mt.Thunder/Winter/Mt.ThunderFrog2,NpcBase,247018,level15,
level15:247021,Winter,NPC,Brioche,-579.224791,200.246997,146.321414,,,,True,True,,,Mt.ThunderFrog7,Frog Folder/Mountains/Mt.Thunder/Winter/Mt.ThunderFrog7,NpcBase,247021,level15,
level15:247023,Winter,NPC,Jessy,-531.132019,59.966999,355.244995,,,,False,False,,,PlateauFrog,Frog Folder/Quest/Targets/PlateauFrog,NpcBase,247023,level15,
level15:247025,Winter,NPC,Clay,-801.52002,1.96,-193.259995,,,,True,True,,,Punk6,Frog Folder/Punk Camp/Punk6,NpcBase,247025,level15,
level15:247029,Winter,Quest giver,Charles,-682.905029,4.959338,231.551422,Rescue the Queen!,giver,,True,True,,,BoneKing,Frog Folder/Quest/Done/Gacha/BoneKing,NpcBase,247029,level15,
level15:247030,Winter,NPC,Jeremy,-292.91037,0.3598,104.851021,,,,True,True,,,SittingFrogTown,Frog Folder/Town/Winter/SittingFrogTown,NpcBase,247030,level15,
level15:247036,Winter,NPC,Brindle,-664.947021,6.251914,-307.405029,,,,True,True,,,LoungerBeachAttender,Frog Folder/Water/Beach 2/Winter/LoungerBeachAttender,NpcBase,247036,level15,
level15:247038,Winter,Quest giver,Coolio,-326.464844,1.453387,202.394653,Coolio's Missing Hat!,giver,,True,True,,,StorageFrogLean,Frog Folder/Quest/Done/Gacha/StorageFrogLean,NpcBase,247038,level15,
level15:247041,Winter,NPC,Isobel,-521.789978,3.003,-224.990005,,,,True,True,,,Witch,Frog Folder/Misc/Mushroom Forest/Winter/Witch,NpcBase,247041,level15,
level15:247045,Winter,NPC,Marvin,-219.512773,2.575,109.689421,,,,False,False,,,WanderFrog1,Frog Folder/Mountains/Mt.Blue/Winter/WanderFrog1,NpcBase,247045,level15,
level15:247048,Winter,NPC,Siril,-905.982971,191.970993,163.134247,,,,True,True,,,Mt.TownFrog3,Frog Folder/Mountains/Mt.Town/Winter/Mt.TownFrog3,NpcBase,247048,level15,
level15:247049,Winter,Quest giver,Snee,-532.297913,59.953999,349.364014,Hat Delivery!,giver,,True,True,,,Plateau3,Frog Folder/Quest/Done/Mush/Plateau3,NpcBase,247049,level15,
level15:247054,Winter,NPC,Greeble,-307.84317,7.0046,72.623817,,,,True,True,,,TownFrog2,Frog Folder/Town/Winter/TownFrog2,NpcBase,247054,level15,
level15:247063,Winter,NPC,Basher,-687.334362,11.951802,-145.768984,,,,True,True,,,Mechanic2,Frog Folder/Misc/Garage/Winter/Mechanic2,NpcBase,247063,level15,
level15:247065,Winter,Quest giver,Kathy,-141.824753,83.116997,152.081421,Kathy's Backpack!,giver,,True,True,,,Mt.BlueCamper2,Frog Folder/Quest/Done/Bolts/Mt.BlueCamper2,NpcBase,247065,level15,
level15:247067,Winter,NPC,Daisy,-147.064774,149.367004,-95.854579,,,,True,True,,,GlassesFrogMt.Tree,Frog Folder/Mountains/Mt.Tree/Winter/GlassesFrogMt.Tree,NpcBase,247067,level15,
level15:247071,Winter,NPC,Dayna,-144.75106,0.382338,7.494428,,,,True,True,,,BaseCampFrog,Frog Folder/Huts/Demo Area/Winter/BaseCampFrog,NpcBase,247071,level15,
level15:247074,Winter,NPC,Lemur,-800.690002,19.99,-66.019997,,,,True,True,,,CastleResident1(DialogueHolder),Frog Folder/Castle Holiday/Winter/CastleResident1(DialogueHolder),NpcBase,247074,level15,
level15:247078,Winter,NPC,Belle,-660.526001,4.823,-294.601013,,,,False,False,,,LoungerBeachAttender3,Frog Folder/Water/Beach 2/LoungerBeachAttender3,NpcBase,247078,level15,
level15:247081,Winter,NPC,Rodger,-806.755005,1.974,-204.369995,,,,True,True,,,Punk1(DialogueHolder),Frog Folder/Punk Camp/Punk1(DialogueHolder),NpcBase,247081,level15,
level15:247083,Winter,NPC,Woody,-416.944057,4.295338,-189.472586,,,,True,True,,,CampFrog1,Frog Folder/Huts/Demo Area/Winter/CampFrog1,NpcBase,247083,level15,
level15:247085,Winter,NPC,Romeo,-106.52703,3.785338,341.602434,,,,True,True,,,BalanceFrog,Frog Folder/Huts/Demo Area/Winter/BalanceFrog,NpcBase,247085,level15,
level15:247090,Winter,NPC,Jameson,-669.27002,235.770004,-108.970001,,,,True,True,,,Mt.HandsFrog2,Frog Folder/Mountains/Mt. Hands/Winter/Mt.HandsFrog2,NpcBase,247090,level15,
level15:247096,Winter,NPC,Crab,-538.44957,166.407006,-361.48659,,,,True,True,,,Mt.ConeFrog3,Frog Folder/Mountains/Mt. Cone/Winter/Mt.ConeFrog3,NpcBase,247096,level15,
level15:247103,Winter,NPC,Cultist,-832.929993,0.023,-316.839996,,,,True,True,,,Cult3,Frog Folder/Cult/Cult3,NpcBase,247103,level15,
level15:247105,Winter,NPC,Damien,-133.064774,3.5182,111.353424,,,,True,True,,,Mt.BlueFrog1(DialogueHolderMAIN),Frog Folder/Mt.BlueFrog1(DialogueHolderMAIN),NpcBase,247105,level15,
level15:247110,Winter,NPC,Charles,-871.400024,49.323002,-103.146004,,,,True,True,,,CastleResident2,Frog Folder/Castle Holiday/Winter/CastleResident2,NpcBase,247110,level15,
level15:247111,Winter,NPC,Ethal,-889.570007,235.440002,180.490005,,,,True,True,,,Mt.TownFrog6,Frog Folder/Mountains/Mt.Town/Winter/Mt.TownFrog6,NpcBase,247111,level15,
level15:247116,Winter,NPC,Theo,-402.940002,5.32,-254.929993,,,,True,True,,,Pottery1(DialogueHolder),Frog Folder/Other Towns/Pottery1(DialogueHolder),NpcBase,247116,level15,
level15:247117,Winter,NPC,Lok,-367.380005,136.179993,-151.910004,,,,True,True,,,Mt.Steg3,Frog Folder/Mountains/Mt. Steg/Winter/Mt.Steg3,NpcBase,247117,level15,
level15:247120,Winter,NPC,Myrtle,-172.85305,1.586338,252.246415,,,,True,True,,,BalanceFrog2,Frog Folder/Huts/Demo Area/Winter/BalanceFrog2,NpcBase,247120,level15,
level15:247123,Winter,NPC,Tina,-236.533623,13.432295,9.958997,,,,True,True,,,SittingOnRockFrog,Frog Folder/Huts/Demo Area/Winter/SittingOnRockFrog,NpcBase,247123,level15,
level15:247128,Winter,NPC,Jill,-835.827028,12.362339,1.422421,,,,True,True,,,CampFrog2,Frog Folder/Huts/Demo Area/Winter/CampFrog2,NpcBase,247128,level15,
level15:247130,Winter,NPC,Tucker,-776.690796,17.024572,63.637585,,,,True,True,,,WallTown2,Frog Folder/Other Towns/Walled Town/Winter/WallTown2,NpcBase,247130,level15,
level15:247131,Winter,NPC,Rook,-538.242368,0.4078,182.01102,,,,True,True,,,Mt.ThunderFrog1,Frog Folder/Mountains/Mt.Thunder/Winter/Mt.ThunderFrog1,NpcBase,247131,level15,
level15:247134,Winter,NPC,Basher,-356.535857,0.35,426.797242,,,,True,True,,,SpeedClimbFrog,Environment/Manmade/Mini Games/SpeedClimb/SpeedClimbFrog,NpcBase,247134,level15,
level15:247136,Winter,Quest target,Jessy,-505.703003,40.063999,-59.310001,Hat Delivery!,target,,True,True,,,PlateauFrog,Frog Folder/Quest/Targets/PlateauFrog,NpcBase,247136,level15,
level15:247139,Winter,NPC,Jason,-458.549988,60.32,416.059998,,,,True,True,,,Plateau5,Frog Folder/Plateaua/Huts/Winter/Plateau5,NpcBase,247139,level15,
level15:247140,Winter,NPC,Homer,-270.536773,80.231004,209.585416,,,,True,True,,,SittingMt.OrangeFrog2,Frog Folder/Mountains/Mt.Orange/Winter/SittingMt.OrangeFrog2,NpcBase,247140,level15,
level15:247144,Winter,Quest giver,Sia,-841.539978,60.07,434.950012,Lost Nose!,giver,,True,True,,,Snowman1,Frog Folder/Quest/Done/Mush/Snowman1,NpcBase,247144,level15,
level15:247145,Winter,Quest target,Andre,-464.369995,80.239998,404.059998,Pot Lovers!,target,,True,True,,,PotLover1,Frog Folder/Quest/Targets/Pot Lovers/PotLover1,NpcBase,247145,level15,This NPC has a later quest position; coordinates shown are the initial scene placement.
level15:247745,Winter,Bolt,CollectableBolt (149),-729.251219,0.990398,-344.613151,,,,True,False,,,CollectableBolt (149),Environment/MISC/Score Board/Mt.A/Score Board B  Ana/SM_Prop_Chest_Wood_01 (39)/Bolt Holder/CollectableBolt (149),CollectableBolt,247745,level15,
level15:247746,Winter,Bolt,CollectableBolt (149),-158.958353,1.636258,-43.80994,,,,True,False,,,CollectableBolt (149),Environment/MISC/Score Board/Mt.Tree/Score Board B Tree/SM_Prop_Chest_Wood_01 (39)/Bolt Holder/CollectableBolt (149),CollectableBolt,247746,level15,
level15:247747,Winter,Bolt,CollectableBolt (150),-113.275551,7.824105,139.217996,,,,True,False,,,CollectableBolt (150),Environment/MISC/Score Board/Crol/Score Board Y Crol/SM_Prop_Chest_Wood_01 (39)/Bolt Holder/CollectableBolt (150),CollectableBolt,247747,level15,
level15:247748,Winter,Bolt,CollectableBolt (150),-729.921266,0.986639,-344.265728,,,,True,False,,,CollectableBolt (150),Environment/MISC/Score Board/Mt.A/Score Board B  Ana/SM_Prop_Chest_Wood_01 (39)/Bolt Holder/CollectableBolt (150),CollectableBolt,247748,level15,
level15:247749,Winter,Bolt,CollectableBolt (150),-159.419767,1.652773,-43.21286,,,,True,False,,,CollectableBolt (150),Environment/MISC/Score Board/Mt.Tree/Score Board B Tree/SM_Prop_Chest_Wood_01 (39)/Bolt Holder/CollectableBolt (150),CollectableBolt,247749,level15,
level15:247750,Winter,Bolt,CollectableBolt (149),-112.90027,7.833813,138.563206,,,,True,False,,,CollectableBolt (149),Environment/MISC/Score Board/Crol/Score Board Y Crol/SM_Prop_Chest_Wood_01 (39)/Bolt Holder/CollectableBolt (149),CollectableBolt,247750,level15,
level15:247751,Winter,Bolt,CollectableBolt (150),-176.297129,1.05406,-123.538159,,,,True,False,,,CollectableBolt (150),Environment/MISC/Score Board/Mt.Tree/Score Board Y Tree/SM_Prop_Chest_Wood_01 (39)/Bolt Holder/CollectableBolt (150),CollectableBolt,247751,level15,
level15:247752,Winter,Bolt,CollectableBolt (150),-653.028595,0.637997,-74.866009,,,,True,False,,,CollectableBolt (150),Environment/MISC/Score Board/Mt.Hands/Score Board R Hand/SM_Prop_Chest_Wood_01 (39)/Bolt Holder/CollectableBolt (150),CollectableBolt,247752,level15,
level15:247753,Winter,Bolt,CollectableBolt (149),-340.805102,2.14882,-178.225042,,,,True,False,,,CollectableBolt (149),Environment/MISC/Score Board/Mt. Steg/Score Board R Steg/SM_Prop_Chest_Wood_01 (39)/Bolt Holder/CollectableBolt (149),CollectableBolt,247753,level15,
level15:247754,Winter,Bolt,CollectableBolt (149),-817.729163,2.783038,-411.50052,,,,True,False,,,CollectableBolt (149),Environment/MISC/Score Board/Mt.A/Score Board Y Ana/SM_Prop_Chest_Wood_01 (39)/Bolt Holder/CollectableBolt (149),CollectableBolt,247754,level15,
level15:247755,Winter,Bolt,CollectableBolt (150),-724.947558,8.637805,-170.584295,,,,True,False,,,CollectableBolt (150),Environment/MISC/Score Board/Mt.Hands/Score Board Y Hand/SM_Prop_Chest_Wood_01 (39)/Bolt Holder/CollectableBolt (150),CollectableBolt,247755,level15,
level15:247756,Winter,Bolt,CollectableBolt (149),-533.321361,0.914779,188.430595,,,,True,False,,,CollectableBolt (149),Environment/MISC/Score Board/Mt. Thunder/Score Board B Thund/SM_Prop_Chest_Wood_01 (39)/Bolt Holder/CollectableBolt (149),CollectableBolt,247756,level15,
level15:247757,Winter,Bolt,CollectableBolt (150),-340.071521,2.148821,-178.047451,,,,True,False,,,CollectableBolt (150),Environment/MISC/Score Board/Mt. Steg/Score Board R Steg/SM_Prop_Chest_Wood_01 (39)/Bolt Holder/CollectableBolt (150),CollectableBolt,247757,level15,
level15:247758,Winter,Bolt,CollectableBolt (149),-175.763932,1.069708,-123.004178,,,,True,False,,,CollectableBolt (149),Environment/MISC/Score Board/Mt.Tree/Score Board Y Tree/SM_Prop_Chest_Wood_01 (39)/Bolt Holder/CollectableBolt (149),CollectableBolt,247758,level15,
level15:247759,Winter,Bolt,CollectableBolt (149),-653.655841,0.637996,-75.285821,,,,True,False,,,CollectableBolt (149),Environment/MISC/Score Board/Mt.Hands/Score Board R Hand/SM_Prop_Chest_Wood_01 (39)/Bolt Holder/CollectableBolt (149),CollectableBolt,247759,level15,
level15:247760,Winter,Bolt,CollectableBolt (150),-818.389498,2.779364,-411.134973,,,,True,False,,,CollectableBolt (150),Environment/MISC/Score Board/Mt.A/Score Board Y Ana/SM_Prop_Chest_Wood_01 (39)/Bolt Holder/CollectableBolt (150),CollectableBolt,247760,level15,
level15:247761,Winter,Bolt,CollectableBolt (150),-532.712927,0.901788,188.877048,,,,True,False,,,CollectableBolt (150),Environment/MISC/Score Board/Mt. Thunder/Score Board B Thund/SM_Prop_Chest_Wood_01 (39)/Bolt Holder/CollectableBolt (150),CollectableBolt,247761,level15,
level15:247762,Winter,Bolt,CollectableBolt (149),-724.29443,8.637805,-170.962586,,,,True,False,,,CollectableBolt (149),Environment/MISC/Score Board/Mt.Hands/Score Board Y Hand/SM_Prop_Chest_Wood_01 (39)/Bolt Holder/CollectableBolt (149),CollectableBolt,247762,level15,
level15:247763,Winter,Bolt,CollectableBolt (150),-270.288318,3.154214,188.76267,,,,True,False,,,CollectableBolt (150),Environment/MISC/Score Board/Mt. Hollow/Score Board Y Hollow/SM_Prop_Chest_Wood_01 (39)/Bolt Holder/CollectableBolt (150),CollectableBolt,247763,level15,
level15:247764,Winter,Bolt,CollectableBolt (150),-161.08674,9.440449,303.739571,,,,True,False,,,CollectableBolt (150),Environment/MISC/Score Board/Mt. Croob/Score Board B Croob/SM_Prop_Chest_Wood_01 (39)/Bolt Holder/CollectableBolt (150),CollectableBolt,247764,level15,
level15:247765,Winter,Bolt,CollectableBolt (149),-270.996504,3.209847,188.507603,,,,True,False,,,CollectableBolt (149),Environment/MISC/Score Board/Mt. Hollow/Score Board Y Hollow/SM_Prop_Chest_Wood_01 (39)/Bolt Holder/CollectableBolt (149),CollectableBolt,247765,level15,
level15:247766,Winter,Bolt,CollectableBolt (149),-160.346791,9.482673,303.882301,,,,True,False,,,CollectableBolt (149),Environment/MISC/Score Board/Mt. Croob/Score Board B Croob/SM_Prop_Chest_Wood_01 (39)/Bolt Holder/CollectableBolt (149),CollectableBolt,247766,level15,
level15:247767,Winter,Bolt,CollectableBolt (149),-849.536799,0.907129,100.546569,,,,True,False,,,CollectableBolt (149),Environment/MISC/Score Board/Mt. Crag/Score Board B Crag/SM_Prop_Chest_Wood_01 (39)/Bolt Holder/CollectableBolt (149),CollectableBolt,247767,level15,
level15:247768,Winter,Bolt,CollectableBolt (150),-910.219722,0.644673,161.839405,,,,True,False,,,CollectableBolt (150),Environment/MISC/Score Board/Mt. Crag/Score Board Y Crag/SM_Prop_Chest_Wood_01 (39)/Bolt Holder/CollectableBolt (150),CollectableBolt,247768,level15,
level15:247769,Winter,Bolt,CollectableBolt (150),-848.971911,0.90713,100.045988,,,,True,False,,,CollectableBolt (150),Environment/MISC/Score Board/Mt. Crag/Score Board B Crag/SM_Prop_Chest_Wood_01 (39)/Bolt Holder/CollectableBolt (150),CollectableBolt,247769,level15,
level15:247770,Winter,Bolt,CollectableBolt (149),-909.527197,0.644673,161.539258,,,,True,False,,,CollectableBolt (149),Environment/MISC/Score Board/Mt. Crag/Score Board Y Crag/SM_Prop_Chest_Wood_01 (39)/Bolt Holder/CollectableBolt (149),CollectableBolt,247770,level15,
level15:247771,Winter,Bolt,CollectableBolt (150),-844.690635,0.691497,-214.893747,,,,True,False,,,CollectableBolt (150),Environment/MISC/Score Board/Mt.A/Score Board R Ana/SM_Prop_Chest_Wood_01 (39)/Bolt Holder/CollectableBolt (150),CollectableBolt,247771,level15,
level15:247772,Winter,Bolt,CollectableBolt (149),-840.457971,2.038554,174.163767,,,,True,False,,,CollectableBolt (149),Environment/MISC/Score Board/Mt. Crag/Score Board R Crag/SM_Prop_Chest_Wood_01 (39)/Bolt Holder/CollectableBolt (149),CollectableBolt,247772,level15,
level15:247773,Winter,Bolt,CollectableBolt (150),-159.194086,4.423918,155.434293,,,,True,False,,,CollectableBolt (150),Environment/MISC/Score Board/Crol/Score Board R Crol/SM_Prop_Chest_Wood_01 (39)/Bolt Holder/CollectableBolt (150),CollectableBolt,247773,level15,
level15:247774,Winter,Bolt,CollectableBolt (149),-845.024181,0.691496,-215.57082,,,,True,False,,,CollectableBolt (149),Environment/MISC/Score Board/Mt.A/Score Board R Ana/SM_Prop_Chest_Wood_01 (39)/Bolt Holder/CollectableBolt (149),CollectableBolt,247774,level15,
level15:247775,Winter,Bolt,CollectableBolt (149),-158.461972,4.399072,155.616153,,,,True,False,,,CollectableBolt (149),Environment/MISC/Score Board/Crol/Score Board R Crol/SM_Prop_Chest_Wood_01 (39)/Bolt Holder/CollectableBolt (149),CollectableBolt,247775,level15,
level15:247776,Winter,Bolt,CollectableBolt (150),-840.168231,2.023168,173.466994,,,,True,False,,,CollectableBolt (150),Environment/MISC/Score Board/Mt. Crag/Score Board R Crag/SM_Prop_Chest_Wood_01 (39)/Bolt Holder/CollectableBolt (150),CollectableBolt,247776,level15,
level15:247777,Winter,Bolt,CollectableBolt (150),-717.211716,68.272149,474.956831,,,,True,False,,,CollectableBolt (150),Environment/MISC/Score Board/Mt. Shrrom/Score Board R Shroom/SM_Prop_Chest_Wood_01 (39)/Bolt Holder/CollectableBolt (150),CollectableBolt,247777,level15,
level15:247778,Winter,Bolt,CollectableBolt (150),-84.575318,2.618148,444.034857,,,,True,False,,,CollectableBolt (150),Environment/MISC/Score Board/Mt. Croob/Score Board Y Croob/SM_Prop_Chest_Wood_01 (39)/Bolt Holder/CollectableBolt (150),CollectableBolt,247778,level15,
level15:247779,Winter,Bolt,CollectableBolt (150),-583.813466,2.343652,-347.039331,,,,True,False,,,CollectableBolt (150),Environment/MISC/Score Board/Mt. Cone/Score Board R Cone/SM_Prop_Chest_Wood_01 (39)/Bolt Holder/CollectableBolt (150),CollectableBolt,247779,level15,
level15:247780,Winter,Bolt,CollectableBolt (149),-567.935404,0.875797,202.857233,,,,True,False,,,CollectableBolt (149),Environment/MISC/Score Board/Mt. Thunder/Score Board Y Thund/SM_Prop_Chest_Wood_01 (39)/Bolt Holder/CollectableBolt (149),CollectableBolt,247780,level15,
level15:247781,Winter,Bolt,CollectableBolt (149),-619.686615,5.45661,173.629742,,,,True,False,,,CollectableBolt (149),Environment/MISC/Score Board/Mt. Thunder/Score Board R Thund/SM_Prop_Chest_Wood_01 (39)/Bolt Holder/CollectableBolt (149),CollectableBolt,247781,level15,
level15:247782,Winter,Bolt,CollectableBolt (149),-717.017958,68.261712,474.227428,,,,True,False,,,CollectableBolt (149),Environment/MISC/Score Board/Mt. Shrrom/Score Board R Shroom/SM_Prop_Chest_Wood_01 (39)/Bolt Holder/CollectableBolt (149),CollectableBolt,247782,level15,
level15:247783,Winter,Bolt,CollectableBolt (149),-84.211328,2.591127,443.374204,,,,True,False,,,CollectableBolt (149),Environment/MISC/Score Board/Mt. Croob/Score Board Y Croob/SM_Prop_Chest_Wood_01 (39)/Bolt Holder/CollectableBolt (149),CollectableBolt,247783,level15,
level15:247784,Winter,Bolt,CollectableBolt (150),-567.241013,0.900877,203.151974,,,,True,False,,,CollectableBolt (150),Environment/MISC/Score Board/Mt. Thunder/Score Board Y Thund/SM_Prop_Chest_Wood_01 (39)/Bolt Holder/CollectableBolt (150),CollectableBolt,247784,level15,
level15:247785,Winter,Bolt,CollectableBolt (149),-584.102582,2.304073,-347.735409,,,,True,False,,,CollectableBolt (149),Environment/MISC/Score Board/Mt. Cone/Score Board R Cone/SM_Prop_Chest_Wood_01 (39)/Bolt Holder/CollectableBolt (149),CollectableBolt,247785,level15,
level15:247786,Winter,Bolt,CollectableBolt (150),-618.943144,5.537021,173.732041,,,,True,False,,,CollectableBolt (150),Environment/MISC/Score Board/Mt. Thunder/Score Board R Thund/SM_Prop_Chest_Wood_01 (39)/Bolt Holder/CollectableBolt (150),CollectableBolt,247786,level15,
level15:247787,Winter,Bolt,CollectableBolt (150),-138.057645,3.942482,-108.388106,,,,True,False,,,CollectableBolt (150),Environment/MISC/Score Board/Mt.Tree/Score Board R Tree/SM_Prop_Chest_Wood_01 (39)/Bolt Holder/CollectableBolt (150),CollectableBolt,247787,level15,
level15:247788,Winter,Bolt,CollectableBolt (150),-399.363417,1.003743,-83.045629,,,,True,False,,,CollectableBolt (150),Environment/MISC/Score Board/Mt. Steg/Score Board Y Steg/SM_Prop_Chest_Wood_01 (39)/Bolt Holder/CollectableBolt (150),CollectableBolt,247788,level15,
level15:247789,Winter,Bolt,CollectableBolt (149),-84.89888,5.870098,315.577513,,,,True,False,,,CollectableBolt (149),Environment/MISC/Score Board/Mt. Croob/Score Board R Croob/SM_Prop_Chest_Wood_01 (39)/Bolt Holder/CollectableBolt (149),CollectableBolt,247789,level15,
level15:247790,Winter,Bolt,CollectableBolt (150),-155.939251,1.89312,113.830655,,,,True,False,,,CollectableBolt (150),Environment/MISC/Score Board/Crol/Score Board B Crol/SM_Prop_Chest_Wood_01 (39)/Bolt Holder/CollectableBolt (150),CollectableBolt,247790,level15,
level15:247791,Winter,Bolt,CollectableBolt (150),-298.284607,3.55192,192.893168,,,,True,False,,,CollectableBolt (150),Environment/MISC/Score Board/Mt. Hollow/Score Board B Hollow/SM_Prop_Chest_Wood_01 (39)/Bolt Holder/CollectableBolt (150),CollectableBolt,247791,level15,
level15:247792,Winter,Bolt,CollectableBolt (149),-250.862248,3.936747,154.721474,,,,True,False,,,CollectableBolt (149),Environment/MISC/Score Board/Mt. Hollow/Score Board R Hollow/SM_Prop_Chest_Wood_01 (39)/Bolt Holder/CollectableBolt (149),CollectableBolt,247792,level15,
level15:247793,Winter,Bolt,CollectableBolt (150),-538.382473,3.638027,-325.812869,,,,True,False,,,CollectableBolt (150),Environment/MISC/Score Board/Mt. Cone/Score Board Y Cone/SM_Prop_Chest_Wood_01 (39)/Bolt Holder/CollectableBolt (150),CollectableBolt,247793,level15,
level15:247794,Winter,Bolt,CollectableBolt (150),-510.815744,3.59312,-380.948597,,,,True,False,,,CollectableBolt (150),Environment/MISC/Score Board/Mt. Cone/Score Board B Cone/SM_Prop_Chest_Wood_01 (39)/Bolt Holder/CollectableBolt (150),CollectableBolt,247794,level15,
level15:247795,Winter,Bolt,CollectableBolt (149),-137.523937,4.066006,-108.907316,,,,True,False,,,CollectableBolt (149),Environment/MISC/Score Board/Mt.Tree/Score Board R Tree/SM_Prop_Chest_Wood_01 (39)/Bolt Holder/CollectableBolt (149),CollectableBolt,247795,level15,
level15:247796,Winter,Bolt,CollectableBolt (149),-400.037906,0.993361,-83.384209,,,,True,False,,,CollectableBolt (149),Environment/MISC/Score Board/Mt. Steg/Score Board Y Steg/SM_Prop_Chest_Wood_01 (39)/Bolt Holder/CollectableBolt (149),CollectableBolt,247796,level15,
level15:247797,Winter,Bolt,CollectableBolt (149),-297.592959,3.579439,193.194076,,,,True,False,,,CollectableBolt (149),Environment/MISC/Score Board/Mt. Hollow/Score Board B Hollow/SM_Prop_Chest_Wood_01 (39)/Bolt Holder/CollectableBolt (149),CollectableBolt,247797,level15,
level15:247798,Winter,Bolt,CollectableBolt (150),-84.289198,5.89712,316.021628,,,,True,False,,,CollectableBolt (150),Environment/MISC/Score Board/Mt. Croob/Score Board R Croob/SM_Prop_Chest_Wood_01 (39)/Bolt Holder/CollectableBolt (150),CollectableBolt,247798,level15,
level15:247799,Winter,Bolt,CollectableBolt (149),-156.405789,1.866098,113.237956,,,,True,False,,,CollectableBolt (149),Environment/MISC/Score Board/Crol/Score Board B Crol/SM_Prop_Chest_Wood_01 (39)/Bolt Holder/CollectableBolt (149),CollectableBolt,247799,level15,
level15:247800,Winter,Bolt,CollectableBolt (149),-538.142514,3.638026,-326.52848,,,,True,False,,,CollectableBolt (149),Environment/MISC/Score Board/Mt. Cone/Score Board Y Cone/SM_Prop_Chest_Wood_01 (39)/Bolt Holder/CollectableBolt (149),CollectableBolt,247800,level15,
level15:247801,Winter,Bolt,CollectableBolt (149),-510.081061,3.566098,-380.777743,,,,True,False,,,CollectableBolt (149),Environment/MISC/Score Board/Mt. Cone/Score Board B Cone/SM_Prop_Chest_Wood_01 (39)/Bolt Holder/CollectableBolt (149),CollectableBolt,247801,level15,
level15:247802,Winter,Bolt,CollectableBolt (150),-251.528113,3.918135,155.076379,,,,True,False,,,CollectableBolt (150),Environment/MISC/Score Board/Mt. Hollow/Score Board R Hollow/SM_Prop_Chest_Wood_01 (39)/Bolt Holder/CollectableBolt (150),CollectableBolt,247802,level15,
level15:247803,Winter,Bolt,CollectableBolt (149),-559.437978,60.844099,446.789034,,,,True,False,,,CollectableBolt (149),Environment/MISC/Score Board/Mt. Shrrom/Score Board B Shroom/SM_Prop_Chest_Wood_01 (39)/Bolt Holder/CollectableBolt (149),CollectableBolt,247803,level15,
level15:247804,Winter,Bolt,CollectableBolt (149),-634.437962,60.681041,527.377285,,,,True,False,,,CollectableBolt (149),Environment/MISC/Score Board/Mt. Shrrom/Score Board Y Shroom/SM_Prop_Chest_Wood_01 (39)/Bolt Holder/CollectableBolt (149),CollectableBolt,247804,level15,
level15:247805,Winter,Bolt,CollectableBolt (150),-403.010606,4.40029,-32.86458,,,,True,False,,,CollectableBolt (150),Environment/MISC/Score Board/Mt. Steg/Score Board B Steg/SM_Prop_Chest_Wood_01 (39)/Bolt Holder/CollectableBolt (150),CollectableBolt,247805,level15,
level15:247806,Winter,Bolt,CollectableBolt (150),-639.980885,6.392504,-161.979868,,,,True,False,,,CollectableBolt (150),Environment/MISC/Score Board/Mt.Hands/Score Board B Hand/SM_Prop_Chest_Wood_01 (39)/Bolt Holder/CollectableBolt (150),CollectableBolt,247806,level15,
level15:247807,Winter,Bolt,CollectableBolt (150),-559.88082,60.871121,447.399641,,,,True,False,,,CollectableBolt (150),Environment/MISC/Score Board/Mt. Shrrom/Score Board B Shroom/SM_Prop_Chest_Wood_01 (39)/Bolt Holder/CollectableBolt (150),CollectableBolt,247807,level15,
level15:247808,Winter,Bolt,CollectableBolt (150),-634.970976,60.681431,526.842891,,,,True,False,,,CollectableBolt (150),Environment/MISC/Score Board/Mt. Shrrom/Score Board Y Shroom/SM_Prop_Chest_Wood_01 (39)/Bolt Holder/CollectableBolt (150),CollectableBolt,247808,level15,
level15:247809,Winter,Bolt,CollectableBolt (149),-402.315464,4.390586,-32.570703,,,,True,False,,,CollectableBolt (149),Environment/MISC/Score Board/Mt. Steg/Score Board B Steg/SM_Prop_Chest_Wood_01 (39)/Bolt Holder/CollectableBolt (149),CollectableBolt,247809,level15,
level15:247810,Winter,Bolt,CollectableBolt (149),-639.866304,6.511566,-161.243406,,,,True,False,,,CollectableBolt (149),Environment/MISC/Score Board/Mt.Hands/Score Board B Hand/SM_Prop_Chest_Wood_01 (39)/Bolt Holder/CollectableBolt (149),CollectableBolt,247810,level15,
level15:247986,Winter,Quest pickup,QI - Glasses,-561.368469,18.5,-182.58194,Nickolai's Glasses!,pickup,,False,False,,,QI - Glasses,Environment/Quest Items/QI - Glasses,CollectableQuestItem,247986,level15,
level15:248112,Winter,Mushroom,CollectableMushroom_14,-648.179016,5.752,286.34201,,,,True,True,,,CollectableMushroom_14,Environment/Collectables/Mushrooms/CollectableMushroom_14,CollectableMushroom,248112,level15,
level15:248113,Winter,Mushroom,CollectableMushroom_10,-483.62854,11.175961,204.066299,,,,True,True,,,CollectableMushroom_10,Environment/Collectables/Mushrooms/CollectableMushroom_10,CollectableMushroom,248113,level15,
level15:248114,Winter,Mushroom,CollectableMushroom_114,-827.146973,273.131989,-302.686005,,,,True,True,,,CollectableMushroom_114,Environment/Collectables/Mushrooms/CollectableMushroom_114,CollectableMushroom,248114,level15,
level15:248115,Winter,Mushroom,CollectableMushroom_42 (1),-55.974998,4.897,-341.59201,,,,True,True,,,CollectableMushroom_42 (1),Environment/Collectables/Mushrooms/CollectableMushroom_42 (1),CollectableMushroom,248115,level15,
level15:248116,Winter,Mushroom,CollectableMushroom_95,-83.935997,187.636002,374.497009,,,,True,True,,,CollectableMushroom_95,Environment/Collectables/Mushrooms/CollectableMushroom_95,CollectableMushroom,248116,level15,
level15:248117,Winter,Mushroom,CollectableMushroom_66,-790.221985,32.629002,76.139,,,,True,True,,,CollectableMushroom_66,Environment/Collectables/Mushrooms/CollectableMushroom_66,CollectableMushroom,248117,level15,
level15:248118,Winter,Mushroom,CollectableMushroom_72,-727.054993,5.475,218.832993,,,,True,True,,,CollectableMushroom_72,Environment/Collectables/Mushrooms/CollectableMushroom_72,CollectableMushroom,248118,level15,
level15:248119,Winter,Mushroom,CollectableMushroom_58,-825.111023,6.942,-303.705994,,,,True,True,,,CollectableMushroom_58,Environment/Collectables/Mushrooms/CollectableMushroom_58,CollectableMushroom,248119,level15,
level15:248120,Winter,Mushroom,CollectableMushroom_138,-604.966797,221.131927,464.056671,,,,True,True,,,CollectableMushroom_138,Environment/Collectables/Mushrooms/CollectableMushroom_138,CollectableMushroom,248120,level15,
level15:248121,Winter,Mushroom,CollectableMushroom_109,-350.822998,158.572006,-157.716003,,,,True,True,,,CollectableMushroom_109,Environment/Collectables/Mushrooms/CollectableMushroom_109,CollectableMushroom,248121,level15,
level15:248122,Winter,Mushroom,CollectableMushroom_99,-276.476013,109.150002,193.214996,,,,True,True,,,CollectableMushroom_99,Environment/Collectables/Mushrooms/CollectableMushroom_99,CollectableMushroom,248122,level15,
level15:248123,Winter,Mushroom,CollectableMushroom_86,-773.718994,84.759003,466.912994,,,,True,True,,,CollectableMushroom_86,Environment/Collectables/Mushrooms/CollectableMushroom_86,CollectableMushroom,248123,level15,
level15:248124,Winter,Mushroom,CollectableMushroom_42,-48.914001,4.568,-259.569,,,,True,True,,,CollectableMushroom_42,Environment/Collectables/Mushrooms/CollectableMushroom_42,CollectableMushroom,248124,level15,
level15:248125,Winter,Mushroom,CollectableMushroom_29,-413.697968,17.522728,215.446579,,,,True,True,,,CollectableMushroom_29,Environment/Collectables/Mushrooms/CollectableMushroom_29,CollectableMushroom,248125,level15,
level15:248126,Winter,Mushroom,CollectableMushroom_73,-682.484009,13.841,226.800995,,,,True,True,,,CollectableMushroom_73,Environment/Collectables/Mushrooms/CollectableMushroom_73,CollectableMushroom,248126,level15,
level15:248127,Winter,Mushroom,CollectableMushroom_107,-385.829987,128.610001,-92.82,,,,True,True,,,CollectableMushroom_107,Environment/Collectables/Mushrooms/CollectableMushroom_107,CollectableMushroom,248127,level15,
level15:248128,Winter,Mushroom,CollectableMushroom_56,-782.767029,24.605,-462.134003,,,,True,True,,,CollectableMushroom_56,Environment/Collectables/Mushrooms/CollectableMushroom_56,CollectableMushroom,248128,level15,
level15:248129,Winter,Mushroom,CollectableMushroom_12,-352.812988,2.85,245.522995,,,,True,True,,,CollectableMushroom_12,Environment/Collectables/Mushrooms/CollectableMushroom_12,CollectableMushroom,248129,level15,
level15:248130,Winter,Mushroom,CollectableMushroom_100,-255.749161,40.293365,188.891205,,,,True,True,,,CollectableMushroom_100,Environment/Collectables/Mushrooms/CollectableMushroom_100,CollectableMushroom,248130,level15,
level15:248131,Winter,Mushroom,CollectableMushroom_59,-811.073425,11.039718,-201.068726,,,,True,True,,,CollectableMushroom_59,Environment/Collectables/Mushrooms/CollectableMushroom_59,CollectableMushroom,248131,level15,
level15:248132,Winter,Mushroom,CollectableMushroom_18,-772.679993,21.167,-30.77,,,,True,True,,,CollectableMushroom_18,Environment/Collectables/Mushrooms/CollectableMushroom_18,CollectableMushroom,248132,level15,
level15:248133,Winter,Mushroom,CollectableMushroom_67,-783.583984,21.201,83.241997,,,,False,False,,,CollectableMushroom_67,Environment/Collectables/Mushrooms/CollectableMushroom_67,CollectableMushroom,248133,level15,
level15:248134,Winter,Mushroom,CollectableMushroom_113,-864.51001,173.988998,-371.072998,,,,True,True,,,CollectableMushroom_113,Environment/Collectables/Mushrooms/CollectableMushroom_113,CollectableMushroom,248134,level15,
level15:248135,Winter,Mushroom,CollectableMushroom_125,-867.164734,259.49118,147.849136,,,,True,True,,,CollectableMushroom_125,Environment/Collectables/Mushrooms/CollectableMushroom_125,CollectableMushroom,248135,level15,
level15:248136,Winter,Mushroom,CollectableMushroom_9,-358.053986,7.296,433.559998,,,,False,False,,,CollectableMushroom_9,Environment/Collectables/Mushrooms/CollectableMushroom_9,CollectableMushroom,248136,level15,
level15:248137,Winter,Mushroom,CollectableMushroom_55,-663.664978,11.491,-267.341003,,,,True,True,,,CollectableMushroom_55,Environment/Collectables/Mushrooms/CollectableMushroom_55,CollectableMushroom,248137,level15,
level15:248138,Winter,Mushroom,CollectableMushroom_146,-659.302979,81.567001,406.213013,,,,True,True,,,CollectableMushroom_146,Environment/Collectables/Mushrooms/CollectableMushroom_146,CollectableMushroom,248138,level15,
level15:248139,Winter,Mushroom,CollectableMushroom_141,-271.540009,6.546,137.255005,,,,True,True,,,CollectableMushroom_141,Environment/Collectables/Mushrooms/CollectableMushroom_141,CollectableMushroom,248139,level15,
level15:248140,Winter,Mushroom,CollectableMushroom_37,-317.907013,5.639,-96.688004,,,,True,True,,,CollectableMushroom_37,Environment/Collectables/Mushrooms/CollectableMushroom_37,CollectableMushroom,248140,level15,
level15:248141,Winter,Mushroom,CollectableMushroom_82,-767.867004,68.0,457.59201,,,,True,True,,,CollectableMushroom_82,Environment/Collectables/Mushrooms/CollectableMushroom_82,CollectableMushroom,248141,level15,
level15:248142,Winter,Mushroom,CollectableMushroom_86 (1),-579.486023,72.571999,511.003998,,,,True,True,,,CollectableMushroom_86 (1),Environment/Collectables/Mushrooms/CollectableMushroom_86 (1),CollectableMushroom,248142,level15,
level15:248143,Winter,Mushroom,CollectableMushroom_40,-46.216999,8.732,-95.598,,,,True,True,,,CollectableMushroom_40,Environment/Collectables/Mushrooms/CollectableMushroom_40,CollectableMushroom,248143,level15,
level15:248144,Winter,Mushroom,CollectableMushroom_46,-213.776993,13.542,-280.962006,,,,True,True,,,CollectableMushroom_46,Environment/Collectables/Mushrooms/CollectableMushroom_46,CollectableMushroom,248144,level15,
level15:248145,Winter,Mushroom,CollectableMushroom_0,-66.858002,10.195,26.184,,,,True,True,,,CollectableMushroom_0,Environment/Collectables/Mushrooms/CollectableMushroom_0,CollectableMushroom,248145,level15,
level15:248146,Winter,Mushroom,CollectableMushroom_68,-888.372009,2.199,138.225006,,,,True,True,,,CollectableMushroom_68,Environment/Collectables/Mushrooms/CollectableMushroom_68,CollectableMushroom,248146,level15,
level15:248147,Winter,Mushroom,CollectableMushroom_38,-179.257996,5.557,-135.501007,,,,True,True,,,CollectableMushroom_38,Environment/Collectables/Mushrooms/CollectableMushroom_38,CollectableMushroom,248147,level15,
level15:248148,Winter,Mushroom,CollectableMushroom_104,-367.910004,123.238998,-143.141998,,,,True,True,,,CollectableMushroom_104,Environment/Collectables/Mushrooms/CollectableMushroom_104,CollectableMushroom,248148,level15,
level15:248149,Winter,Mushroom,CollectableMushroom_63,-585.344971,5.606,-45.278999,,,,True,True,,,CollectableMushroom_63,Environment/Collectables/Mushrooms/CollectableMushroom_63,CollectableMushroom,248149,level15,
level15:248150,Winter,Mushroom,CollectableMushroom_91,-179.440002,91.621002,374.05899,,,,True,True,,,CollectableMushroom_91,Environment/Collectables/Mushrooms/CollectableMushroom_91,CollectableMushroom,248150,level15,
level15:248151,Winter,Mushroom,CollectableMushroom_45,-221.860001,11.142,-286.084991,,,,True,True,,,CollectableMushroom_45,Environment/Collectables/Mushrooms/CollectableMushroom_45,CollectableMushroom,248151,level15,
level15:248152,Winter,Mushroom,CollectableMushroom_127,-848.546021,232.470001,171.953003,,,,True,True,,,CollectableMushroom_127,Environment/Collectables/Mushrooms/CollectableMushroom_127,CollectableMushroom,248152,level15,
level15:248153,Winter,Mushroom,CollectableMushroom_80,-615.085999,68.667,469.683014,,,,True,True,,,CollectableMushroom_80,Environment/Collectables/Mushrooms/CollectableMushroom_80,CollectableMushroom,248153,level15,
level15:248154,Winter,Mushroom,CollectableMushroom_6,-77.223999,6.916,271.240997,,,,True,True,,,CollectableMushroom_6,Environment/Collectables/Mushrooms/CollectableMushroom_6,CollectableMushroom,248154,level15,
level15:248155,Winter,Mushroom,CollectableMushroom_22,-490.891937,18.961231,-149.805176,,,,True,True,,,CollectableMushroom_22,Environment/Collectables/Mushrooms/CollectableMushroom_22,CollectableMushroom,248155,level15,
level15:248156,Winter,Mushroom,CollectableMushroom_120,-714.508972,182.975006,-113.621002,,,,True,True,,,CollectableMushroom_120,Environment/Collectables/Mushrooms/CollectableMushroom_120,CollectableMushroom,248156,level15,
level15:248157,Winter,Mushroom,CollectableMushroom_50,-498.652008,25.18,-218.852005,,,,True,True,,,CollectableMushroom_50,Environment/Collectables/Mushrooms/CollectableMushroom_50,CollectableMushroom,248157,level15,
level15:248158,Winter,Mushroom,CollectableMushroom_87,-530.448975,86.746002,561.752991,,,,True,True,,,CollectableMushroom_87,Environment/Collectables/Mushrooms/CollectableMushroom_87,CollectableMushroom,248158,level15,
level15:248159,Winter,Mushroom,CollectableMushroom_133,-464.289001,10.706,232.738007,,,,True,True,,,CollectableMushroom_133,Environment/Collectables/Mushrooms/CollectableMushroom_133,CollectableMushroom,248159,level15,
level15:248160,Winter,Mushroom,CollectableMushroom_122,-854.539978,145.820007,139.020004,,,,True,True,,,CollectableMushroom_122,Environment/Collectables/Mushrooms/CollectableMushroom_122,CollectableMushroom,248160,level15,
level15:248161,Winter,Mushroom,CollectableMushroom_142,-283.653656,94.198639,180.227585,,,,True,True,,,CollectableMushroom_142,Environment/Collectables/Mushrooms/CollectableMushroom_142,CollectableMushroom,248161,level15,
level15:248162,Winter,Mushroom,CollectableMushroom_53,-629.593018,9.225,-199.345001,,,,True,True,,,CollectableMushroom_53,Environment/Collectables/Mushrooms/CollectableMushroom_53,CollectableMushroom,248162,level15,
level15:248163,Winter,Mushroom,CollectableMushroom_30,-278.744537,30.864208,371.564575,,,,True,True,,,CollectableMushroom_30,Environment/Collectables/Mushrooms/CollectableMushroom_30,CollectableMushroom,248163,level15,
level15:248164,Winter,Mushroom,CollectableMushroom_16,-755.273987,9.616,162.701996,,,,True,True,,,CollectableMushroom_16,Environment/Collectables/Mushrooms/CollectableMushroom_16,CollectableMushroom,248164,level15,
level15:248165,Winter,Mushroom,CollectableMushroom_34,-231.429993,6.035,70.639999,,,,True,True,,,CollectableMushroom_34,Environment/Collectables/Mushrooms/CollectableMushroom_34,CollectableMushroom,248165,level15,
level15:248166,Winter,Mushroom,CollectableMushroom_147 (1),-691.844971,316.071991,468.852997,,,,True,True,,,CollectableMushroom_147 (1),Environment/Collectables/Mushrooms/CollectableMushroom_147 (1),CollectableMushroom,248166,level15,
level15:248167,Winter,Mushroom,CollectableMushroom_33,-309.526001,6.956,72.68,,,,True,True,,,CollectableMushroom_33,Environment/Collectables/Mushrooms/CollectableMushroom_33,CollectableMushroom,248167,level15,
level15:248168,Winter,Mushroom,CollectableMushroom_64,-722.15802,8.664,-30.923,,,,True,True,,,CollectableMushroom_64,Environment/Collectables/Mushrooms/CollectableMushroom_64,CollectableMushroom,248168,level15,
level15:248169,Winter,Mushroom,CollectableMushroom_96 (1),-148.162994,97.169998,405.276001,,,,True,True,,,CollectableMushroom_96 (1),Environment/Collectables/Mushrooms/CollectableMushroom_96 (1),CollectableMushroom,248169,level15,
level15:248170,Winter,Mushroom,CollectableMushroom_8,-267.935394,3.792862,520.377686,,,,True,True,,,CollectableMushroom_8,Environment/Collectables/Mushrooms/CollectableMushroom_8,CollectableMushroom,248170,level15,
level15:248171,Winter,Mushroom,CollectableMushroom_135,-568.189026,101.551003,177.800003,,,,True,True,,,CollectableMushroom_135,Environment/Collectables/Mushrooms/CollectableMushroom_135,CollectableMushroom,248171,level15,
level15:248172,Winter,Mushroom,CollectableMushroom_25,-615.05658,334.480682,189.26149,,,,True,True,,,CollectableMushroom_25,Environment/Collectables/Mushrooms/CollectableMushroom_25,CollectableMushroom,248172,level15,
level15:248173,Winter,Mushroom,CollectableMushroom_13,-579.580017,3.824,282.501007,,,,True,True,,,CollectableMushroom_13,Environment/Collectables/Mushrooms/CollectableMushroom_13,CollectableMushroom,248173,level15,
level15:248174,Winter,Mushroom,CollectableMushroom_20,-527.385986,21.268999,150.917999,,,,True,True,,,CollectableMushroom_20,Environment/Collectables/Mushrooms/CollectableMushroom_20,CollectableMushroom,248174,level15,
level15:248175,Winter,Mushroom,CollectableMushroom_57,-806.776001,12.922,-425.618011,,,,True,True,,,CollectableMushroom_57,Environment/Collectables/Mushrooms/CollectableMushroom_57,CollectableMushroom,248175,level15,
level15:248176,Winter,Mushroom,CollectableMushroom_121,-570.72998,16.290001,21.110001,,,,True,True,,,CollectableMushroom_121,Environment/Collectables/Mushrooms/CollectableMushroom_121,CollectableMushroom,248176,level15,
level15:248177,Winter,Mushroom,CollectableMushroom_128,-856.150024,293.429993,163.589996,,,,True,True,,,CollectableMushroom_128,Environment/Collectables/Mushrooms/CollectableMushroom_128,CollectableMushroom,248177,level15,
level15:248178,Winter,Mushroom,CollectableMushroom_78,-409.554474,74.637604,498.953308,,,,True,True,,,CollectableMushroom_78,Environment/Collectables/Mushrooms/CollectableMushroom_78,CollectableMushroom,248178,level15,
level15:248179,Winter,Mushroom,CollectableMushroom_54,-738.83197,9.069,-274.766998,,,,True,True,,,CollectableMushroom_54,Environment/Collectables/Mushrooms/CollectableMushroom_54,CollectableMushroom,248179,level15,
level15:248180,Winter,Mushroom,CollectableMushroom_134,-570.468994,331.756012,181.436005,,,,True,True,,,CollectableMushroom_134,Environment/Collectables/Mushrooms/CollectableMushroom_134,CollectableMushroom,248180,level15,
level15:248181,Winter,Mushroom,CollectableMushroom_4,-116.402,166.496994,420.464996,,,,True,True,,,CollectableMushroom_4,Environment/Collectables/Mushrooms/CollectableMushroom_4,CollectableMushroom,248181,level15,
level15:248182,Winter,Mushroom,CollectableMushroom_47,-349.644012,10.087,-188.253006,,,,True,True,,,CollectableMushroom_47,Environment/Collectables/Mushrooms/CollectableMushroom_47,CollectableMushroom,248182,level15,
level15:248183,Winter,Mushroom,CollectableMushroom_147,-578.901978,160.307999,473.131012,,,,True,True,,,CollectableMushroom_147,Environment/Collectables/Mushrooms/CollectableMushroom_147,CollectableMushroom,248183,level15,
level15:248184,Winter,Mushroom,CollectableMushroom_70,-871.312988,72.522003,247.542007,,,,True,True,,,CollectableMushroom_70,Environment/Collectables/Mushrooms/CollectableMushroom_70,CollectableMushroom,248184,level15,
level15:248185,Winter,Mushroom,CollectableMushroom_69,-913.59198,7.549,269.221985,,,,True,True,,,CollectableMushroom_69,Environment/Collectables/Mushrooms/CollectableMushroom_69,CollectableMushroom,248185,level15,
level15:248186,Winter,Mushroom,CollectableMushroom_62,-714.906006,15.543,-135.490005,,,,True,True,,,CollectableMushroom_62,Environment/Collectables/Mushrooms/CollectableMushroom_62,CollectableMushroom,248186,level15,
level15:248187,Winter,Mushroom,CollectableMushroom_94,-65.499184,165.011063,383.179779,,,,True,True,,,CollectableMushroom_94,Environment/Collectables/Mushrooms/CollectableMushroom_94,CollectableMushroom,248187,level15,
level15:248188,Winter,Mushroom,CollectableMushroom_7,-80.459152,11.549252,467.014832,,,,True,True,,,CollectableMushroom_7,Environment/Collectables/Mushrooms/CollectableMushroom_7,CollectableMushroom,248188,level15,
level15:248189,Winter,Mushroom,CollectableMushroom_61,-728.728027,7.949,-106.833,,,,True,True,,,CollectableMushroom_61,Environment/Collectables/Mushrooms/CollectableMushroom_61,CollectableMushroom,248189,level15,
level15:248190,Winter,Mushroom,CollectableMushroom_123,-898.049561,176.462021,156.383636,,,,True,True,,,CollectableMushroom_123,Environment/Collectables/Mushrooms/CollectableMushroom_123,CollectableMushroom,248190,level15,
level15:248191,Winter,Mushroom,CollectableMushroom_23,-405.009003,11.722,-289.110992,,,,True,True,,,CollectableMushroom_23,Environment/Collectables/Mushrooms/CollectableMushroom_23,CollectableMushroom,248191,level15,
level15:248192,Winter,Mushroom,CollectableMushroom_94 (1),-83.412003,149.104004,402.03299,,,,True,True,,,CollectableMushroom_94 (1),Environment/Collectables/Mushrooms/CollectableMushroom_94 (1),CollectableMushroom,248192,level15,
level15:248193,Winter,Mushroom,CollectableMushroom_136,-590.60199,326.415009,218.882996,,,,True,True,,,CollectableMushroom_136,Environment/Collectables/Mushrooms/CollectableMushroom_136,CollectableMushroom,248193,level15,
level15:248194,Winter,Mushroom,CollectableMushroom_15 (1),-566.030029,23.129999,240.490005,,,,True,True,,,CollectableMushroom_15 (1),Environment/Collectables/Mushrooms/CollectableMushroom_15 (1),CollectableMushroom,248194,level15,
level15:248195,Winter,Mushroom,CollectableMushroom_27,-90.998001,19.768,-178.755997,,,,True,True,,,CollectableMushroom_27,Environment/Collectables/Mushrooms/CollectableMushroom_27,CollectableMushroom,248195,level15,
level15:248196,Winter,Mushroom,CollectableMushroom_92,-62.526711,122.002991,352.868256,,,,True,True,,,CollectableMushroom_92,Environment/Collectables/Mushrooms/CollectableMushroom_92,CollectableMushroom,248196,level15,
level15:248197,Winter,Mushroom,CollectableMushroom_89,-99.367996,43.92347,-190.599548,,,,True,True,,,CollectableMushroom_89,Environment/Collectables/Mushrooms/CollectableMushroom_89,CollectableMushroom,248197,level15,
level15:248198,Winter,Mushroom,CollectableMushroom_148,-476.535248,79.26844,359.827332,,,,True,True,,,CollectableMushroom_148,Environment/Collectables/Mushrooms/CollectableMushroom_148,CollectableMushroom,248198,level15,
level15:248199,Winter,Mushroom,CollectableMushroom_35,-349.639984,1.178489,-73.437317,,,,True,True,,,CollectableMushroom_35,Environment/Collectables/Mushrooms/CollectableMushroom_35,CollectableMushroom,248199,level15,
level15:248200,Winter,Mushroom,CollectableMushroom_84,-833.690979,80.531998,516.398987,,,,True,True,,,CollectableMushroom_84,Environment/Collectables/Mushrooms/CollectableMushroom_84,CollectableMushroom,248200,level15,
level15:248201,Winter,Mushroom,CollectableMushroom_74,-547.125977,69.775002,374.113007,,,,True,True,,,CollectableMushroom_74,Environment/Collectables/Mushrooms/CollectableMushroom_74,CollectableMushroom,248201,level15,
level15:248202,Winter,Mushroom,CollectableMushroom_15,-722.177979,15.747,145.867996,,,,True,True,,,CollectableMushroom_15,Environment/Collectables/Mushrooms/CollectableMushroom_15,CollectableMushroom,248202,level15,
level15:248203,Winter,Mushroom,CollectableMushroom_14 (1),-268.173383,6.787808,139.27545,,,level15:235527,True,False,,,CollectableMushroom_14 (1),Environment/MISC/Suitcase/suitcase-big (9)/Container OBJ/CollectableMushroom_14 (1),CollectableMushroom,248203,level15,
level15:248204,Winter,Mushroom,CollectableMushroom_115,-864.174011,64.825996,-177.610001,,,,True,True,,,CollectableMushroom_115,Environment/Collectables/Mushrooms/CollectableMushroom_115,CollectableMushroom,248204,level15,
level15:248205,Winter,Mushroom,CollectableMushroom_19,-845.780029,83.424004,-133.197998,,,,True,True,,,CollectableMushroom_19,Environment/Collectables/Mushrooms/CollectableMushroom_19,CollectableMushroom,248205,level15,
level15:248206,Winter,Mushroom,CollectableMushroom_116,-809.200012,244.970001,-295.230011,,,,True,True,,,CollectableMushroom_116,Environment/Collectables/Mushrooms/CollectableMushroom_116,CollectableMushroom,248206,level15,
level15:248207,Winter,Mushroom,CollectableMushroom_76,-483.850006,72.543999,487.497986,,,,True,True,,,CollectableMushroom_76,Environment/Collectables/Mushrooms/CollectableMushroom_76,CollectableMushroom,248207,level15,
level15:248208,Winter,Mushroom,CollectableMushroom_14 (2),-542.15256,86.677373,404.701916,,,level15:235534,False,False,,,CollectableMushroom_14 (2),Environment/MISC/Suitcase/suitcase-big (10)/Container OBJ/ladder-wood/CollectableMushroom_14 (2),CollectableMushroom,248208,level15,
level15:248209,Winter,Mushroom,CollectableMushroom_86 (2),-726.791992,98.313004,422.354004,,,,True,True,,,CollectableMushroom_86 (2),Environment/Collectables/Mushrooms/CollectableMushroom_86 (2),CollectableMushroom,248209,level15,
level15:248210,Winter,Mushroom,CollectableMushroom_83,-759.713013,70.457001,398.765991,,,,True,True,,,CollectableMushroom_83,Environment/Collectables/Mushrooms/CollectableMushroom_83,CollectableMushroom,248210,level15,
level15:248211,Winter,Mushroom,CollectableMushroom_39,-106.056,15.489,-133.597,,,,True,True,,,CollectableMushroom_39,Environment/Collectables/Mushrooms/CollectableMushroom_39,CollectableMushroom,248211,level15,
level15:248212,Winter,Mushroom,CollectableMushroom_52,-496.303986,47.498001,-58.388,,,,True,True,,,CollectableMushroom_52,Environment/Collectables/Mushrooms/CollectableMushroom_52,CollectableMushroom,248212,level15,
level15:248213,Winter,Mushroom,CollectableMushroom_21,-568.189026,15.247,8.576,,,,True,True,,,CollectableMushroom_21,Environment/Collectables/Mushrooms/CollectableMushroom_21,CollectableMushroom,248213,level15,
level15:248214,Winter,Mushroom,CollectableMushroom_88,-173.375443,13.479286,196.847015,,,,True,True,,,CollectableMushroom_88,Environment/Collectables/Mushrooms/CollectableMushroom_88,CollectableMushroom,248214,level15,
level15:248215,Winter,Mushroom,CollectableMushroom_2,-145.626999,52.077,131.166,,,,True,True,,,CollectableMushroom_2,Environment/Collectables/Mushrooms/CollectableMushroom_2,CollectableMushroom,248215,level15,
level15:248216,Winter,Mushroom,CollectableMushroom_98,-259.616943,69.442024,181.723648,,,,True,True,,,CollectableMushroom_98,Environment/Collectables/Mushrooms/CollectableMushroom_98,CollectableMushroom,248216,level15,
level15:248217,Winter,Mushroom,CollectableMushroom_79,-509.610596,59.82695,522.165405,,,,True,True,,,CollectableMushroom_79,Environment/Collectables/Mushrooms/CollectableMushroom_79,CollectableMushroom,248217,level15,
level15:248218,Winter,Mushroom,CollectableMushroom_14 (1),-511.70277,39.854152,-49.916592,,,level15:235524,True,False,,,CollectableMushroom_14 (1),Environment/MISC/Suitcase/suitcase-big (8)/Container OBJ/CollectableMushroom_14 (1),CollectableMushroom,248218,level15,
level15:248219,Winter,Mushroom,CollectableMushroom_112,-557.371521,227.289658,-333.771057,,,,True,True,,,CollectableMushroom_112,Environment/Collectables/Mushrooms/CollectableMushroom_112,CollectableMushroom,248219,level15,
level15:248220,Winter,Mushroom,CollectableMushroom_145,-609.900024,145.091003,517.340027,,,,True,True,,,CollectableMushroom_145,Environment/Collectables/Mushrooms/CollectableMushroom_145,CollectableMushroom,248220,level15,
level15:248221,Winter,Mushroom,CollectableMushroom_140,-376.757477,4.962102,-123.553734,,,,True,True,,,CollectableMushroom_140,Environment/Collectables/Mushrooms/CollectableMushroom_140,CollectableMushroom,248221,level15,
level15:248222,Winter,Mushroom,CollectableMushroom_105,-123.5,111.68,-100.580002,,,,True,True,,,CollectableMushroom_105,Environment/Collectables/Mushrooms/CollectableMushroom_105,CollectableMushroom,248222,level15,
level15:248223,Winter,Mushroom,CollectableMushroom_3,-74.573143,108.894867,348.714478,,,,True,True,,,CollectableMushroom_3,Environment/Collectables/Mushrooms/CollectableMushroom_3,CollectableMushroom,248223,level15,
level15:248224,Winter,Mushroom,CollectableMushroom_71,-790.653992,11.764,235.513,,,,True,True,,,CollectableMushroom_71,Environment/Collectables/Mushrooms/CollectableMushroom_71,CollectableMushroom,248224,level15,
level15:248225,Winter,Mushroom,CollectableMushroom_124,-866.015015,175.302994,172.427994,,,,True,True,,,CollectableMushroom_124,Environment/Collectables/Mushrooms/CollectableMushroom_124,CollectableMushroom,248225,level15,
level15:248226,Winter,Mushroom,CollectableMushroom_11,-343.754089,0.780946,215.92067,,,,True,True,,,CollectableMushroom_11,Environment/Collectables/Mushrooms/CollectableMushroom_11,CollectableMushroom,248226,level15,
level15:248227,Winter,Mushroom,CollectableMushroom_101,-176.860992,151.035004,-80.984001,,,,True,True,,,CollectableMushroom_101,Environment/Collectables/Mushrooms/CollectableMushroom_101,CollectableMushroom,248227,level15,
level15:248228,Winter,Mushroom,CollectableMushroom_36,-261.265015,7.411,-108.014,,,,True,True,,,CollectableMushroom_36,Environment/Collectables/Mushrooms/CollectableMushroom_36,CollectableMushroom,248228,level15,
level15:248229,Winter,Mushroom,CollectableMushroom_77,-461.825012,62.5,542.976013,,,,True,True,,,CollectableMushroom_77,Environment/Collectables/Mushrooms/CollectableMushroom_77,CollectableMushroom,248229,level15,
level15:248230,Winter,Mushroom,CollectableMushroom_96,-130.766998,82.009003,417.272003,,,,True,True,,,CollectableMushroom_96,Environment/Collectables/Mushrooms/CollectableMushroom_96,CollectableMushroom,248230,level15,
level15:248231,Winter,Mushroom,CollectableMushroom_85,-802.804993,86.835999,438.252991,,,,True,True,,,CollectableMushroom_85,Environment/Collectables/Mushrooms/CollectableMushroom_85,CollectableMushroom,248231,level15,
level15:248232,Winter,Mushroom,CollectableMushroom_94 (2),-105.710999,208.436996,405.328003,,,,True,True,,,CollectableMushroom_94 (2),Environment/Collectables/Mushrooms/CollectableMushroom_94 (2),CollectableMushroom,248232,level15,
level15:248233,Winter,Mushroom,CollectableMushroom_110,-366.382996,175.647995,-205.580994,,,,True,True,,,CollectableMushroom_110,Environment/Collectables/Mushrooms/CollectableMushroom_110,CollectableMushroom,248233,level15,
level15:248234,Winter,Mushroom,CollectableMushroom_119,-624.345764,170.507385,-89.723236,,,,True,True,,,CollectableMushroom_119,Environment/Collectables/Mushrooms/CollectableMushroom_119,CollectableMushroom,248234,level15,
level15:248235,Winter,Mushroom,CollectableMushroom_90,-140.424973,83.013893,148.605408,,,,True,True,,,CollectableMushroom_90,Environment/Collectables/Mushrooms/CollectableMushroom_90,CollectableMushroom,248235,level15,
level15:248236,Winter,Mushroom,CollectableMushroom_48,-420.389008,11.864,-252.917999,,,,True,True,,,CollectableMushroom_48,Environment/Collectables/Mushrooms/CollectableMushroom_48,CollectableMushroom,248236,level15,
level15:248237,Winter,Mushroom,CollectableMushroom_32,-300.314636,16.503792,105.494484,,,,True,True,,,CollectableMushroom_32,Environment/Collectables/Mushrooms/CollectableMushroom_32,CollectableMushroom,248237,level15,
level15:248238,Winter,Mushroom,CollectableMushroom_108,-406.160004,157.906998,-121.822998,,,,True,True,,,CollectableMushroom_108,Environment/Collectables/Mushrooms/CollectableMushroom_108,CollectableMushroom,248238,level15,
level15:248239,Winter,Mushroom,CollectableMushroom_41,-31.388,5.577,-7.716,,,,True,True,,,CollectableMushroom_41,Environment/Collectables/Mushrooms/CollectableMushroom_41,CollectableMushroom,248239,level15,
level15:248240,Winter,Mushroom,CollectableMushroom_17,-949.320007,10.51,217.850006,,,,True,True,,,CollectableMushroom_17,Environment/Collectables/Mushrooms/CollectableMushroom_17,CollectableMushroom,248240,level15,
level15:248241,Winter,Mushroom,CollectableMushroom_129,-536.192017,207.725998,201.266006,,,,True,True,,,CollectableMushroom_129,Environment/Collectables/Mushrooms/CollectableMushroom_129,CollectableMushroom,248241,level15,
level15:248242,Winter,Mushroom,CollectableMushroom_137,-679.22699,273.348999,492.391998,,,,True,True,,,CollectableMushroom_137,Environment/Collectables/Mushrooms/CollectableMushroom_137,CollectableMushroom,248242,level15,
level15:248243,Winter,Mushroom,CollectableMushroom_28,-444.140015,0.56,-43.623001,,,,True,True,,,CollectableMushroom_28,Environment/Collectables/Mushrooms/CollectableMushroom_28,CollectableMushroom,248243,level15,
level15:248244,Winter,Mushroom,CollectableMushroom_106,-184.942001,72.330002,-58.473999,,,,True,True,,,CollectableMushroom_106,Environment/Collectables/Mushrooms/CollectableMushroom_106,CollectableMushroom,248244,level15,
level15:248245,Winter,Mushroom,CollectableMushroom_1,-130.100006,96.966522,141.185608,,,,False,False,,,CollectableMushroom_1,Environment/Collectables/Mushrooms/CollectableMushroom_1,CollectableMushroom,248245,level15,
level15:248246,Winter,Mushroom,CollectableMushroom_97,-106.260002,215.636993,375.81601,,,,True,True,,,CollectableMushroom_97,Environment/Collectables/Mushrooms/CollectableMushroom_97,CollectableMushroom,248246,level15,
level15:248247,Winter,Mushroom,CollectableMushroom_102,-141.052002,74.472,-81.393997,,,,True,True,,,CollectableMushroom_102,Environment/Collectables/Mushrooms/CollectableMushroom_102,CollectableMushroom,248247,level15,
level15:248248,Winter,Mushroom,CollectableMushroom_117,-711.715027,11.598,-233.324997,,,,True,True,,,CollectableMushroom_117,Environment/Collectables/Mushrooms/CollectableMushroom_117,CollectableMushroom,248248,level15,
level15:248249,Winter,Mushroom,CollectableMushroom_51,-601.414978,43.890999,-123.689003,,,,True,True,,,CollectableMushroom_51,Environment/Collectables/Mushrooms/CollectableMushroom_51,CollectableMushroom,248249,level15,
level15:248250,Winter,Mushroom,CollectableMushroom_81,-691.031006,62.964001,542.734985,,,,True,True,,,CollectableMushroom_81,Environment/Collectables/Mushrooms/CollectableMushroom_81,CollectableMushroom,248250,level15,
level15:248251,Winter,Mushroom,CollectableMushroom_24,-576.382996,200.350998,262.778992,,,,True,True,,,CollectableMushroom_24,Environment/Collectables/Mushrooms/CollectableMushroom_24,CollectableMushroom,248251,level15,
level15:248252,Winter,Mushroom,CollectableMushroom_75,-543.588379,80.063431,390.968994,,,,True,True,,,CollectableMushroom_75,Environment/Collectables/Mushrooms/CollectableMushroom_75,CollectableMushroom,248252,level15,
level15:248253,Winter,Mushroom,CollectableMushroom_26,-166.078003,194.733994,-99.775002,,,,True,True,,,CollectableMushroom_26,Environment/Collectables/Mushrooms/CollectableMushroom_26,CollectableMushroom,248253,level15,
level15:248254,Winter,Mushroom,CollectableMushroom_144,-649.960022,150.850006,437.040009,,,,True,True,,,CollectableMushroom_144,Environment/Collectables/Mushrooms/CollectableMushroom_144,CollectableMushroom,248254,level15,
level15:248255,Winter,Mushroom,CollectableMushroom_49,-423.446991,5.446,-195.567993,,,,True,True,,,CollectableMushroom_49,Environment/Collectables/Mushrooms/CollectableMushroom_49,CollectableMushroom,248255,level15,
level15:248256,Winter,Mushroom,CollectableMushroom_14 (2),-65.040089,144.911392,346.989297,,,level15:235523,False,False,,,CollectableMushroom_14 (2),Environment/MISC/Suitcase/suitcase-big (11)/Container OBJ/ladder-wood/CollectableMushroom_14 (2),CollectableMushroom,248256,level15,
level15:248604,Winter,Shrine,Shrine (2),-563.460022,1.35,294.438629,,,,True,True,,,Shrine (2),Environment/MISC/Shrines/Shrines/RewardShrine/Shrine (2),InteractableShrine,248604,level15,
level15:248605,Winter,Shrine,Shrine (2),-595.830017,5.13,-187.539993,,,,True,True,,,Shrine (2),Environment/MISC/Shrines/Shrines/RewardShrine (3)/Shrine (2),InteractableShrine,248605,level15,
level15:248606,Winter,Shrine,Shrine (2),-89.360001,6.83,-22.49,,,,True,True,,,Shrine (2),Environment/MISC/Shrines/Shrines/RewardShrine (1)/Shrine (2),InteractableShrine,248606,level15,
level15:248607,Winter,Shrine,Shrine (2),-249.649994,6.95,-145.800003,,,,True,True,,,Shrine (2),Environment/MISC/Shrines/Shrines/RewardShrine (2)/Shrine (2),InteractableShrine,248607,level15,
level15:248608,Winter,Shrine,Shrine (2),-499.859985,66.279999,479.929993,,,,True,True,,,Shrine (2),Environment/MISC/Shrines/Shrines/RewardShrine (4)/Shrine (2),InteractableShrine,248608,level15,
level15:248646,Winter,Clothing source,Clothes Line (2),-748.130005,16.629999,137.570007,,,,True,True,,,Clothes Line (2),Environment/MISC/Washing Lines/Clothes Line (2),ClothesManager,248646,level15,
level15:248647,Winter,Clothing source,Clothes Line (5),-549.593994,3.015385,28.858301,,,,True,True,,,Clothes Line (5),Environment/MISC/Washing Lines/Clothes Line (5),ClothesManager,248647,level15,
level15:248648,Winter,Clothing source,Clothes Line (12),-102.516411,4.64422,338.38913,,,,False,False,,,Clothes Line (12),Environment/MISC/Washing Lines/Clothes Line (12),ClothesManager,248648,level15,
level15:248649,Winter,Clothing source,Clothes Line (14),-791.239014,64.764999,499.81601,,,,True,True,,,Clothes Line (14),Environment/MISC/Washing Lines/Clothes Line (14),ClothesManager,248649,level15,
level15:248650,Winter,Clothing source,Clothes Line (11),-470.532013,2.661,-376.914001,,,,False,False,,,Clothes Line (11),Environment/MISC/Washing Lines/Clothes Line (11),ClothesManager,248650,level15,
level15:248651,Winter,Clothing source,Clothes Line (8),-825.111572,1.81102,-230.527191,,,,True,True,,,Clothes Line (8),Environment/MISC/Washing Lines/Clothes Line (8),ClothesManager,248651,level15,
level15:248652,Winter,Clothing source,Clothes Line (7),-857.486938,70.379997,-134.658813,,,,True,True,,,Clothes Line (7),Environment/MISC/Washing Lines/Clothes Line (7),ClothesManager,248652,level15,
level15:248653,Winter,Clothing source,Clothes Line (10),-420.572205,5.596472,-257.520599,,,,True,True,,,Clothes Line (10),Environment/MISC/Washing Lines/Clothes Line (10),ClothesManager,248653,level15,
level15:248654,Winter,Clothing source,Clothes Line (3),-780.838989,16.950001,80.191002,,,,True,True,,,Clothes Line (3),Environment/MISC/Washing Lines/Clothes Line (3),ClothesManager,248654,level15,
level15:248655,Winter,Clothing source,Clothes Line (13),-801.179993,65.053001,501.256012,,,,True,True,,,Clothes Line (13),Environment/MISC/Washing Lines/Clothes Line (13),ClothesManager,248655,level15,
level15:248656,Winter,Clothing source,Clothes Line (4),-880.544556,0.874344,81.537308,,,,True,True,,,Clothes Line (4),Environment/MISC/Washing Lines/Clothes Line (4),ClothesManager,248656,level15,
level15:248657,Winter,Clothing source,Clothes Line (1),-636.073975,3.363,298.803986,,,,True,True,,,Clothes Line (1),Environment/MISC/Washing Lines/Clothes Line (1),ClothesManager,248657,level15,
level15:248658,Winter,Clothing source,Clothes Line,-307.799988,0.46,490.829987,,,,False,False,,,Clothes Line,Environment/MISC/Washing Lines/Clothes Line,ClothesManager,248658,level15,
level15:248659,Winter,Clothing source,Clothes Line (6),-800.185974,2.337,-183.117996,,,,True,True,,,Clothes Line (6),Environment/MISC/Washing Lines/Clothes Line (6),ClothesManager,248659,level15,
level15:249621,Winter,Chest,SM_Prop_Chest_Wood_01,-880.536011,235.544998,184.19101,,,,True,True,,,SM_Prop_Chest_Wood_01,Environment/MISC/Chests/SM_Prop_Chest_Wood_01,ChestOpen,249621,level15,
level15:250314,Winter,Bolt,CollectableBolt,-267.100265,80.233122,211.868792,,,level15:235532,True,False,,,CollectableBolt,Environment/MISC/Suitcase/suitcase-big (13)/Container OBJ/present-box/BoltHolder/CollectableBolt,CollectableBolt,250314,level15,
level15:250315,Winter,Bolt,CollectableBolt,-847.794551,100.228881,469.291674,,,,True,False,,,CollectableBolt,Environment/MISC/Presents/present-box (8)/BoltHolder/CollectableBolt,CollectableBolt,250315,level15,
level15:250316,Winter,Bolt,CollectableBolt,-759.567932,22.429001,239.330444,,,,True,False,,,CollectableBolt,Environment/MISC/Presents/present-box (1)/BoltHolder/CollectableBolt,CollectableBolt,250316,level15,
level15:250317,Winter,Bolt,CollectableBolt,-504.506376,59.852143,518.734335,,,level15:235517,True,False,,,CollectableBolt,Environment/MISC/Suitcase/suitcase-big (1)/Container OBJ/present-box (11)/BoltHolder/CollectableBolt,CollectableBolt,250317,level15,
level15:250318,Winter,Bolt,CollectableBolt,-506.724481,59.720538,525.797827,,,level15:235529,True,False,,,CollectableBolt,Environment/MISC/Suitcase/suitcase-big/Container OBJ/present-box (10)/BoltHolder/CollectableBolt,CollectableBolt,250318,level15,
level15:250319,Winter,Bolt,CollectableBolt,-824.114151,1.869694,-423.643632,,,,True,False,,,CollectableBolt,Environment/MISC/Presents/Small/present-box (3)/BoltHolder/CollectableBolt,CollectableBolt,250319,level15,
level15:250320,Winter,Bolt,CollectableBolt,-534.219971,10.810168,247.307641,,,,True,False,,,CollectableBolt,Environment/MISC/Presents/present-box (6)/BoltHolder/CollectableBolt,CollectableBolt,250320,level15,
level15:250321,Winter,Bolt,CollectableBolt,-821.945908,2.086108,-423.659479,,,,True,False,,,CollectableBolt,Environment/MISC/Presents/Small/present-box (4)/BoltHolder/CollectableBolt,CollectableBolt,250321,level15,
level15:250322,Winter,Bolt,CollectableBolt,-504.853584,59.852143,518.247195,,,level15:235517,True,False,,,CollectableBolt,Environment/MISC/Suitcase/suitcase-big (1)/Container OBJ/present-box (10)/BoltHolder/CollectableBolt,CollectableBolt,250322,level15,
level15:250323,Winter,Bolt,CollectableBolt,-263.269989,37.235,315.077301,,,,True,False,,,CollectableBolt,Environment/MISC/Presents/present-box (3)/BoltHolder/CollectableBolt,CollectableBolt,250323,level15,
level15:250324,Winter,Bolt,CollectableBolt,-533.941681,8.710008,-278.031681,,,,True,False,,,CollectableBolt,Environment/MISC/Presents/present-box (7)/BoltHolder/CollectableBolt,CollectableBolt,250324,level15,
level15:250325,Winter,Bolt,CollectableBolt,-517.055466,75.791619,421.422649,,,,True,False,,,CollectableBolt,Environment/MISC/Presents/present-box (4)/BoltHolder/CollectableBolt,CollectableBolt,250325,level15,
level15:250326,Winter,Bolt,CollectableBolt,-506.735661,59.720538,524.852037,,,level15:235529,True,False,,,CollectableBolt,Environment/MISC/Suitcase/suitcase-big/Container OBJ/present-box (9)/BoltHolder/CollectableBolt,CollectableBolt,250326,level15,
level15:250327,Winter,Bolt,CollectableBolt,-608.945493,75.064734,357.975774,,,,True,False,,,CollectableBolt,Environment/MISC/Presents/present-box (5)/BoltHolder/CollectableBolt,CollectableBolt,250327,level15,
level15:250328,Winter,Bolt,CollectableBolt,-688.076369,9.040683,217.840322,,,,True,False,,,CollectableBolt,Environment/MISC/Presents/present-box (2)/BoltHolder/CollectableBolt,CollectableBolt,250328,level15,
level15:250329,Winter,Bolt,CollectableBolt,-822.959687,1.916008,-423.971683,,,,True,False,,,CollectableBolt,Environment/MISC/Presents/Small/present-box (5)/BoltHolder/CollectableBolt,CollectableBolt,250329,level15,
level4:24142,Autumn tutorial,Chest,SM_Prop_Chest_Wood_01,-406.049988,80.160004,159.839996,,,,True,True,,,SM_Prop_Chest_Wood_01,SM_Prop_Chest_Wood_01,ChestOpen,24142,level4,
level4:25310,Autumn tutorial,NPC,Vendor,-407.4888,63.001999,152.19136,,,,True,False,,,ClimbingMember,Climbing Building/ClimbingMember,NpcBase,25310,level4,
level4:26212,Autumn tutorial,Bolt,CollectableBolt (4),-444.764008,68.198997,70.810997,,,,True,True,,,CollectableBolt (4),CollectableBolt (4),CollectableBolt,26212,level4,
level4:26213,Autumn tutorial,Bolt,CollectableBolt (1),-338.671967,50.470001,65.5,,,,True,True,,,CollectableBolt (1),CollectableBolt (1),CollectableBolt,26213,level4,
level4:26214,Autumn tutorial,Bolt,CollectableBolt (150),-405.823162,80.760562,160.050261,,,level4:24142,True,False,,,CollectableBolt (150),SM_Prop_Chest_Wood_01/Bolt Holder/CollectableBolt (150),CollectableBolt,26214,level4,
level4:26215,Autumn tutorial,Bolt,CollectableBolt,-287.709991,37.220001,79.970001,,,,True,True,,,CollectableBolt,CollectableBolt,CollectableBolt,26215,level4,
level4:26216,Autumn tutorial,Bolt,CollectableBolt (149),-406.318653,80.760562,159.581091,,,level4:24142,True,False,,,CollectableBolt (149),SM_Prop_Chest_Wood_01/Bolt Holder/CollectableBolt (149),CollectableBolt,26216,level4,
level4:26217,Autumn tutorial,Bolt,CollectableBolt (2),-403.179993,52.459999,32.93,,,,True,True,,,CollectableBolt (2),CollectableBolt (2),CollectableBolt,26217,level4,
level4:26218,Autumn tutorial,Bolt,CollectableBolt (3),-305.089996,50.93,129.289993,,,,True,True,,,CollectableBolt (3),CollectableBolt (3),CollectableBolt,26218,level4,
level4:26482,Autumn tutorial,NPC,Tony,-302.188614,50.097555,77.971869,,,,True,True,,,AssertiveFrog1(CombinedHolder),Tutorial Environment/AssertiveFrog1(CombinedHolder),NpcBase,26482,level4,
level4:26483,Autumn tutorial,NPC,Tony,-495.149994,88.042553,103.599998,,,,True,True,,,AssertiveFrog2,Tutorial Environment/AssertiveFrog2,NpcBase,26483,level4,
level4:26486,Autumn tutorial,NPC,Jeff,-403.659622,109.036556,97.809868,,,,True,True,,,TutorialFrog2,Tutorial Environment/TutorialFrog2,NpcBase,26486,level4,
level4:26609,Autumn tutorial,Suitcase,suitcase-big,-277.059998,36.730999,51.919998,,,,True,True,,,suitcase-big,suitcase-big,SuitcaseOpenScript,26609,level4,
level4:26759,Autumn tutorial,Mushroom,CollectableMushroom_30 (1),-274.852338,12.444568,55.875923,,,,False,False,,,CollectableMushroom_30 (1),Jar Holder (1)/Reward/CollectableMushroom_30 (1),CollectableMushroom,26759,level4,
level4:26760,Autumn tutorial,Mushroom,CollectableMushroom_30 (1),-451.431493,59.93757,39.875014,,,,False,False,,,CollectableMushroom_30 (1),Jar Holder/Reward/CollectableMushroom_30 (1),CollectableMushroom,26760,level4,
level4:27546,Autumn tutorial,NPC,James,-402.468994,51.289001,38.661999,,,,True,True,,,Camper1,Tutorial Environment/Camper1,NpcBase,27546,level4,
level4:27871,Autumn tutorial,Shrine,Reactive Jar,-451.200012,58.240002,39.900002,,,,True,True,,,Reactive Jar,Jar Holder/Reactive Jar,InteractableShrine,27871,level4,
level4:27872,Autumn tutorial,Shrine,Reactive Jar,-274.651001,10.747,55.758999,,,,True,True,,,Reactive Jar,Jar Holder (1)/Reactive Jar,InteractableShrine,27872,level4,
level4:29446,Autumn tutorial,NPC,Rose,-446.598633,58.160553,41.078869,,,,True,True,,,Camper2,Tutorial Environment/Camper2,NpcBase,29446,level4,
level4:29450,Autumn tutorial,NPC,Cristian,-470.893738,56.957554,89.8358,,,,True,True,,,WallRepair,Tutorial Environment/Repair Frog/WallRepair,NpcBase,29450,level4,
level4:29696,Autumn tutorial,Mushroom,CollectableMushroom (3),-289.559998,38.48,93.099998,,,,True,True,,,CollectableMushroom (3),CollectableMushroom (3),CollectableMushroom,29696,level4,
level4:29697,Autumn tutorial,Mushroom,CollectableMushroom (4),-408.619995,95.339996,106.730003,,,,True,True,,,CollectableMushroom (4),CollectableMushroom (4),CollectableMushroom,29697,level4,
level4:29698,Autumn tutorial,Mushroom,CollectableMushroom (9),-411.269012,62.435001,152.195007,,,,False,False,,,CollectableMushroom (9),Environment/Collectables/CollectableMushroom (9),CollectableMushroom,29698,level4,
level4:29699,Autumn tutorial,Mushroom,CollectableMushroom (8),-405.338837,51.258156,35.564808,,,,False,False,,,CollectableMushroom (8),Environment/Collectables/CollectableMushroom (8),CollectableMushroom,29699,level4,
level4:29700,Autumn tutorial,Mushroom,CollectableMushroom (1),-431.619995,69.199997,131.029999,,,,True,True,,,CollectableMushroom (1),CollectableMushroom (1),CollectableMushroom,29700,level4,
level4:29701,Autumn tutorial,Mushroom,CollectableMushroom,-264.720001,10.74,54.98,,,,True,True,,,CollectableMushroom,CollectableMushroom,CollectableMushroom,29701,level4,
level4:29702,Autumn tutorial,Mushroom,CollectableMushroom (2),-284.782013,14.17,103.139,,,,True,True,,,CollectableMushroom (2),CollectableMushroom (2),CollectableMushroom,29702,level4,
level13:27367,Winter tutorial,Bolt,CollectableBolt,-288.528961,48.625172,96.824104,,,,True,True,,,CollectableBolt,CollectableBolt,CollectableBolt,27367,level13,
level13:27368,Winter tutorial,Bolt,CollectableBolt (2),-404.224457,63.247002,154.707993,,,,True,True,,,CollectableBolt (2),CollectableBolt (2),CollectableBolt,27368,level13,
level13:27369,Winter tutorial,Bolt,CollectableBolt (1),-274.911987,37.1987,46.965,,,,True,True,,,CollectableBolt (1),CollectableBolt (1),CollectableBolt,27369,level13,
level13:27658,Winter tutorial,NPC,Tony,-301.218616,49.987555,78.051868,,,,True,True,,,AssertiveFrog1,Tutorial Environment/AssertiveFrog1,NpcBase,27658,level13,
level13:27659,Winter tutorial,NPC,Tony,-495.149994,88.042553,103.599998,,,,True,True,,,AssertiveFrog2,Tutorial Environment/AssertiveFrog2,NpcBase,27659,level13,
level13:31323,Winter tutorial,Mushroom,CollectableMushroom (1),-305.327515,66.080002,88.670372,,,,True,True,,,CollectableMushroom (1),CollectableMushroom (1),CollectableMushroom,31323,level13,
level13:31324,Winter tutorial,Mushroom,CollectableMushroom (9),-411.269012,62.435001,152.195007,,,,False,False,,,CollectableMushroom (9),Environment/Collectables/CollectableMushroom (9),CollectableMushroom,31324,level13,
level13:31325,Winter tutorial,Mushroom,CollectableMushroom (8),-405.338837,51.258156,35.564808,,,,False,False,,,CollectableMushroom (8),Environment/Collectables/CollectableMushroom (8),CollectableMushroom,31325,level13,
level13:31326,Winter tutorial,Mushroom,CollectableMushroom (4),-396.471863,71.043999,124.450073,,,,True,True,,,CollectableMushroom (4),CollectableMushroom (4),CollectableMushroom,31326,level13,
level13:31327,Winter tutorial,Mushroom,CollectableMushroom (3),-401.51001,52.148998,39.49144,,,,True,True,,,CollectableMushroom (3),CollectableMushroom (3),CollectableMushroom,31327,level13,
level13:31328,Winter tutorial,Mushroom,CollectableMushroom,-284.945007,14.581,103.563141,,,,True,True,,,CollectableMushroom,CollectableMushroom,CollectableMushroom,31328,level13,
level13:31329,Winter tutorial,Mushroom,CollectableMushroom (2),-336.946625,49.875999,65.611,,,,True,True,,,CollectableMushroom (2),CollectableMushroom (2),CollectableMushroom,31329,level13,
